timestamp,appointment_type,visa_location,start_date,slots
2026-06-01 13:36:24,KOLKATA,17 Aug 2026,3
2026-06-01 13:36:24,NEW DELHI,13 Jul 2026,5
2026-06-01 13:36:45,KOLKATA,17 Aug 2026,3
2026-06-01 13:36:45,NEW DELHI,13 Jul 2026,5
2026-06-01 13:53:36,Consular,KOLKATA,17 Aug 2026,1
2026-06-01 13:53:36,Consular,NEW DELHI,24 Jul 2026,4
2026-06-01 13:53:57,Consular,KOLKATA,17 Aug 2026,1
2026-06-01 13:53:57,Consular,NEW DELHI,24 Jul 2026,4
2026-06-01 13:54:14,Consular,KOLKATA,17 Aug 2026,1
2026-06-01 13:54:14,Consular,NEW DELHI,24 Jul 2026,4
2026-06-01 13:54:31,Consular,KOLKATA,17 Aug 2026,1
2026-06-01 13:54:31,Consular,NEW DELHI,24 Jul 2026,4
2026-06-01 13:54:50,Consular,KOLKATA,17 Aug 2026,1
2026-06-01 13:54:50,Consular,NEW DELHI,24 Jul 2026,4
2026-06-01 13:55:10,Consular,KOLKATA,17 Aug 2026,1
2026-06-01 13:55:10,Consular,NEW DELHI,24 Jul 2026,4
2026-06-01 14:13:00,Consular,NEW DELHI,01 Oct 2026,2
2026-06-01 14:13:19,Consular,NEW DELHI,24 Jul 2026,1
2026-06-01 14:13:36,Consular,NEW DELHI,24 Jul 2026,1
2026-06-01 14:13:57,Consular,NEW DELHI,24 Jul 2026,1
2026-06-01 14:14:17,Consular,NEW DELHI,24 Jul 2026,1
2026-06-01 14:14:35,Consular,NEW DELHI,24 Jul 2026,1
2026-06-01 14:14:52,Consular,NEW DELHI,24 Jul 2026,1
2026-06-01 14:15:10,Consular,NEW DELHI,24 Jul 2026,1
2026-06-01 14:15:29,Consular,NEW DELHI,24 Jul 2026,4
2026-06-01 14:15:47,Consular,NEW DELHI,24 Jul 2026,4
2026-06-01 14:16:05,Consular,NEW DELHI,24 Jul 2026,4
2026-06-01 14:16:29,Consular,NEW DELHI,24 Jul 2026,4
2026-06-01 14:16:49,Consular,NEW DELHI,24 Jul 2026,4
2026-06-01 14:17:07,Consular,NEW DELHI,24 Jul 2026,4
2026-06-01 14:17:28,Consular,NEW DELHI,24 Jul 2026,4
2026-06-01 14:17:48,Consular,NEW DELHI,24 Jul 2026,4
2026-06-01 14:18:08,Consular,NEW DELHI,24 Jul 2026,4
2026-06-01 14:18:27,Consular,NEW DELHI,24 Jul 2026,4
2026-06-01 14:18:47,Consular,NEW DELHI,24 Jul 2026,4
2026-06-01 14:19:08,Consular,NEW DELHI,24 Jul 2026,4
2026-06-01 14:19:27,Consular,NEW DELHI,24 Jul 2026,4
2026-06-01 14:19:46,Consular,NEW DELHI,24 Jul 2026,4
2026-06-01 14:20:06,Consular,NEW DELHI,24 Jul 2026,4
2026-06-01 14:20:26,Consular,NEW DELHI,24 Jul 2026,4
2026-06-01 14:20:47,Consular,NEW DELHI,24 Jul 2026,4
2026-06-01 14:21:03,Consular,NEW DELHI,24 Jul 2026,4
2026-06-01 14:21:20,Consular,NEW DELHI,24 Jul 2026,4
2026-06-01 14:21:44,Consular,NEW DELHI,24 Jul 2026,4
2026-06-01 14:22:02,Consular,NEW DELHI,24 Jul 2026,4
2026-06-01 14:22:21,Consular,NEW DELHI,24 Jul 2026,4
2026-06-01 14:22:41,Consular,NEW DELHI,24 Jul 2026,4
2026-06-01 14:22:59,Consular,NEW DELHI,24 Jul 2026,4
2026-06-01 14:23:21,Consular,NEW DELHI,24 Jul 2026,4
2026-06-01 14:23:38,Consular,NEW DELHI,24 Jul 2026,4
2026-06-01 14:23:58,Consular,NEW DELHI,24 Jul 2026,4
2026-06-01 14:24:18,Consular,NEW DELHI,24 Jul 2026,4
2026-06-01 14:24:35,Consular,NEW DELHI,24 Jul 2026,4
2026-06-01 14:24:53,Consular,NEW DELHI,24 Jul 2026,4
2026-06-01 14:25:12,Consular,NEW DELHI,24 Jul 2026,4
2026-06-01 14:25:33,Consular,NEW DELHI,24 Jul 2026,4
2026-06-01 14:25:49,Consular,NEW DELHI,24 Jul 2026,4
2026-06-01 14:26:05,Consular,NEW DELHI,24 Jul 2026,4
2026-06-01 14:26:25,Consular,NEW DELHI,24 Jul 2026,4
2026-06-01 14:26:41,Consular,NEW DELHI,24 Jul 2026,4
2026-06-01 14:26:57,Consular,NEW DELHI,24 Jul 2026,4
2026-06-01 14:27:17,Consular,NEW DELHI,24 Jul 2026,4
2026-06-01 14:27:35,Consular,NEW DELHI,24 Jul 2026,4
2026-06-01 14:27:55,Consular,NEW DELHI,24 Jul 2026,4
2026-06-01 14:28:13,Consular,NEW DELHI,24 Jul 2026,4
2026-06-01 14:28:30,Consular,NEW DELHI,24 Jul 2026,4
2026-06-01 14:28:49,Consular,NEW DELHI,24 Jul 2026,4
2026-06-01 14:29:06,Consular,NEW DELHI,24 Jul 2026,4
2026-06-01 14:29:24,Consular,NEW DELHI,24 Jul 2026,4
2026-06-01 14:29:41,Consular,NEW DELHI,24 Jul 2026,4
2026-06-01 14:29:59,Consular,NEW DELHI,24 Jul 2026,4
2026-06-01 14:30:18,Consular,NEW DELHI,24 Jul 2026,4
2026-06-01 14:30:39,OFC,CHENNAI VAC,02 Jun 2026,2
2026-06-01 14:30:39,Consular,NEW DELHI,24 Jul 2026,4
2026-06-01 14:30:58,Consular,NEW DELHI,24 Jul 2026,4
2026-06-01 14:31:19,Consular,NEW DELHI,24 Jul 2026,4
2026-06-01 14:31:37,Consular,MUMBAI,22 Jun 2026,1
2026-06-01 14:31:37,Consular,NEW DELHI,24 Jul 2026,4
2026-06-01 14:31:59,Consular,MUMBAI,22 Jun 2026,1
2026-06-01 14:31:59,Consular,NEW DELHI,24 Jul 2026,4
2026-06-01 14:32:16,Consular,MUMBAI,22 Jun 2026,1
2026-06-01 14:32:16,Consular,NEW DELHI,24 Jul 2026,4
2026-06-01 14:33:04,Consular,MUMBAI,22 Jun 2026,1
2026-06-01 14:33:04,Consular,NEW DELHI,24 Jul 2026,4
2026-06-01 14:33:10,Consular,MUMBAI,22 Jun 2026,1
2026-06-01 14:33:10,Consular,NEW DELHI,24 Jul 2026,4
2026-06-01 14:33:21,Consular,MUMBAI,22 Jun 2026,1
2026-06-01 14:33:21,Consular,NEW DELHI,24 Jul 2026,4
2026-06-01 14:33:27,Consular,MUMBAI,22 Jun 2026,1
2026-06-01 14:33:27,Consular,NEW DELHI,24 Jul 2026,4
2026-06-01 14:33:40,Consular,MUMBAI,22 Jun 2026,1
2026-06-01 14:33:40,Consular,NEW DELHI,24 Jul 2026,4
2026-06-01 14:33:44,Consular,MUMBAI,22 Jun 2026,1
2026-06-01 14:33:44,Consular,NEW DELHI,24 Jul 2026,4
2026-06-01 14:34:01,Consular,MUMBAI,22 Jun 2026,1
2026-06-01 14:34:01,Consular,NEW DELHI,24 Jul 2026,4
2026-06-01 14:34:02,Consular,MUMBAI,22 Jun 2026,1
2026-06-01 14:34:02,Consular,NEW DELHI,24 Jul 2026,4
2026-06-01 14:34:18,Consular,MUMBAI,22 Jun 2026,1
2026-06-01 14:34:18,Consular,NEW DELHI,24 Jul 2026,4
2026-06-01 14:34:20,Consular,MUMBAI,22 Jun 2026,1
2026-06-01 14:34:20,Consular,NEW DELHI,24 Jul 2026,4
2026-06-01 14:34:39,Consular,MUMBAI,22 Jun 2026,1
2026-06-01 14:34:39,Consular,NEW DELHI,24 Jul 2026,4
2026-06-01 14:34:40,Consular,MUMBAI,22 Jun 2026,1
2026-06-01 14:34:40,Consular,NEW DELHI,24 Jul 2026,4
2026-06-01 14:34:57,Consular,MUMBAI,22 Jun 2026,1
2026-06-01 14:34:57,Consular,NEW DELHI,24 Jul 2026,4
2026-06-01 14:35:01,Consular,MUMBAI,22 Jun 2026,1
2026-06-01 14:35:01,Consular,NEW DELHI,24 Jul 2026,4
2026-06-01 14:41:08,Consular,KOLKATA,17 Aug 2026,3
2026-06-01 14:41:08,Consular,NEW DELHI,24 Jul 2026,4
2026-06-01 14:41:29,Consular,KOLKATA,17 Aug 2026,3
2026-06-01 14:41:29,Consular,NEW DELHI,24 Jul 2026,4
2026-06-01 14:41:50,Consular,KOLKATA,17 Aug 2026,3
2026-06-01 14:41:50,Consular,NEW DELHI,24 Jul 2026,4
2026-06-01 14:42:08,Consular,KOLKATA,17 Aug 2026,3
2026-06-01 14:42:08,Consular,NEW DELHI,24 Jul 2026,4
2026-06-01 14:42:24,Consular,KOLKATA,17 Aug 2026,3
2026-06-01 14:42:24,Consular,NEW DELHI,24 Jul 2026,4
2026-06-01 14:42:42,Consular,KOLKATA,17 Aug 2026,3
2026-06-01 14:42:42,Consular,NEW DELHI,24 Jul 2026,4
2026-06-01 14:42:59,Consular,KOLKATA,17 Aug 2026,3
2026-06-01 14:42:59,Consular,NEW DELHI,24 Jul 2026,4
2026-06-01 14:43:18,Consular,KOLKATA,17 Aug 2026,3
2026-06-01 14:43:18,Consular,NEW DELHI,24 Jul 2026,4
2026-06-01 14:43:37,Consular,KOLKATA,17 Aug 2026,3
2026-06-01 14:43:37,Consular,NEW DELHI,24 Jul 2026,4
2026-06-01 14:43:55,Consular,KOLKATA,17 Aug 2026,3
2026-06-01 14:43:55,Consular,NEW DELHI,24 Jul 2026,4
2026-06-01 14:45:52,Consular,KOLKATA,17 Aug 2026,3
2026-06-01 14:45:52,Consular,NEW DELHI,24 Jul 2026,4
2026-06-01 14:46:10,Consular,KOLKATA,17 Aug 2026,3
2026-06-01 14:46:10,Consular,NEW DELHI,24 Jul 2026,4
2026-06-01 14:46:31,Consular,KOLKATA,17 Aug 2026,3
2026-06-01 14:46:31,Consular,NEW DELHI,24 Jul 2026,4
2026-06-01 14:46:50,Consular,KOLKATA,17 Aug 2026,3
2026-06-01 14:46:50,Consular,NEW DELHI,24 Jul 2026,4
2026-06-01 14:47:12,Consular,KOLKATA,17 Aug 2026,3
2026-06-01 14:47:12,Consular,NEW DELHI,24 Jul 2026,4
2026-06-01 14:47:29,Consular,KOLKATA,17 Aug 2026,3
2026-06-01 14:47:29,Consular,NEW DELHI,24 Jul 2026,4
2026-06-01 14:47:51,Consular,KOLKATA,17 Aug 2026,3
2026-06-01 14:47:51,Consular,NEW DELHI,24 Jul 2026,4
2026-06-01 14:48:12,Consular,KOLKATA,17 Aug 2026,3
2026-06-01 14:48:12,Consular,NEW DELHI,24 Jul 2026,4
2026-06-01 14:48:32,Consular,KOLKATA,17 Aug 2026,3
2026-06-01 14:48:32,Consular,NEW DELHI,24 Jul 2026,4
2026-06-01 14:48:49,Consular,KOLKATA,17 Aug 2026,3
2026-06-01 14:48:49,Consular,NEW DELHI,24 Jul 2026,4
2026-06-01 14:49:10,Consular,KOLKATA,17 Aug 2026,3
2026-06-01 14:49:10,Consular,NEW DELHI,24 Jul 2026,4
2026-06-01 14:49:30,Consular,KOLKATA,17 Aug 2026,3
2026-06-01 14:49:30,Consular,NEW DELHI,24 Jul 2026,4
2026-06-01 14:49:49,Consular,KOLKATA,17 Aug 2026,3
2026-06-01 14:49:49,Consular,NEW DELHI,24 Jul 2026,4
2026-06-01 14:50:09,Consular,KOLKATA,17 Aug 2026,3
2026-06-01 14:50:09,Consular,NEW DELHI,24 Jul 2026,4
2026-06-01 14:50:29,Consular,KOLKATA,17 Aug 2026,3
2026-06-01 14:50:46,Consular,KOLKATA,17 Aug 2026,3
2026-06-01 14:51:05,Consular,KOLKATA,17 Aug 2026,3
2026-06-01 14:51:26,Consular,KOLKATA,17 Aug 2026,3
2026-06-01 14:51:43,Consular,KOLKATA,17 Aug 2026,3
2026-06-01 14:52:00,Consular,KOLKATA,17 Aug 2026,3
2026-06-01 14:52:17,Consular,KOLKATA,17 Aug 2026,3
2026-06-01 14:52:35,Consular,KOLKATA,17 Aug 2026,3
2026-06-01 14:52:56,Consular,KOLKATA,17 Aug 2026,3
2026-06-01 14:53:13,Consular,KOLKATA,17 Aug 2026,3
2026-06-01 14:53:32,Consular,KOLKATA,17 Aug 2026,3
2026-06-01 14:53:32,Consular,NEW DELHI,24 Jul 2026,3
2026-06-01 14:53:51,Consular,KOLKATA,17 Aug 2026,3
2026-06-01 14:53:51,Consular,NEW DELHI,24 Jul 2026,3
2026-06-01 14:54:07,Consular,KOLKATA,17 Aug 2026,3
2026-06-01 14:54:07,Consular,NEW DELHI,24 Jul 2026,3
2026-06-01 14:54:26,Consular,KOLKATA,17 Aug 2026,3
2026-06-01 14:54:26,Consular,NEW DELHI,24 Jul 2026,3
2026-06-01 14:54:43,Consular,KOLKATA,17 Aug 2026,3
2026-06-01 14:54:43,Consular,NEW DELHI,24 Jul 2026,3
2026-06-01 14:55:00,Consular,KOLKATA,17 Aug 2026,3
2026-06-01 14:55:00,Consular,NEW DELHI,24 Jul 2026,3
2026-06-01 14:55:18,Consular,KOLKATA,17 Aug 2026,3
2026-06-01 14:55:18,OFC,MUMBAI VAC,02 Jun 2026,19
2026-06-01 14:55:18,Consular,NEW DELHI,24 Jul 2026,3
2026-06-01 14:55:38,Consular,KOLKATA,17 Aug 2026,3
2026-06-01 14:55:38,Consular,NEW DELHI,24 Jul 2026,3
2026-06-01 14:55:54,Consular,KOLKATA,17 Aug 2026,3
2026-06-01 14:55:54,Consular,NEW DELHI,24 Jul 2026,3
2026-06-01 14:56:13,Consular,KOLKATA,17 Aug 2026,3
2026-06-01 14:56:13,OFC,MUMBAI VAC,09 Dec 2026,2
2026-06-01 14:56:13,Consular,NEW DELHI,24 Jul 2026,3
2026-06-01 14:56:13,OFC,NEW DELHI VAC,06 Jan 2027,1
2026-06-01 14:56:31,OFC,HYDERABAD VAC,09 Dec 2026,6
2026-06-01 14:56:31,Consular,KOLKATA,17 Aug 2026,3
2026-06-01 14:56:31,OFC,MUMBAI VAC,09 Dec 2026,2
2026-06-01 14:56:31,Consular,NEW DELHI,24 Jul 2026,3
2026-06-01 14:56:49,OFC,HYDERABAD VAC,09 Dec 2026,6
2026-06-01 14:56:49,Consular,KOLKATA,17 Aug 2026,3
2026-06-01 14:56:49,OFC,MUMBAI VAC,09 Dec 2026,2
2026-06-01 14:56:49,Consular,NEW DELHI,24 Jul 2026,3
2026-06-01 14:56:49,OFC,NEW DELHI VAC,06 Jan 2027,1
2026-06-01 14:57:05,OFC,CHENNAI VAC,08 Jun 2026,13
2026-06-01 14:57:05,OFC,HYDERABAD VAC,09 Dec 2026,6
2026-06-01 14:57:05,Consular,KOLKATA,17 Aug 2026,3
2026-06-01 14:57:05,OFC,MUMBAI VAC,09 Dec 2026,2
2026-06-01 14:57:05,Consular,NEW DELHI,24 Jul 2026,3
2026-06-01 14:57:23,OFC,HYDERABAD VAC,09 Dec 2026,6
2026-06-01 14:57:23,Consular,KOLKATA,17 Aug 2026,3
2026-06-01 14:57:23,OFC,MUMBAI VAC,17 Dec 2026,1
2026-06-01 14:57:23,Consular,NEW DELHI,24 Jul 2026,3
2026-06-01 14:57:23,OFC,NEW DELHI VAC,06 Jan 2027,1
2026-06-01 14:57:40,OFC,HYDERABAD VAC,09 Dec 2026,6
2026-06-01 14:57:40,Consular,KOLKATA,17 Aug 2026,3
2026-06-01 14:57:40,OFC,MUMBAI VAC,17 Dec 2026,1
2026-06-01 14:57:40,Consular,NEW DELHI,24 Jul 2026,3
2026-06-01 14:57:40,OFC,NEW DELHI VAC,06 Jan 2027,1
2026-06-01 14:57:58,OFC,HYDERABAD VAC,09 Dec 2026,6
2026-06-01 14:57:58,Consular,KOLKATA,17 Aug 2026,3
2026-06-01 14:57:58,OFC,MUMBAI VAC,17 Dec 2026,1
2026-06-01 14:57:58,Consular,NEW DELHI,24 Jul 2026,3
2026-06-01 14:57:58,OFC,NEW DELHI VAC,06 Jan 2027,1
2026-06-01 14:58:14,Consular,KOLKATA,17 Aug 2026,3
2026-06-01 14:58:14,OFC,MUMBAI VAC,17 Dec 2026,1
2026-06-01 14:58:14,Consular,NEW DELHI,24 Jul 2026,3
2026-06-01 14:58:14,OFC,NEW DELHI VAC,06 Jan 2027,1
2026-06-01 14:58:31,OFC,HYDERABAD VAC,09 Dec 2026,5
2026-06-01 14:58:31,Consular,KOLKATA,17 Aug 2026,3
2026-06-01 14:58:31,OFC,MUMBAI VAC,17 Dec 2026,1
2026-06-01 14:58:31,Consular,NEW DELHI,24 Jul 2026,3
2026-06-01 14:58:31,OFC,NEW DELHI VAC,06 Jan 2027,1
2026-06-01 14:58:49,OFC,HYDERABAD VAC,09 Dec 2026,5
2026-06-01 14:58:49,Consular,KOLKATA,17 Aug 2026,3
2026-06-01 14:58:49,Consular,NEW DELHI,24 Jul 2026,3
2026-06-01 14:58:49,OFC,NEW DELHI VAC,06 Jan 2027,1
2026-06-01 14:59:06,OFC,HYDERABAD VAC,09 Dec 2026,5
2026-06-01 14:59:06,Consular,KOLKATA,17 Aug 2026,3
2026-06-01 14:59:06,OFC,MUMBAI VAC,09 Dec 2026,2
2026-06-01 14:59:06,Consular,NEW DELHI,24 Jul 2026,3
2026-06-01 14:59:06,OFC,NEW DELHI VAC,06 Jan 2027,1
2026-06-01 14:59:23,OFC,HYDERABAD VAC,09 Dec 2026,5
2026-06-01 14:59:23,Consular,KOLKATA,17 Aug 2026,3
2026-06-01 14:59:23,Consular,NEW DELHI,24 Jul 2026,3
2026-06-01 14:59:23,OFC,NEW DELHI VAC,06 Jan 2027,1
2026-06-01 14:59:42,OFC,HYDERABAD VAC,09 Dec 2026,5
2026-06-01 14:59:42,Consular,KOLKATA,17 Aug 2026,3
2026-06-01 14:59:42,Consular,NEW DELHI,24 Jul 2026,3
2026-06-01 14:59:42,OFC,NEW DELHI VAC,06 Jan 2027,1
2026-06-01 14:59:59,Consular,KOLKATA,17 Aug 2026,3
2026-06-01 14:59:59,Consular,NEW DELHI,24 Jul 2026,3
2026-06-01 14:59:59,OFC,NEW DELHI VAC,06 Jan 2027,1
2026-06-01 15:00:16,Consular,KOLKATA,17 Aug 2026,3
2026-06-01 15:00:16,Consular,NEW DELHI,24 Jul 2026,3
2026-06-01 15:00:16,OFC,NEW DELHI VAC,06 Jan 2027,1
2026-06-01 15:00:34,OFC,CHENNAI VAC,02 Jun 2026,1
2026-06-01 15:00:34,Consular,KOLKATA,17 Aug 2026,3
2026-06-01 15:00:34,Consular,NEW DELHI,24 Jul 2026,3
2026-06-01 15:00:34,OFC,NEW DELHI VAC,06 Jan 2027,1
2026-06-01 15:00:52,OFC,CHENNAI VAC,02 Jun 2026,1
2026-06-01 15:00:52,Consular,HYDERABAD,15 Jun 2026,1
2026-06-01 15:00:52,OFC,HYDERABAD VAC,09 Dec 2026,5
2026-06-01 15:00:52,Consular,KOLKATA,17 Aug 2026,3
2026-06-01 15:00:52,Consular,NEW DELHI,24 Jul 2026,3
2026-06-01 15:00:52,OFC,NEW DELHI VAC,06 Jan 2027,1
2026-06-01 15:01:12,Consular,HYDERABAD,15 Jun 2026,1
2026-06-01 15:01:12,OFC,HYDERABAD VAC,09 Dec 2026,5
2026-06-01 15:01:12,Consular,KOLKATA,17 Aug 2026,3
2026-06-01 15:01:12,Consular,NEW DELHI,24 Jul 2026,3
2026-06-01 15:01:12,OFC,NEW DELHI VAC,06 Jan 2027,1
2026-06-01 15:01:29,Consular,HYDERABAD,15 Jun 2026,1
2026-06-01 15:01:29,OFC,HYDERABAD VAC,09 Dec 2026,5
2026-06-01 15:01:29,Consular,KOLKATA,17 Aug 2026,3
2026-06-01 15:01:29,Consular,NEW DELHI,24 Jul 2026,3
2026-06-01 15:01:29,OFC,NEW DELHI VAC,06 Jan 2027,1
2026-06-01 15:01:47,Consular,HYDERABAD,15 Jun 2026,1
2026-06-01 15:01:47,OFC,HYDERABAD VAC,09 Dec 2026,5
2026-06-01 15:01:47,Consular,KOLKATA,17 Aug 2026,3
2026-06-01 15:01:47,Consular,NEW DELHI,24 Jul 2026,3
2026-06-01 15:01:47,OFC,NEW DELHI VAC,06 Jan 2027,1
2026-06-01 15:02:04,Consular,HYDERABAD,15 Jun 2026,1
2026-06-01 15:02:04,OFC,HYDERABAD VAC,09 Dec 2026,5
2026-06-01 15:02:04,Consular,KOLKATA,17 Aug 2026,3
2026-06-01 15:02:04,Consular,NEW DELHI,24 Jul 2026,3
2026-06-01 15:02:20,Consular,HYDERABAD,15 Jun 2026,1
2026-06-01 15:02:20,OFC,HYDERABAD VAC,11 Dec 2026,4
2026-06-01 15:02:20,Consular,KOLKATA,17 Aug 2026,3
2026-06-01 15:02:20,Consular,NEW DELHI,24 Jul 2026,3
2026-06-01 15:02:40,Consular,HYDERABAD,15 Jun 2026,1
2026-06-01 15:02:40,OFC,HYDERABAD VAC,11 Dec 2026,4
2026-06-01 15:02:40,Consular,KOLKATA,17 Aug 2026,3
2026-06-01 15:02:40,Consular,NEW DELHI,24 Jul 2026,3
2026-06-01 15:02:40,OFC,NEW DELHI VAC,06 Jan 2027,1
2026-06-01 15:02:59,Consular,HYDERABAD,15 Jun 2026,1
2026-06-01 15:02:59,OFC,HYDERABAD VAC,11 Dec 2026,4
2026-06-01 15:02:59,Consular,KOLKATA,17 Aug 2026,3
2026-06-01 15:02:59,Consular,NEW DELHI,24 Jul 2026,3
2026-06-01 15:03:16,Consular,HYDERABAD,15 Jun 2026,1
2026-06-01 15:03:16,Consular,KOLKATA,17 Aug 2026,3
2026-06-01 15:03:16,Consular,NEW DELHI,24 Jul 2026,3
2026-06-01 15:03:33,OFC,HYDERABAD VAC,14 Dec 2026,3
2026-06-01 15:03:33,Consular,KOLKATA,17 Aug 2026,3
2026-06-01 15:03:33,Consular,NEW DELHI,24 Jul 2026,3
2026-06-01 15:03:50,Consular,KOLKATA,17 Aug 2026,3
2026-06-01 15:03:50,Consular,NEW DELHI,24 Jul 2026,3
2026-06-01 15:04:07,Consular,KOLKATA,17 Aug 2026,3
2026-06-01 15:04:07,Consular,NEW DELHI,24 Jul 2026,3
2026-06-01 15:04:24,Consular,KOLKATA,17 Aug 2026,3
2026-06-01 15:04:42,Consular,KOLKATA,17 Aug 2026,3
2026-06-01 15:05:02,Consular,KOLKATA,17 Aug 2026,3
2026-06-01 15:05:02,Consular,MUMBAI,25 Jun 2026,1
2026-06-01 15:05:24,Consular,KOLKATA,17 Aug 2026,3
2026-06-01 15:05:40,Consular,KOLKATA,17 Aug 2026,3
2026-06-01 15:08:47,Consular,NEW DELHI,24 Jul 2026,2
2026-06-01 15:09:03,Consular,NEW DELHI,24 Jul 2026,2
2026-06-01 15:09:21,Consular,NEW DELHI,24 Jul 2026,2
2026-06-01 15:09:38,Consular,NEW DELHI,24 Jul 2026,2
2026-06-01 15:09:54,Consular,NEW DELHI,24 Jul 2026,2
2026-06-01 15:10:14,Consular,NEW DELHI,24 Jul 2026,2
2026-06-01 15:10:34,Consular,NEW DELHI,24 Jul 2026,2
2026-06-01 15:10:51,Consular,NEW DELHI,24 Jul 2026,2
2026-06-01 15:11:09,Consular,NEW DELHI,24 Jul 2026,3
2026-06-01 15:11:30,Consular,NEW DELHI,24 Jul 2026,3
2026-06-01 15:11:47,OFC,MUMBAI VAC,02 Jun 2026,19
2026-06-01 15:11:47,Consular,NEW DELHI,24 Jul 2026,3
2026-06-01 15:12:06,Consular,NEW DELHI,24 Jul 2026,3
2026-06-01 15:12:27,OFC,MUMBAI VAC,02 Jun 2026,19
2026-06-01 15:12:27,Consular,NEW DELHI,24 Jul 2026,3
2026-06-01 15:12:43,Consular,NEW DELHI,24 Jul 2026,3
2026-06-01 15:13:01,Consular,NEW DELHI,24 Jul 2026,3
2026-06-01 15:13:17,Consular,NEW DELHI,24 Jul 2026,3
2026-06-01 15:13:33,Consular,NEW DELHI,24 Jul 2026,3
2026-06-01 15:13:54,Consular,NEW DELHI,24 Jul 2026,3
2026-06-01 15:14:12,Consular,NEW DELHI,24 Jul 2026,3
2026-06-01 15:14:31,Consular,NEW DELHI,24 Jul 2026,3
2026-06-01 15:14:47,Consular,NEW DELHI,24 Jul 2026,3
2026-06-01 15:15:07,Consular,NEW DELHI,24 Jul 2026,3
2026-06-01 15:15:25,Consular,NEW DELHI,24 Jul 2026,3
2026-06-01 15:15:45,Consular,NEW DELHI,24 Jul 2026,3
2026-06-01 15:16:05,Consular,NEW DELHI,24 Jul 2026,3
2026-06-01 15:16:23,Consular,NEW DELHI,24 Jul 2026,3
2026-06-01 15:16:43,Consular,NEW DELHI,24 Jul 2026,3
2026-06-01 15:17:00,Consular,NEW DELHI,24 Jul 2026,3
2026-06-01 15:17:20,Consular,NEW DELHI,24 Jul 2026,3
2026-06-01 15:17:36,Consular,NEW DELHI,24 Jul 2026,3
2026-06-01 15:17:55,Consular,NEW DELHI,24 Jul 2026,3
2026-06-01 15:18:14,Consular,NEW DELHI,24 Jul 2026,3
2026-06-01 15:18:32,Consular,NEW DELHI,24 Jul 2026,3
2026-06-01 15:18:51,Consular,NEW DELHI,24 Jul 2026,3
2026-06-01 15:30:21,Consular,HYDERABAD,17 Jul 2026,1
2026-06-01 15:30:37,Consular,NEW DELHI,24 Jul 2026,2
2026-06-01 15:30:56,Consular,NEW DELHI,24 Jul 2026,2
2026-06-01 15:31:13,Consular,NEW DELHI,24 Jul 2026,2
2026-06-01 15:31:33,Consular,NEW DELHI,24 Jul 2026,2
2026-06-01 15:31:51,Consular,NEW DELHI,24 Jul 2026,2
2026-06-01 15:32:10,Consular,NEW DELHI,24 Jul 2026,2
2026-06-01 15:32:31,Consular,NEW DELHI,24 Jul 2026,2
2026-06-01 15:32:47,Consular,NEW DELHI,24 Jul 2026,2
2026-06-01 15:33:04,Consular,NEW DELHI,24 Jul 2026,2
2026-06-01 15:33:24,Consular,NEW DELHI,24 Jul 2026,2
2026-06-01 15:33:43,Consular,NEW DELHI,24 Jul 2026,2
2026-06-01 15:34:04,Consular,NEW DELHI,24 Jul 2026,2
2026-06-01 15:34:20,Consular,NEW DELHI,24 Jul 2026,2
2026-06-01 15:34:39,Consular,NEW DELHI,24 Jul 2026,2
2026-06-01 15:34:55,Consular,NEW DELHI,24 Jul 2026,2
2026-06-01 15:35:16,Consular,NEW DELHI,24 Jul 2026,2
2026-06-01 15:35:34,Consular,NEW DELHI,24 Jul 2026,2
2026-06-01 15:35:51,Consular,NEW DELHI,24 Jul 2026,2
2026-06-01 15:36:10,Consular,NEW DELHI,24 Jul 2026,2
2026-06-01 15:36:31,Consular,NEW DELHI,24 Jul 2026,2
2026-06-01 15:36:51,Consular,NEW DELHI,24 Jul 2026,2
2026-06-01 15:37:08,Consular,NEW DELHI,24 Jul 2026,2
2026-06-01 15:37:27,Consular,NEW DELHI,24 Jul 2026,2
2026-06-01 15:37:49,Consular,NEW DELHI,24 Jul 2026,2
2026-06-01 15:38:06,Consular,NEW DELHI,24 Jul 2026,2
2026-06-01 15:38:25,Consular,NEW DELHI,24 Jul 2026,2
2026-06-01 15:38:46,Consular,NEW DELHI,24 Jul 2026,2
2026-06-01 15:39:06,Consular,NEW DELHI,24 Jul 2026,2
2026-06-01 15:39:22,Consular,NEW DELHI,24 Jul 2026,2
2026-06-01 15:39:42,Consular,NEW DELHI,24 Jul 2026,2
2026-06-01 15:39:58,Consular,NEW DELHI,24 Jul 2026,2
2026-06-01 15:40:14,Consular,NEW DELHI,24 Jul 2026,2
2026-06-01 15:40:31,Consular,NEW DELHI,24 Jul 2026,2
2026-06-01 15:40:51,Consular,NEW DELHI,24 Jul 2026,2
2026-06-01 15:41:11,Consular,NEW DELHI,24 Jul 2026,2
2026-06-01 15:41:28,Consular,NEW DELHI,24 Jul 2026,2
2026-06-01 15:41:46,Consular,NEW DELHI,24 Jul 2026,2
2026-06-01 15:42:03,Consular,NEW DELHI,24 Jul 2026,2
2026-06-01 15:42:21,Consular,NEW DELHI,24 Jul 2026,2
2026-06-01 15:42:38,Consular,NEW DELHI,24 Jul 2026,2
2026-06-01 15:42:56,Consular,NEW DELHI,24 Jul 2026,2
2026-06-01 15:43:14,Consular,NEW DELHI,24 Jul 2026,2
2026-06-01 15:43:34,Consular,NEW DELHI,24 Jul 2026,2
2026-06-01 15:43:50,Consular,NEW DELHI,24 Jul 2026,2
2026-06-01 15:44:08,Consular,NEW DELHI,24 Jul 2026,2
2026-06-01 15:44:23,Consular,NEW DELHI,24 Jul 2026,2
2026-06-01 15:44:40,Consular,NEW DELHI,24 Jul 2026,2
2026-06-01 15:44:57,Consular,NEW DELHI,24 Jul 2026,2
2026-06-01 15:45:15,Consular,NEW DELHI,24 Jul 2026,2
2026-06-01 15:45:32,Consular,NEW DELHI,24 Jul 2026,2
2026-06-01 15:45:51,Consular,NEW DELHI,24 Jul 2026,2
2026-06-01 15:46:11,Consular,NEW DELHI,24 Jul 2026,2
2026-06-01 15:46:30,Consular,NEW DELHI,24 Jul 2026,2
2026-06-01 15:46:46,Consular,NEW DELHI,24 Jul 2026,2
2026-06-01 15:47:06,Consular,NEW DELHI,24 Jul 2026,2
2026-06-01 15:47:26,Consular,NEW DELHI,24 Jul 2026,2
2026-06-01 15:47:42,Consular,NEW DELHI,24 Jul 2026,2
2026-06-01 15:47:58,Consular,NEW DELHI,24 Jul 2026,2
2026-06-01 15:48:18,Consular,NEW DELHI,24 Jul 2026,2
2026-06-01 15:48:38,Consular,NEW DELHI,24 Jul 2026,2
2026-06-01 15:48:58,Consular,NEW DELHI,24 Jul 2026,2
2026-06-01 15:49:15,Consular,NEW DELHI,24 Jul 2026,2
2026-06-01 15:49:34,Consular,NEW DELHI,24 Jul 2026,2
2026-06-01 15:49:50,Consular,NEW DELHI,24 Jul 2026,2
2026-06-01 15:50:09,Consular,NEW DELHI,24 Jul 2026,2
2026-06-01 15:50:29,Consular,NEW DELHI,24 Jul 2026,2
2026-06-01 15:50:47,Consular,NEW DELHI,24 Jul 2026,2
2026-06-01 15:51:02,Consular,NEW DELHI,24 Jul 2026,2
2026-06-01 15:51:20,Consular,NEW DELHI,24 Jul 2026,2
2026-06-01 15:51:38,Consular,NEW DELHI,24 Jul 2026,2
2026-06-01 15:51:56,Consular,NEW DELHI,24 Jul 2026,2
2026-06-01 15:52:17,Consular,NEW DELHI,24 Jul 2026,2
2026-06-01 15:52:33,Consular,NEW DELHI,24 Jul 2026,2
2026-06-01 15:52:52,Consular,NEW DELHI,24 Jul 2026,2
2026-06-01 15:53:10,Consular,NEW DELHI,24 Jul 2026,2
2026-06-01 15:53:27,Consular,NEW DELHI,24 Jul 2026,2
2026-06-01 15:53:48,Consular,NEW DELHI,24 Jul 2026,2
2026-06-01 15:54:07,Consular,NEW DELHI,24 Jul 2026,2
2026-06-01 15:54:26,Consular,NEW DELHI,24 Jul 2026,2
2026-06-01 15:54:46,Consular,NEW DELHI,24 Jul 2026,2
2026-06-01 15:55:05,Consular,NEW DELHI,24 Jul 2026,2
2026-06-01 15:55:25,Consular,NEW DELHI,24 Jul 2026,2
2026-06-01 15:55:43,Consular,NEW DELHI,24 Jul 2026,2
2026-06-01 15:56:00,Consular,NEW DELHI,24 Jul 2026,2
2026-06-01 15:56:18,Consular,NEW DELHI,24 Jul 2026,2
2026-06-01 15:56:39,Consular,NEW DELHI,24 Jul 2026,2
2026-06-01 15:56:58,Consular,NEW DELHI,24 Jul 2026,2
2026-06-01 15:57:15,Consular,NEW DELHI,24 Jul 2026,2
2026-06-01 15:57:33,Consular,NEW DELHI,24 Jul 2026,2
2026-06-01 15:57:54,Consular,NEW DELHI,24 Jul 2026,2
2026-06-01 15:58:13,Consular,NEW DELHI,24 Jul 2026,2
2026-06-01 15:58:30,Consular,NEW DELHI,24 Jul 2026,2
2026-06-01 15:58:50,Consular,NEW DELHI,24 Jul 2026,2
2026-06-01 15:59:08,Consular,NEW DELHI,24 Jul 2026,2
2026-06-01 15:59:25,Consular,NEW DELHI,24 Jul 2026,2
2026-06-01 15:59:44,Consular,NEW DELHI,24 Jul 2026,2
2026-06-01 16:00:01,Consular,NEW DELHI,24 Jul 2026,2
2026-06-01 16:00:18,Consular,NEW DELHI,24 Jul 2026,2
2026-06-01 16:00:34,Consular,MUMBAI,10 Jun 2026,1
2026-06-01 16:00:34,Consular,NEW DELHI,24 Jul 2026,2
2026-06-01 16:00:50,OFC,CHENNAI VAC,02 Jun 2026,3
2026-06-01 16:00:50,Consular,MUMBAI,10 Jun 2026,1
2026-06-01 16:00:50,Consular,NEW DELHI,24 Jul 2026,2
2026-06-01 16:01:10,Consular,MUMBAI,10 Jun 2026,1
2026-06-01 16:01:10,Consular,NEW DELHI,24 Jul 2026,2
2026-06-01 16:01:29,Consular,MUMBAI,10 Jun 2026,1
2026-06-01 16:01:29,Consular,NEW DELHI,24 Jul 2026,2
2026-06-01 16:01:49,Consular,MUMBAI,10 Jun 2026,1
2026-06-01 16:01:49,Consular,NEW DELHI,24 Jul 2026,2
2026-06-01 16:02:08,Consular,MUMBAI,10 Jun 2026,1
2026-06-01 16:02:08,Consular,NEW DELHI,24 Jul 2026,2
2026-06-01 16:02:27,Consular,MUMBAI,10 Jun 2026,1
2026-06-01 16:02:27,Consular,NEW DELHI,24 Jul 2026,2
2026-06-01 16:02:47,Consular,MUMBAI,10 Jun 2026,1
2026-06-01 16:02:47,Consular,NEW DELHI,24 Jul 2026,2
2026-06-01 16:03:04,Consular,MUMBAI,10 Jun 2026,1
2026-06-01 16:03:04,Consular,NEW DELHI,24 Jul 2026,2
2026-06-01 16:03:23,Consular,MUMBAI,10 Jun 2026,1
2026-06-01 16:03:23,Consular,NEW DELHI,24 Jul 2026,2
2026-06-01 16:03:44,Consular,MUMBAI,10 Jun 2026,1
2026-06-01 16:03:44,Consular,NEW DELHI,24 Jul 2026,2
2026-06-01 16:04:00,Consular,HYDERABAD,14 Jul 2026,1
2026-06-01 16:04:00,Consular,MUMBAI,10 Jun 2026,1
2026-06-01 16:04:00,Consular,NEW DELHI,24 Jul 2026,2
2026-06-01 16:04:16,Consular,HYDERABAD,14 Jul 2026,1
2026-06-01 16:04:16,Consular,MUMBAI,10 Jun 2026,1
2026-06-01 16:04:16,Consular,NEW DELHI,24 Jul 2026,2
2026-06-01 16:04:36,Consular,HYDERABAD,14 Jul 2026,1
2026-06-01 16:04:36,Consular,MUMBAI,10 Jun 2026,1
2026-06-01 16:04:36,Consular,NEW DELHI,24 Jul 2026,2
2026-06-01 16:04:56,Consular,HYDERABAD,14 Jul 2026,1
2026-06-01 16:04:56,Consular,MUMBAI,10 Jun 2026,1
2026-06-01 16:04:56,Consular,NEW DELHI,24 Jul 2026,2
2026-06-01 16:05:16,Consular,CHENNAI,07 Aug 2026,1
2026-06-01 16:05:16,Consular,HYDERABAD,14 Jul 2026,1
2026-06-01 16:05:16,Consular,MUMBAI,10 Jun 2026,1
2026-06-01 16:05:16,Consular,NEW DELHI,24 Jul 2026,2
2026-06-01 16:05:34,Consular,CHENNAI,07 Aug 2026,1
2026-06-01 16:05:34,Consular,HYDERABAD,14 Jul 2026,1
2026-06-01 16:05:34,Consular,MUMBAI,10 Jun 2026,1
2026-06-01 16:05:34,Consular,NEW DELHI,24 Jul 2026,2
2026-06-01 16:05:54,Consular,CHENNAI,07 Aug 2026,1
2026-06-01 16:05:54,Consular,HYDERABAD,14 Jul 2026,1
2026-06-01 16:05:54,Consular,MUMBAI,10 Jun 2026,1
2026-06-01 16:05:54,Consular,NEW DELHI,24 Jul 2026,3
2026-06-01 16:06:12,Consular,CHENNAI,07 Aug 2026,1
2026-06-01 16:06:12,Consular,HYDERABAD,14 Jul 2026,1
2026-06-01 16:06:12,Consular,NEW DELHI,24 Jul 2026,3
2026-06-01 16:06:28,Consular,CHENNAI,07 Aug 2026,1
2026-06-01 16:06:28,Consular,HYDERABAD,14 Jul 2026,1
2026-06-01 16:06:28,Consular,NEW DELHI,24 Jul 2026,3
2026-06-01 16:06:46,Consular,HYDERABAD,14 Jul 2026,1
2026-06-01 16:06:46,Consular,KOLKATA,17 Aug 2026,3
2026-06-01 16:06:46,Consular,NEW DELHI,24 Jul 2026,3
2026-06-01 16:07:04,Consular,CHENNAI,07 Aug 2026,1
2026-06-01 16:07:04,Consular,HYDERABAD,14 Jul 2026,1
2026-06-01 16:07:04,Consular,KOLKATA,17 Aug 2026,3
2026-06-01 16:07:04,Consular,NEW DELHI,24 Jul 2026,3
2026-06-01 16:07:23,Consular,CHENNAI,07 Aug 2026,1
2026-06-01 16:07:23,Consular,HYDERABAD,14 Jul 2026,1
2026-06-01 16:07:23,Consular,KOLKATA,17 Aug 2026,3
2026-06-01 16:07:23,Consular,NEW DELHI,24 Jul 2026,3
2026-06-01 16:07:43,Consular,CHENNAI,07 Aug 2026,1
2026-06-01 16:07:43,Consular,HYDERABAD,14 Jul 2026,1
2026-06-01 16:07:43,Consular,KOLKATA,17 Aug 2026,3
2026-06-01 16:07:43,Consular,NEW DELHI,24 Jul 2026,3
2026-06-01 16:07:59,Consular,CHENNAI,07 Aug 2026,1
2026-06-01 16:07:59,Consular,HYDERABAD,14 Jul 2026,1
2026-06-01 16:07:59,Consular,KOLKATA,17 Aug 2026,3
2026-06-01 16:07:59,Consular,NEW DELHI,24 Jul 2026,3
2026-06-01 16:08:16,Consular,CHENNAI,07 Aug 2026,1
2026-06-01 16:08:16,Consular,HYDERABAD,14 Jul 2026,1
2026-06-01 16:08:16,Consular,KOLKATA,17 Aug 2026,3
2026-06-01 16:08:16,Consular,NEW DELHI,24 Jul 2026,3
2026-06-01 16:08:36,Consular,CHENNAI,07 Aug 2026,1
2026-06-01 16:08:36,Consular,HYDERABAD,14 Jul 2026,1
2026-06-01 16:08:36,Consular,KOLKATA,17 Aug 2026,3
2026-06-01 16:08:36,Consular,NEW DELHI,24 Jul 2026,3
2026-06-01 16:08:55,Consular,CHENNAI,07 Aug 2026,1
2026-06-01 16:08:55,Consular,HYDERABAD,14 Jul 2026,1
2026-06-01 16:08:55,Consular,KOLKATA,17 Aug 2026,3
2026-06-01 16:08:55,Consular,NEW DELHI,24 Jul 2026,3
2026-06-01 16:09:13,Consular,CHENNAI,07 Aug 2026,1
2026-06-01 16:09:13,Consular,HYDERABAD,14 Jul 2026,1
2026-06-01 16:09:13,Consular,KOLKATA,17 Aug 2026,3
2026-06-01 16:09:13,Consular,NEW DELHI,24 Jul 2026,3
2026-06-01 16:09:32,Consular,CHENNAI,07 Aug 2026,1
2026-06-01 16:09:32,Consular,HYDERABAD,14 Jul 2026,1
2026-06-01 16:09:32,Consular,KOLKATA,17 Aug 2026,3
2026-06-01 16:09:32,Consular,NEW DELHI,24 Jul 2026,3
2026-06-01 16:09:53,Consular,CHENNAI,07 Aug 2026,1
2026-06-01 16:09:53,Consular,HYDERABAD,14 Jul 2026,1
2026-06-01 16:09:53,Consular,KOLKATA,17 Aug 2026,3
2026-06-01 16:09:53,Consular,NEW DELHI,24 Jul 2026,3
2026-06-01 16:10:10,Consular,CHENNAI,07 Aug 2026,1
2026-06-01 16:10:10,Consular,KOLKATA,17 Aug 2026,3
2026-06-01 16:10:10,Consular,NEW DELHI,24 Jul 2026,3
2026-06-01 16:10:30,Consular,CHENNAI,07 Aug 2026,1
2026-06-01 16:10:30,Consular,KOLKATA,17 Aug 2026,3
2026-06-01 16:10:30,Consular,NEW DELHI,24 Jul 2026,3
2026-06-01 16:10:46,Consular,CHENNAI,07 Aug 2026,1
2026-06-01 16:10:46,Consular,KOLKATA,17 Aug 2026,3
2026-06-01 16:10:46,Consular,NEW DELHI,24 Jul 2026,3
2026-06-01 16:11:05,Consular,CHENNAI,07 Aug 2026,1
2026-06-01 16:11:05,Consular,KOLKATA,17 Aug 2026,3
2026-06-01 16:11:05,Consular,NEW DELHI,24 Jul 2026,3
2026-06-01 16:11:22,Consular,CHENNAI,07 Aug 2026,1
2026-06-01 16:11:22,Consular,KOLKATA,17 Aug 2026,3
2026-06-01 16:11:22,Consular,NEW DELHI,24 Jul 2026,3
2026-06-01 16:11:37,Consular,CHENNAI,07 Aug 2026,1
2026-06-01 16:11:37,Consular,KOLKATA,17 Aug 2026,3
2026-06-01 16:11:37,Consular,NEW DELHI,24 Jul 2026,3
2026-06-01 16:11:58,Consular,CHENNAI,07 Aug 2026,1
2026-06-01 16:11:58,Consular,KOLKATA,17 Aug 2026,3
2026-06-01 16:11:58,Consular,NEW DELHI,24 Jul 2026,3
2026-06-01 16:12:16,Consular,CHENNAI,07 Aug 2026,1
2026-06-01 16:12:16,Consular,KOLKATA,17 Aug 2026,3
2026-06-01 16:12:16,Consular,NEW DELHI,24 Jul 2026,3
2026-06-01 16:12:32,Consular,CHENNAI,07 Aug 2026,1
2026-06-01 16:12:32,Consular,KOLKATA,17 Aug 2026,3
2026-06-01 16:12:32,Consular,NEW DELHI,24 Jul 2026,3
2026-06-01 16:12:50,Consular,CHENNAI,07 Aug 2026,1
2026-06-01 16:12:50,Consular,KOLKATA,17 Aug 2026,3
2026-06-01 16:12:50,Consular,NEW DELHI,24 Jul 2026,3
2026-06-01 16:13:08,Consular,CHENNAI,07 Aug 2026,1
2026-06-01 16:13:08,Consular,KOLKATA,17 Aug 2026,3
2026-06-01 16:13:08,Consular,NEW DELHI,24 Jul 2026,3
2026-06-01 16:13:25,Consular,CHENNAI,07 Aug 2026,1
2026-06-01 16:13:25,Consular,KOLKATA,17 Aug 2026,3
2026-06-01 16:13:25,Consular,NEW DELHI,24 Jul 2026,3
2026-06-01 16:13:45,Consular,CHENNAI,07 Aug 2026,1
2026-06-01 16:13:45,Consular,KOLKATA,17 Aug 2026,3
2026-06-01 16:13:45,Consular,NEW DELHI,24 Jul 2026,3
2026-06-01 16:14:03,Consular,CHENNAI,07 Aug 2026,1
2026-06-01 16:14:03,Consular,KOLKATA,17 Aug 2026,3
2026-06-01 16:14:03,Consular,NEW DELHI,24 Jul 2026,3
2026-06-01 16:14:22,Consular,CHENNAI,07 Aug 2026,1
2026-06-01 16:14:22,Consular,KOLKATA,17 Aug 2026,3
2026-06-01 16:14:22,Consular,NEW DELHI,24 Jul 2026,3
2026-06-01 16:14:39,Consular,CHENNAI,07 Aug 2026,1
2026-06-01 16:14:39,Consular,KOLKATA,17 Aug 2026,3
2026-06-01 16:14:39,Consular,NEW DELHI,24 Jul 2026,3
2026-06-01 16:14:56,Consular,CHENNAI,07 Aug 2026,1
2026-06-01 16:14:56,Consular,KOLKATA,17 Aug 2026,3
2026-06-01 16:14:56,Consular,NEW DELHI,24 Jul 2026,3
2026-06-01 16:15:16,Consular,CHENNAI,07 Aug 2026,1
2026-06-01 16:15:16,Consular,KOLKATA,17 Aug 2026,3
2026-06-01 16:15:16,Consular,NEW DELHI,24 Jul 2026,3
2026-06-01 16:15:32,Consular,CHENNAI,07 Aug 2026,1
2026-06-01 16:15:32,Consular,KOLKATA,17 Aug 2026,3
2026-06-01 16:15:32,Consular,NEW DELHI,24 Jul 2026,3
2026-06-01 16:15:52,Consular,CHENNAI,07 Aug 2026,1
2026-06-01 16:15:52,Consular,KOLKATA,17 Aug 2026,3
2026-06-01 16:15:52,Consular,NEW DELHI,24 Jul 2026,3
2026-06-01 16:16:12,Consular,CHENNAI,07 Aug 2026,1
2026-06-01 16:16:12,Consular,KOLKATA,17 Aug 2026,3
2026-06-01 16:16:12,Consular,NEW DELHI,24 Jul 2026,3
2026-06-01 16:16:30,Consular,CHENNAI,07 Aug 2026,1
2026-06-01 16:16:30,Consular,KOLKATA,17 Aug 2026,3
2026-06-01 16:16:30,Consular,NEW DELHI,24 Jul 2026,3
2026-06-01 16:16:50,Consular,CHENNAI,07 Aug 2026,1
2026-06-01 16:16:50,Consular,KOLKATA,17 Aug 2026,3
2026-06-01 16:16:50,Consular,NEW DELHI,24 Jul 2026,3
2026-06-01 16:17:10,Consular,CHENNAI,07 Aug 2026,1
2026-06-01 16:17:10,Consular,KOLKATA,17 Aug 2026,3
2026-06-01 16:17:10,Consular,NEW DELHI,24 Jul 2026,3
2026-06-01 16:17:28,Consular,CHENNAI,07 Aug 2026,1
2026-06-01 16:17:28,Consular,KOLKATA,17 Aug 2026,3
2026-06-01 16:17:28,Consular,NEW DELHI,24 Jul 2026,3
2026-06-01 16:17:45,Consular,CHENNAI,07 Aug 2026,1
2026-06-01 16:17:45,Consular,KOLKATA,17 Aug 2026,3
2026-06-01 16:17:45,Consular,NEW DELHI,24 Jul 2026,3
2026-06-01 16:18:03,Consular,CHENNAI,07 Aug 2026,1
2026-06-01 16:18:03,OFC,HYDERABAD VAC,09 Jun 2026,1
2026-06-01 16:18:03,Consular,KOLKATA,17 Aug 2026,3
2026-06-01 16:18:03,Consular,NEW DELHI,24 Jul 2026,3
2026-06-01 16:18:23,Consular,CHENNAI,07 Aug 2026,1
2026-06-01 16:18:23,Consular,KOLKATA,17 Aug 2026,3
2026-06-01 16:18:23,Consular,NEW DELHI,24 Jul 2026,3
2026-06-01 16:18:41,Consular,CHENNAI,07 Aug 2026,1
2026-06-01 16:18:41,Consular,KOLKATA,17 Aug 2026,3
2026-06-01 16:18:41,Consular,NEW DELHI,24 Jul 2026,3
2026-06-01 16:19:01,Consular,CHENNAI,07 Aug 2026,1
2026-06-01 16:19:01,Consular,KOLKATA,17 Aug 2026,3
2026-06-01 16:19:01,Consular,NEW DELHI,24 Jul 2026,3
2026-06-01 16:19:19,Consular,CHENNAI,07 Aug 2026,1
2026-06-01 16:19:19,Consular,KOLKATA,17 Aug 2026,3
2026-06-01 16:19:19,Consular,NEW DELHI,24 Jul 2026,3
2026-06-01 16:19:36,Consular,CHENNAI,07 Aug 2026,1
2026-06-01 16:19:36,Consular,KOLKATA,17 Aug 2026,3
2026-06-01 16:19:36,Consular,NEW DELHI,24 Jul 2026,3
2026-06-01 16:19:56,Consular,CHENNAI,07 Aug 2026,1
2026-06-01 16:19:56,Consular,KOLKATA,17 Aug 2026,2
2026-06-01 16:19:56,Consular,NEW DELHI,24 Jul 2026,3
2026-06-01 16:20:13,Consular,CHENNAI,07 Aug 2026,1
2026-06-01 16:20:13,Consular,KOLKATA,17 Aug 2026,2
2026-06-01 16:20:13,Consular,NEW DELHI,24 Jul 2026,3
2026-06-01 16:20:30,Consular,CHENNAI,07 Aug 2026,1
2026-06-01 16:20:30,Consular,KOLKATA,17 Aug 2026,2
2026-06-01 16:20:30,Consular,NEW DELHI,24 Jul 2026,3
2026-06-01 16:20:48,Consular,CHENNAI,07 Aug 2026,1
2026-06-01 16:20:48,Consular,KOLKATA,17 Aug 2026,2
2026-06-01 16:20:48,Consular,NEW DELHI,24 Jul 2026,3
2026-06-01 16:21:04,Consular,CHENNAI,07 Aug 2026,1
2026-06-01 16:21:04,Consular,KOLKATA,17 Aug 2026,2
2026-06-01 16:21:04,Consular,NEW DELHI,24 Jul 2026,3
2026-06-01 16:21:20,Consular,CHENNAI,07 Aug 2026,1
2026-06-01 16:21:20,Consular,KOLKATA,17 Aug 2026,2
2026-06-01 16:21:20,Consular,NEW DELHI,24 Jul 2026,3
2026-06-01 16:21:40,Consular,CHENNAI,07 Aug 2026,1
2026-06-01 16:21:40,Consular,KOLKATA,17 Aug 2026,2
2026-06-01 16:21:40,Consular,NEW DELHI,24 Jul 2026,3
2026-06-01 16:21:56,Consular,CHENNAI,07 Aug 2026,1
2026-06-01 16:21:56,Consular,KOLKATA,17 Aug 2026,2
2026-06-01 16:21:56,Consular,NEW DELHI,24 Jul 2026,3
2026-06-01 16:22:16,Consular,CHENNAI,07 Aug 2026,1
2026-06-01 16:22:16,Consular,KOLKATA,17 Aug 2026,2
2026-06-01 16:22:16,Consular,NEW DELHI,24 Jul 2026,3
2026-06-01 16:22:34,Consular,CHENNAI,07 Aug 2026,1
2026-06-01 16:22:34,Consular,KOLKATA,17 Aug 2026,2
2026-06-01 16:22:34,Consular,NEW DELHI,24 Jul 2026,3
2026-06-01 16:22:51,Consular,CHENNAI,07 Aug 2026,1
2026-06-01 16:22:51,Consular,KOLKATA,17 Aug 2026,2
2026-06-01 16:22:51,Consular,NEW DELHI,24 Jul 2026,3
2026-06-01 16:23:11,Consular,CHENNAI,07 Aug 2026,1
2026-06-01 16:23:11,Consular,KOLKATA,17 Aug 2026,2
2026-06-01 16:23:11,Consular,NEW DELHI,24 Jul 2026,3
2026-06-01 16:23:32,Consular,CHENNAI,07 Aug 2026,1
2026-06-01 16:23:32,Consular,KOLKATA,17 Aug 2026,2
2026-06-01 16:23:32,Consular,NEW DELHI,24 Jul 2026,3
2026-06-01 16:23:50,Consular,CHENNAI,07 Aug 2026,1
2026-06-01 16:23:50,Consular,KOLKATA,17 Aug 2026,2
2026-06-01 16:23:50,Consular,NEW DELHI,24 Jul 2026,3
2026-06-01 16:24:07,Consular,CHENNAI,07 Aug 2026,1
2026-06-01 16:24:07,Consular,KOLKATA,17 Aug 2026,2
2026-06-01 16:24:07,Consular,NEW DELHI,24 Jul 2026,3
2026-06-01 16:24:23,Consular,CHENNAI,07 Aug 2026,1
2026-06-01 16:24:23,Consular,KOLKATA,17 Aug 2026,2
2026-06-01 16:24:23,Consular,NEW DELHI,24 Jul 2026,3
2026-06-01 16:24:43,Consular,CHENNAI,07 Aug 2026,1
2026-06-01 16:24:43,Consular,KOLKATA,17 Aug 2026,2
2026-06-01 16:24:43,Consular,NEW DELHI,24 Jul 2026,3
2026-06-01 16:25:02,Consular,CHENNAI,07 Aug 2026,1
2026-06-01 16:25:02,Consular,KOLKATA,17 Aug 2026,2
2026-06-01 16:25:02,Consular,NEW DELHI,24 Jul 2026,3
2026-06-01 16:25:21,Consular,CHENNAI,07 Aug 2026,1
2026-06-01 16:25:21,Consular,KOLKATA,17 Aug 2026,2
2026-06-01 16:25:21,Consular,NEW DELHI,24 Jul 2026,3
2026-06-01 16:25:37,Consular,CHENNAI,07 Aug 2026,1
2026-06-01 16:25:37,Consular,KOLKATA,17 Aug 2026,2
2026-06-01 16:25:37,Consular,NEW DELHI,24 Jul 2026,3
2026-06-01 16:25:57,Consular,CHENNAI,07 Aug 2026,1
2026-06-01 16:25:57,Consular,KOLKATA,17 Aug 2026,2
2026-06-01 16:25:57,Consular,NEW DELHI,24 Jul 2026,3
2026-06-01 16:26:14,Consular,CHENNAI,07 Aug 2026,1
2026-06-01 16:26:14,Consular,KOLKATA,17 Aug 2026,2
2026-06-01 16:26:14,Consular,NEW DELHI,24 Jul 2026,3
2026-06-01 16:26:34,Consular,KOLKATA,17 Aug 2026,2
2026-06-01 16:26:34,Consular,NEW DELHI,24 Jul 2026,3
2026-06-01 16:26:51,Consular,KOLKATA,17 Aug 2026,2
2026-06-01 16:26:51,Consular,NEW DELHI,24 Jul 2026,3
2026-06-01 16:27:10,Consular,KOLKATA,17 Aug 2026,2
2026-06-01 16:27:10,Consular,NEW DELHI,24 Jul 2026,3
2026-06-01 16:27:26,Consular,KOLKATA,17 Aug 2026,2
2026-06-01 16:27:26,Consular,NEW DELHI,24 Jul 2026,3
2026-06-01 16:27:46,Consular,KOLKATA,17 Aug 2026,2
2026-06-01 16:27:46,Consular,NEW DELHI,24 Jul 2026,3
2026-06-01 16:28:04,Consular,KOLKATA,17 Aug 2026,2
2026-06-01 16:28:04,Consular,NEW DELHI,24 Jul 2026,3
2026-06-01 16:28:04,OFC,NEW DELHI VAC,11 Jun 2026,1
2026-06-01 16:28:22,Consular,KOLKATA,17 Aug 2026,2
2026-06-01 16:28:22,Consular,NEW DELHI,24 Jul 2026,3
2026-06-01 16:28:22,OFC,NEW DELHI VAC,11 Jun 2026,1
2026-06-01 16:28:41,Consular,KOLKATA,17 Aug 2026,2
2026-06-01 16:28:41,Consular,NEW DELHI,24 Jul 2026,5
2026-06-01 16:29:00,Consular,KOLKATA,17 Aug 2026,2
2026-06-01 16:29:00,Consular,NEW DELHI,24 Jul 2026,5
2026-06-01 16:29:00,OFC,NEW DELHI VAC,11 Jun 2026,1
2026-06-01 16:29:17,Consular,KOLKATA,17 Aug 2026,2
2026-06-01 16:29:17,Consular,NEW DELHI,24 Jul 2026,5
2026-06-01 16:29:34,Consular,KOLKATA,17 Aug 2026,2
2026-06-01 16:29:34,Consular,NEW DELHI,24 Jul 2026,5
2026-06-01 16:29:50,Consular,KOLKATA,17 Aug 2026,2
2026-06-01 16:29:50,Consular,NEW DELHI,24 Jul 2026,5
2026-06-01 16:30:07,Consular,KOLKATA,17 Aug 2026,2
2026-06-01 16:30:07,Consular,NEW DELHI,24 Jul 2026,5
2026-06-01 16:30:25,Consular,KOLKATA,17 Aug 2026,2
2026-06-01 16:30:25,Consular,NEW DELHI,24 Jul 2026,5
2026-06-01 16:30:45,Consular,KOLKATA,17 Aug 2026,2
2026-06-01 16:30:45,Consular,NEW DELHI,24 Jul 2026,5
2026-06-01 16:31:03,Consular,KOLKATA,17 Aug 2026,2
2026-06-01 16:31:03,Consular,NEW DELHI,24 Jul 2026,5
2026-06-01 16:31:24,Consular,KOLKATA,17 Aug 2026,2
2026-06-01 16:31:24,Consular,NEW DELHI,24 Jul 2026,5
2026-06-01 16:31:41,Consular,KOLKATA,17 Aug 2026,2
2026-06-01 16:31:41,Consular,NEW DELHI,24 Jul 2026,5
2026-06-01 16:31:59,Consular,KOLKATA,17 Aug 2026,2
2026-06-01 16:31:59,Consular,NEW DELHI,24 Jul 2026,2
2026-06-01 16:32:16,Consular,KOLKATA,17 Aug 2026,2
2026-06-01 16:32:16,Consular,NEW DELHI,24 Jul 2026,2
2026-06-01 16:32:34,Consular,KOLKATA,17 Aug 2026,2
2026-06-01 16:32:34,Consular,NEW DELHI,24 Jul 2026,2
2026-06-01 16:32:50,Consular,KOLKATA,17 Aug 2026,2
2026-06-01 16:32:50,Consular,NEW DELHI,24 Jul 2026,2
2026-06-01 16:33:09,Consular,KOLKATA,17 Aug 2026,2
2026-06-01 16:33:09,Consular,NEW DELHI,24 Jul 2026,2
2026-06-01 16:33:26,Consular,KOLKATA,17 Aug 2026,2
2026-06-01 16:33:26,Consular,NEW DELHI,24 Jul 2026,2
2026-06-01 16:33:42,Consular,KOLKATA,17 Aug 2026,2
2026-06-01 16:33:42,Consular,NEW DELHI,24 Jul 2026,2
2026-06-01 16:34:01,Consular,KOLKATA,17 Aug 2026,2
2026-06-01 16:34:01,Consular,NEW DELHI,24 Jul 2026,2
2026-06-01 16:34:18,Consular,KOLKATA,17 Aug 2026,2
2026-06-01 16:34:18,Consular,NEW DELHI,24 Jul 2026,2
2026-06-01 16:34:34,Consular,KOLKATA,17 Aug 2026,2
2026-06-01 16:34:34,Consular,NEW DELHI,24 Jul 2026,2
2026-06-01 16:34:55,Consular,KOLKATA,17 Aug 2026,2
2026-06-01 16:34:55,Consular,NEW DELHI,24 Jul 2026,2
2026-06-01 16:35:13,Consular,KOLKATA,17 Aug 2026,2
2026-06-01 16:35:13,Consular,NEW DELHI,24 Jul 2026,2
2026-06-01 16:35:29,Consular,KOLKATA,17 Aug 2026,2
2026-06-01 16:35:29,Consular,NEW DELHI,24 Jul 2026,2
2026-06-01 16:35:48,Consular,KOLKATA,17 Aug 2026,2
2026-06-01 16:35:48,Consular,NEW DELHI,24 Jul 2026,2
2026-06-01 16:36:07,Consular,KOLKATA,17 Aug 2026,2
2026-06-01 16:36:07,Consular,NEW DELHI,24 Jul 2026,2
2026-06-01 16:36:25,Consular,KOLKATA,17 Aug 2026,2
2026-06-01 16:36:25,Consular,NEW DELHI,24 Jul 2026,2
2026-06-01 16:36:45,Consular,KOLKATA,17 Aug 2026,2
2026-06-01 16:36:45,Consular,NEW DELHI,24 Jul 2026,2
2026-06-01 16:37:04,Consular,KOLKATA,17 Aug 2026,2
2026-06-01 16:37:04,Consular,NEW DELHI,24 Jul 2026,2
2026-06-01 16:37:21,Consular,KOLKATA,17 Aug 2026,2
2026-06-01 16:37:21,Consular,NEW DELHI,24 Jul 2026,2
2026-06-01 16:37:42,Consular,KOLKATA,17 Aug 2026,2
2026-06-01 16:37:42,Consular,NEW DELHI,24 Jul 2026,2
2026-06-01 16:37:59,Consular,KOLKATA,17 Aug 2026,2
2026-06-01 16:37:59,Consular,NEW DELHI,24 Jul 2026,2
2026-06-01 16:38:18,Consular,KOLKATA,17 Aug 2026,2
2026-06-01 16:38:18,Consular,NEW DELHI,24 Jul 2026,2
2026-06-01 16:38:34,Consular,KOLKATA,17 Aug 2026,2
2026-06-01 16:38:34,Consular,NEW DELHI,24 Jul 2026,2
2026-06-01 16:38:52,Consular,KOLKATA,17 Aug 2026,2
2026-06-01 16:38:52,Consular,NEW DELHI,24 Jul 2026,2
2026-06-01 16:39:10,Consular,KOLKATA,17 Aug 2026,2
2026-06-01 16:39:10,Consular,NEW DELHI,24 Jul 2026,2
2026-06-01 16:39:29,Consular,KOLKATA,17 Aug 2026,2
2026-06-01 16:39:29,Consular,NEW DELHI,24 Jul 2026,2
2026-06-01 16:39:45,Consular,NEW DELHI,24 Jul 2026,4
2026-06-01 16:40:01,Consular,NEW DELHI,24 Jul 2026,4
2026-06-01 16:40:20,Consular,NEW DELHI,24 Jul 2026,4
2026-06-01 16:40:37,Consular,NEW DELHI,24 Jul 2026,4
2026-06-01 16:40:53,Consular,NEW DELHI,24 Jul 2026,2
2026-06-01 16:41:13,Consular,NEW DELHI,24 Jul 2026,2
2026-06-01 16:41:29,Consular,NEW DELHI,24 Jul 2026,2
2026-06-01 16:41:47,Consular,NEW DELHI,24 Jul 2026,2
2026-06-01 16:42:06,Consular,NEW DELHI,24 Jul 2026,2
2026-06-01 16:42:23,Consular,NEW DELHI,24 Jul 2026,2
2026-06-01 16:42:40,Consular,NEW DELHI,24 Jul 2026,2
2026-06-01 16:42:59,Consular,NEW DELHI,24 Jul 2026,2
2026-06-01 16:43:16,Consular,NEW DELHI,24 Jul 2026,2
2026-06-01 16:43:34,Consular,NEW DELHI,24 Jul 2026,2
2026-06-01 16:43:52,Consular,NEW DELHI,24 Jul 2026,2
2026-06-01 16:44:08,Consular,NEW DELHI,24 Jul 2026,2
2026-06-01 16:44:28,Consular,NEW DELHI,24 Jul 2026,2
2026-06-01 16:44:44,Consular,NEW DELHI,24 Jul 2026,2
2026-06-01 16:45:04,Consular,NEW DELHI,24 Jul 2026,2
2026-06-01 16:45:23,Consular,NEW DELHI,24 Jul 2026,2
2026-06-01 16:45:40,Consular,NEW DELHI,24 Jul 2026,2
2026-06-01 16:46:00,Consular,NEW DELHI,24 Jul 2026,2
2026-06-01 16:46:18,Consular,NEW DELHI,24 Jul 2026,2
2026-06-01 16:46:36,Consular,NEW DELHI,24 Jul 2026,2
2026-06-01 16:46:55,Consular,NEW DELHI,24 Jul 2026,2
2026-06-01 16:47:11,Consular,NEW DELHI,24 Jul 2026,2
2026-06-01 16:47:30,Consular,NEW DELHI,24 Jul 2026,2
2026-06-01 16:47:49,Consular,NEW DELHI,24 Jul 2026,2
2026-06-01 16:48:06,Consular,NEW DELHI,24 Jul 2026,2
2026-06-01 16:48:25,Consular,NEW DELHI,24 Jul 2026,2
2026-06-01 16:48:43,Consular,NEW DELHI,24 Jul 2026,2
2026-06-01 16:49:02,Consular,NEW DELHI,24 Jul 2026,2
2026-06-01 16:49:18,Consular,NEW DELHI,24 Jul 2026,2
2026-06-01 16:49:39,Consular,NEW DELHI,24 Jul 2026,2
2026-06-01 16:49:55,Consular,NEW DELHI,24 Jul 2026,2
2026-06-01 16:50:15,Consular,NEW DELHI,24 Jul 2026,2
2026-06-01 16:50:31,Consular,NEW DELHI,24 Jul 2026,2
2026-06-01 16:50:48,Consular,NEW DELHI,24 Jul 2026,2
2026-06-01 16:51:07,Consular,NEW DELHI,24 Jul 2026,2
2026-06-01 16:51:23,Consular,NEW DELHI,24 Jul 2026,2
2026-06-01 16:51:41,Consular,NEW DELHI,24 Jul 2026,2
2026-06-01 16:52:00,Consular,NEW DELHI,24 Jul 2026,2
2026-06-01 16:52:17,Consular,NEW DELHI,24 Jul 2026,2
2026-06-01 16:52:34,Consular,NEW DELHI,24 Jul 2026,2
2026-06-01 16:52:54,Consular,NEW DELHI,24 Jul 2026,2
2026-06-01 16:53:14,Consular,NEW DELHI,24 Jul 2026,2
2026-06-01 16:53:33,Consular,NEW DELHI,24 Jul 2026,2
2026-06-01 16:53:53,Consular,NEW DELHI,24 Jul 2026,2
2026-06-01 16:54:12,Consular,NEW DELHI,24 Jul 2026,2
2026-06-01 16:54:29,Consular,NEW DELHI,24 Jul 2026,2
2026-06-01 16:54:48,Consular,NEW DELHI,24 Jul 2026,2
2026-06-01 16:55:05,Consular,NEW DELHI,24 Jul 2026,2
2026-06-01 16:55:24,Consular,NEW DELHI,24 Jul 2026,2
2026-06-01 16:55:44,Consular,NEW DELHI,24 Jul 2026,2
2026-06-01 16:56:00,Consular,NEW DELHI,24 Jul 2026,2
2026-06-01 16:56:18,Consular,NEW DELHI,24 Jul 2026,2
2026-06-01 16:56:38,Consular,NEW DELHI,24 Jul 2026,2
2026-06-01 16:56:59,Consular,NEW DELHI,24 Jul 2026,2
2026-06-01 16:57:17,Consular,NEW DELHI,24 Jul 2026,2
2026-06-01 16:57:35,Consular,NEW DELHI,24 Jul 2026,2
2026-06-01 16:57:54,Consular,NEW DELHI,24 Jul 2026,2
2026-06-01 16:58:12,Consular,NEW DELHI,24 Jul 2026,2
2026-06-01 16:58:31,Consular,NEW DELHI,24 Jul 2026,2
2026-06-01 16:58:48,Consular,NEW DELHI,24 Jul 2026,2
2026-06-01 16:59:04,Consular,NEW DELHI,24 Jul 2026,2
2026-06-01 16:59:22,Consular,NEW DELHI,24 Jul 2026,2
2026-06-01 16:59:40,Consular,NEW DELHI,24 Jul 2026,2
2026-06-01 16:59:58,Consular,NEW DELHI,24 Jul 2026,2
2026-06-01 17:00:15,Consular,NEW DELHI,24 Jul 2026,2
2026-06-01 17:00:34,OFC,CHENNAI VAC,03 Jun 2026,1
2026-06-01 17:00:34,Consular,NEW DELHI,24 Jul 2026,2
2026-06-01 17:00:54,OFC,CHENNAI VAC,03 Jun 2026,1
2026-06-01 17:00:54,Consular,NEW DELHI,24 Jul 2026,2
2026-06-01 17:01:13,Consular,NEW DELHI,24 Jul 2026,2
2026-06-01 17:01:30,Consular,NEW DELHI,24 Jul 2026,2
2026-06-01 17:01:50,Consular,NEW DELHI,24 Jul 2026,2
2026-06-01 17:02:07,Consular,NEW DELHI,24 Jul 2026,2
2026-06-01 17:02:23,Consular,NEW DELHI,24 Jul 2026,2
2026-06-01 17:02:39,Consular,NEW DELHI,24 Jul 2026,2
2026-06-01 17:02:59,Consular,NEW DELHI,24 Jul 2026,2
2026-06-01 17:03:19,Consular,NEW DELHI,24 Jul 2026,2
2026-06-01 17:03:39,Consular,NEW DELHI,24 Jul 2026,2
2026-06-01 17:03:58,Consular,NEW DELHI,24 Jul 2026,2
2026-06-01 17:04:18,Consular,NEW DELHI,24 Jul 2026,2
2026-06-01 17:04:36,Consular,NEW DELHI,24 Jul 2026,2
2026-06-01 17:04:52,Consular,NEW DELHI,24 Jul 2026,2
2026-06-01 17:05:09,Consular,NEW DELHI,24 Jul 2026,2
2026-06-01 17:05:26,Consular,NEW DELHI,24 Jul 2026,2
2026-06-01 17:05:46,Consular,NEW DELHI,24 Jul 2026,2
2026-06-01 17:06:06,Consular,NEW DELHI,24 Jul 2026,2
2026-06-01 17:06:25,Consular,NEW DELHI,24 Jul 2026,2
2026-06-01 17:06:43,Consular,NEW DELHI,24 Jul 2026,2
2026-06-01 17:07:01,Consular,NEW DELHI,24 Jul 2026,2
2026-06-01 17:07:19,Consular,NEW DELHI,24 Jul 2026,2
2026-06-01 17:07:37,Consular,NEW DELHI,24 Jul 2026,2
2026-06-01 17:07:55,Consular,NEW DELHI,24 Jul 2026,2
2026-06-01 17:07:55,OFC,NEW DELHI VAC,03 Jun 2026,18
2026-06-01 17:08:11,Consular,NEW DELHI,24 Jul 2026,2
2026-06-01 17:08:30,Consular,NEW DELHI,24 Jul 2026,2
2026-06-01 17:08:46,Consular,NEW DELHI,24 Jul 2026,2
2026-06-01 17:09:07,Consular,NEW DELHI,24 Jul 2026,2
2026-06-01 17:09:27,Consular,NEW DELHI,24 Jul 2026,2
2026-06-01 17:09:46,Consular,NEW DELHI,24 Jul 2026,2
2026-06-01 17:10:02,Consular,NEW DELHI,24 Jul 2026,2
2026-06-01 17:10:20,Consular,NEW DELHI,24 Jul 2026,2
2026-06-01 17:10:38,Consular,NEW DELHI,24 Jul 2026,2
2026-06-01 17:10:38,OFC,NEW DELHI VAC,03 Jun 2026,18
2026-06-01 17:10:58,Consular,NEW DELHI,24 Jul 2026,2
2026-06-01 17:10:58,OFC,NEW DELHI VAC,03 Jun 2026,18
2026-06-01 17:11:17,Consular,NEW DELHI,24 Jul 2026,2
2026-06-01 17:11:35,Consular,NEW DELHI,24 Jul 2026,2
2026-06-01 17:11:55,Consular,NEW DELHI,24 Jul 2026,2
2026-06-01 17:12:12,Consular,NEW DELHI,24 Jul 2026,2
2026-06-01 17:12:28,Consular,NEW DELHI,24 Jul 2026,2
2026-06-01 17:12:44,Consular,NEW DELHI,24 Jul 2026,2
2026-06-01 17:13:01,Consular,NEW DELHI,24 Jul 2026,2
2026-06-01 17:13:18,Consular,NEW DELHI,24 Jul 2026,2
2026-06-01 17:13:35,Consular,NEW DELHI,24 Jul 2026,2
2026-06-01 17:13:53,Consular,NEW DELHI,24 Jul 2026,2
2026-06-01 17:14:13,Consular,NEW DELHI,24 Jul 2026,2
2026-06-01 17:14:33,Consular,NEW DELHI,24 Jul 2026,2
2026-06-01 17:14:49,Consular,NEW DELHI,24 Jul 2026,2
2026-06-01 17:15:10,Consular,NEW DELHI,24 Jul 2026,2
2026-06-01 17:15:30,Consular,NEW DELHI,24 Jul 2026,2
2026-06-01 17:15:46,Consular,NEW DELHI,24 Jul 2026,2
2026-06-01 17:16:05,Consular,NEW DELHI,24 Jul 2026,2
2026-06-01 17:16:24,Consular,NEW DELHI,24 Jul 2026,2
2026-06-01 17:16:42,Consular,NEW DELHI,24 Jul 2026,2
2026-06-01 17:16:59,Consular,NEW DELHI,24 Jul 2026,2
2026-06-01 17:17:18,Consular,NEW DELHI,24 Jul 2026,2
2026-06-01 17:17:37,Consular,NEW DELHI,24 Jul 2026,2
2026-06-01 17:17:57,Consular,NEW DELHI,24 Jul 2026,2
2026-06-01 17:18:14,Consular,NEW DELHI,24 Jul 2026,2
2026-06-01 17:18:31,Consular,NEW DELHI,24 Jul 2026,2
2026-06-01 17:18:48,Consular,NEW DELHI,24 Jul 2026,2
2026-06-01 17:19:07,Consular,NEW DELHI,24 Jul 2026,2
2026-06-01 17:19:25,Consular,NEW DELHI,24 Jul 2026,2
2026-06-01 17:19:45,Consular,NEW DELHI,24 Jul 2026,2
2026-06-01 17:20:00,Consular,NEW DELHI,24 Jul 2026,2
2026-06-01 17:20:17,Consular,NEW DELHI,24 Jul 2026,2
2026-06-01 17:20:34,Consular,NEW DELHI,24 Jul 2026,2
2026-06-01 17:20:52,Consular,NEW DELHI,24 Jul 2026,2
2026-06-01 17:21:08,Consular,NEW DELHI,24 Jul 2026,2
2026-06-01 17:21:25,Consular,NEW DELHI,24 Jul 2026,2
2026-06-01 17:21:45,Consular,NEW DELHI,24 Jul 2026,2
2026-06-01 17:22:05,Consular,NEW DELHI,24 Jul 2026,2
2026-06-01 17:22:21,Consular,NEW DELHI,24 Jul 2026,2
2026-06-01 17:22:39,Consular,NEW DELHI,24 Jul 2026,2
2026-06-01 17:22:56,Consular,NEW DELHI,24 Jul 2026,2
2026-06-01 17:23:15,Consular,NEW DELHI,24 Jul 2026,2
2026-06-01 17:23:34,Consular,NEW DELHI,24 Jul 2026,2
2026-06-01 17:23:50,Consular,NEW DELHI,24 Jul 2026,2
2026-06-01 17:24:09,Consular,NEW DELHI,24 Jul 2026,2
2026-06-01 17:24:26,Consular,NEW DELHI,24 Jul 2026,2
2026-06-01 17:24:44,Consular,NEW DELHI,24 Jul 2026,2
2026-06-01 17:25:01,Consular,NEW DELHI,24 Jul 2026,2
2026-06-01 17:25:19,Consular,NEW DELHI,24 Jul 2026,2
2026-06-01 17:25:37,Consular,NEW DELHI,24 Jul 2026,2
2026-06-01 17:25:57,Consular,NEW DELHI,24 Jul 2026,2
2026-06-01 17:26:17,Consular,NEW DELHI,24 Jul 2026,2
2026-06-01 17:26:35,Consular,NEW DELHI,24 Jul 2026,2
2026-06-01 17:26:53,Consular,NEW DELHI,24 Jul 2026,2
2026-06-01 17:27:10,Consular,NEW DELHI,24 Jul 2026,2
2026-06-01 17:27:27,Consular,NEW DELHI,24 Jul 2026,2
2026-06-01 17:27:47,Consular,NEW DELHI,24 Jul 2026,2
2026-06-01 17:28:04,Consular,NEW DELHI,24 Jul 2026,2
2026-06-01 17:28:24,Consular,NEW DELHI,24 Jul 2026,2
2026-06-01 17:28:44,Consular,NEW DELHI,24 Jul 2026,2
2026-06-01 17:29:04,Consular,NEW DELHI,24 Jul 2026,2
2026-06-01 17:29:24,Consular,NEW DELHI,24 Jul 2026,2
2026-06-01 17:29:43,Consular,NEW DELHI,24 Jul 2026,2
2026-06-01 17:30:01,Consular,NEW DELHI,24 Jul 2026,2
2026-06-01 17:30:21,Consular,NEW DELHI,24 Jul 2026,2
2026-06-01 17:30:37,Consular,NEW DELHI,24 Jul 2026,2
2026-06-01 17:30:53,Consular,NEW DELHI,24 Jul 2026,2
2026-06-01 17:31:11,Consular,NEW DELHI,24 Jul 2026,2
2026-06-01 17:31:27,Consular,NEW DELHI,24 Jul 2026,2
2026-06-01 17:31:46,Consular,NEW DELHI,24 Jul 2026,2
2026-06-01 17:32:04,Consular,NEW DELHI,24 Jul 2026,2
2026-06-01 17:32:19,Consular,NEW DELHI,24 Jul 2026,2
2026-06-01 17:32:36,Consular,NEW DELHI,24 Jul 2026,2
2026-06-01 17:32:54,Consular,NEW DELHI,24 Jul 2026,2
2026-06-01 17:33:10,Consular,NEW DELHI,24 Jul 2026,2
2026-06-01 17:33:29,Consular,NEW DELHI,24 Jul 2026,2
2026-06-01 17:33:48,Consular,NEW DELHI,24 Jul 2026,2
2026-06-01 17:34:07,Consular,NEW DELHI,24 Jul 2026,2
2026-06-01 17:34:23,Consular,NEW DELHI,24 Jul 2026,2
2026-06-01 17:34:41,Consular,NEW DELHI,24 Jul 2026,2
2026-06-01 17:35:00,Consular,NEW DELHI,24 Jul 2026,2
2026-06-01 17:35:21,Consular,NEW DELHI,24 Jul 2026,2
2026-06-01 17:35:41,Consular,NEW DELHI,24 Jul 2026,2
2026-06-01 17:35:59,Consular,NEW DELHI,24 Jul 2026,2
2026-06-01 17:36:19,Consular,KOLKATA,17 Aug 2026,2
2026-06-01 17:36:19,Consular,NEW DELHI,24 Jul 2026,2
2026-06-01 17:36:35,Consular,KOLKATA,17 Aug 2026,2
2026-06-01 17:36:35,Consular,NEW DELHI,24 Jul 2026,2
2026-06-01 18:17:08,Consular,KOLKATA,17 Aug 2026,2
2026-06-01 18:17:08,Consular,NEW DELHI,04 Jan 2027,1
2026-06-01 18:17:27,Consular,KOLKATA,17 Aug 2026,2
2026-06-01 18:17:27,Consular,NEW DELHI,04 Jan 2027,1
2026-06-01 18:17:45,Consular,KOLKATA,17 Aug 2026,2
2026-06-01 18:17:45,Consular,NEW DELHI,04 Jan 2027,1
2026-06-01 18:18:03,Consular,KOLKATA,17 Aug 2026,2
2026-06-01 18:18:03,Consular,NEW DELHI,04 Jan 2027,1
2026-06-01 18:18:19,Consular,KOLKATA,17 Aug 2026,2
2026-06-01 18:18:19,Consular,NEW DELHI,04 Jan 2027,1
2026-06-01 18:18:36,Consular,KOLKATA,17 Aug 2026,2
2026-06-01 18:18:36,Consular,NEW DELHI,04 Jan 2027,1
2026-06-01 18:18:57,Consular,KOLKATA,17 Aug 2026,2
2026-06-01 18:18:57,Consular,NEW DELHI,04 Jan 2027,1
2026-06-01 18:19:17,Consular,KOLKATA,17 Aug 2026,2
2026-06-01 18:19:17,Consular,NEW DELHI,04 Jan 2027,1
2026-06-01 18:19:34,Consular,KOLKATA,17 Aug 2026,2
2026-06-01 18:19:34,Consular,NEW DELHI,04 Jan 2027,1
2026-06-01 18:19:52,Consular,KOLKATA,17 Aug 2026,2
2026-06-01 18:19:52,Consular,NEW DELHI,04 Jan 2027,1
2026-06-01 18:20:12,Consular,KOLKATA,17 Aug 2026,2
2026-06-01 18:20:12,Consular,NEW DELHI,04 Jan 2027,1
2026-06-01 18:20:28,Consular,KOLKATA,17 Aug 2026,2
2026-06-01 18:20:28,Consular,NEW DELHI,04 Jan 2027,1
2026-06-01 18:20:45,Consular,KOLKATA,17 Aug 2026,2
2026-06-01 18:20:45,Consular,NEW DELHI,04 Jan 2027,1
2026-06-01 18:21:02,Consular,KOLKATA,17 Aug 2026,2
2026-06-01 18:21:02,Consular,NEW DELHI,04 Jan 2027,1
2026-06-01 18:21:21,Consular,KOLKATA,17 Aug 2026,2
2026-06-01 18:21:21,Consular,NEW DELHI,04 Jan 2027,1
2026-06-01 18:21:39,Consular,KOLKATA,17 Aug 2026,2
2026-06-01 18:21:39,Consular,NEW DELHI,04 Jan 2027,1
2026-06-01 18:21:55,Consular,KOLKATA,17 Aug 2026,2
2026-06-01 18:21:55,Consular,NEW DELHI,04 Jan 2027,1
2026-06-01 18:22:11,Consular,KOLKATA,17 Aug 2026,2
2026-06-01 18:22:11,Consular,NEW DELHI,04 Jan 2027,1
2026-06-01 18:22:32,Consular,KOLKATA,17 Aug 2026,2
2026-06-01 18:22:32,Consular,NEW DELHI,04 Jan 2027,1
2026-06-01 18:22:49,Consular,KOLKATA,17 Aug 2026,2
2026-06-01 18:22:49,Consular,NEW DELHI,04 Jan 2027,1
2026-06-01 18:23:05,Consular,KOLKATA,17 Aug 2026,2
2026-06-01 18:23:05,Consular,NEW DELHI,04 Jan 2027,1
2026-06-01 18:23:22,Consular,KOLKATA,17 Aug 2026,2
2026-06-01 18:23:22,Consular,NEW DELHI,04 Jan 2027,1
2026-06-01 18:23:39,Consular,KOLKATA,17 Aug 2026,2
2026-06-01 18:23:39,Consular,NEW DELHI,04 Jan 2027,1
2026-06-01 18:23:57,Consular,KOLKATA,17 Aug 2026,2
2026-06-01 18:23:57,Consular,NEW DELHI,04 Jan 2027,1
2026-06-01 18:24:13,Consular,KOLKATA,17 Aug 2026,2
2026-06-01 18:24:13,Consular,NEW DELHI,24 Jul 2026,2
2026-06-01 18:24:32,Consular,KOLKATA,17 Aug 2026,2
2026-06-01 18:24:32,Consular,NEW DELHI,24 Jul 2026,2
2026-06-01 18:24:50,Consular,KOLKATA,17 Aug 2026,2
2026-06-01 18:24:50,Consular,NEW DELHI,24 Jul 2026,2
2026-06-01 18:25:10,Consular,KOLKATA,17 Aug 2026,2
2026-06-01 18:25:10,Consular,NEW DELHI,24 Jul 2026,2
2026-06-01 18:25:27,Consular,KOLKATA,17 Aug 2026,2
2026-06-01 18:25:27,Consular,NEW DELHI,24 Jul 2026,2
2026-06-01 18:25:45,Consular,KOLKATA,17 Aug 2026,2
2026-06-01 18:25:45,Consular,NEW DELHI,24 Jul 2026,2
2026-06-01 18:26:01,Consular,KOLKATA,17 Aug 2026,2
2026-06-01 18:26:01,Consular,NEW DELHI,24 Jul 2026,2
2026-06-01 18:26:01,OFC,NEW DELHI VAC,06 Jan 2027,1
2026-06-01 18:26:18,Consular,KOLKATA,17 Aug 2026,2
2026-06-01 18:26:18,Consular,NEW DELHI,24 Jul 2026,2
2026-06-01 18:26:18,OFC,NEW DELHI VAC,06 Jan 2027,1
2026-06-01 18:26:39,Consular,KOLKATA,17 Aug 2026,2
2026-06-01 18:26:39,Consular,NEW DELHI,24 Jul 2026,2
2026-06-01 18:26:39,OFC,NEW DELHI VAC,06 Jan 2027,1
2026-06-01 18:26:59,Consular,KOLKATA,17 Aug 2026,2
2026-06-01 18:26:59,Consular,NEW DELHI,24 Jul 2026,2
2026-06-01 18:26:59,OFC,NEW DELHI VAC,06 Jan 2027,1
2026-06-01 18:27:19,OFC,HYDERABAD VAC,14 Dec 2026,2
2026-06-01 18:27:19,Consular,KOLKATA,17 Aug 2026,2
2026-06-01 18:27:19,Consular,NEW DELHI,24 Jul 2026,2
2026-06-01 18:27:38,OFC,HYDERABAD VAC,14 Dec 2026,2
2026-06-01 18:27:38,Consular,KOLKATA,17 Aug 2026,2
2026-06-01 18:27:38,Consular,NEW DELHI,24 Jul 2026,2
2026-06-01 18:27:38,OFC,NEW DELHI VAC,06 Jan 2027,1
2026-06-01 18:27:57,Consular,KOLKATA,17 Aug 2026,2
2026-06-01 18:27:57,Consular,NEW DELHI,24 Jul 2026,2
2026-06-01 18:27:57,OFC,NEW DELHI VAC,06 Jan 2027,1
2026-06-01 18:28:13,Consular,KOLKATA,17 Aug 2026,2
2026-06-01 18:28:13,Consular,NEW DELHI,24 Jul 2026,2
2026-06-01 18:28:13,OFC,NEW DELHI VAC,06 Jan 2027,1
2026-06-01 18:28:31,Consular,KOLKATA,17 Aug 2026,2
2026-06-01 18:28:31,Consular,NEW DELHI,24 Jul 2026,2
2026-06-01 18:28:31,OFC,NEW DELHI VAC,06 Jan 2027,1
2026-06-01 18:28:49,Consular,KOLKATA,17 Aug 2026,2
2026-06-01 18:28:49,Consular,NEW DELHI,24 Jul 2026,2
2026-06-01 18:28:49,OFC,NEW DELHI VAC,06 Jan 2027,1
2026-06-01 18:29:05,Consular,KOLKATA,17 Aug 2026,2
2026-06-01 18:29:05,Consular,NEW DELHI,24 Jul 2026,2
2026-06-01 18:29:05,OFC,NEW DELHI VAC,06 Jan 2027,1
2026-06-01 18:29:22,Consular,KOLKATA,17 Aug 2026,2
2026-06-01 18:29:22,Consular,NEW DELHI,24 Jul 2026,2
2026-06-01 18:29:22,OFC,NEW DELHI VAC,06 Jan 2027,1
2026-06-01 18:29:40,Consular,KOLKATA,17 Aug 2026,2
2026-06-01 18:29:40,Consular,NEW DELHI,24 Jul 2026,2
2026-06-01 18:29:40,OFC,NEW DELHI VAC,06 Jan 2027,1
2026-06-01 18:29:58,Consular,KOLKATA,17 Aug 2026,2
2026-06-01 18:29:58,Consular,NEW DELHI,24 Jul 2026,2
2026-06-01 18:29:58,OFC,NEW DELHI VAC,06 Jan 2027,1
2026-06-01 18:30:17,Consular,KOLKATA,17 Aug 2026,2
2026-06-01 18:30:17,Consular,NEW DELHI,24 Jul 2026,2
2026-06-01 18:30:35,Consular,KOLKATA,17 Aug 2026,2
2026-06-01 18:30:35,Consular,NEW DELHI,24 Jul 2026,2
2026-06-01 18:30:35,OFC,NEW DELHI VAC,06 Jan 2027,1
2026-06-01 18:30:53,Consular,KOLKATA,17 Aug 2026,2
2026-06-01 18:30:53,Consular,NEW DELHI,24 Jul 2026,2
2026-06-01 18:30:53,OFC,NEW DELHI VAC,06 Jan 2027,1
2026-06-01 18:31:11,Consular,KOLKATA,17 Aug 2026,2
2026-06-01 18:31:11,Consular,NEW DELHI,24 Jul 2026,2
2026-06-01 18:31:11,OFC,NEW DELHI VAC,06 Jan 2027,1
2026-06-01 18:31:28,Consular,KOLKATA,17 Aug 2026,2
2026-06-01 18:31:28,Consular,NEW DELHI,24 Jul 2026,2
2026-06-01 18:31:28,OFC,NEW DELHI VAC,06 Jan 2027,1
2026-06-01 18:31:48,Consular,KOLKATA,17 Aug 2026,2
2026-06-01 18:31:48,Consular,NEW DELHI,24 Jul 2026,2
2026-06-01 18:31:48,OFC,NEW DELHI VAC,06 Jan 2027,1
2026-06-01 18:32:04,Consular,KOLKATA,17 Aug 2026,2
2026-06-01 18:32:04,Consular,NEW DELHI,24 Jul 2026,2
2026-06-01 18:32:04,OFC,NEW DELHI VAC,06 Jan 2027,1
2026-06-01 18:32:23,Consular,KOLKATA,17 Aug 2026,2
2026-06-01 18:32:23,Consular,NEW DELHI,24 Jul 2026,2
2026-06-01 18:32:23,OFC,NEW DELHI VAC,06 Jan 2027,1
2026-06-01 18:32:40,Consular,KOLKATA,17 Aug 2026,2
2026-06-01 18:32:40,Consular,NEW DELHI,24 Jul 2026,2
2026-06-01 18:32:40,OFC,NEW DELHI VAC,06 Jan 2027,1
2026-06-01 18:32:56,Consular,KOLKATA,17 Aug 2026,2
2026-06-01 18:32:56,Consular,NEW DELHI,24 Jul 2026,2
2026-06-01 18:32:56,OFC,NEW DELHI VAC,06 Jan 2027,1
2026-06-01 18:33:14,Consular,KOLKATA,17 Aug 2026,2
2026-06-01 18:33:14,Consular,NEW DELHI,24 Jul 2026,2
2026-06-01 18:33:14,OFC,NEW DELHI VAC,06 Jan 2027,1
2026-06-01 18:33:32,Consular,KOLKATA,17 Aug 2026,2
2026-06-01 18:33:32,Consular,NEW DELHI,24 Jul 2026,2
2026-06-01 18:33:51,Consular,KOLKATA,17 Aug 2026,2
2026-06-01 18:33:51,Consular,NEW DELHI,24 Jul 2026,2
2026-06-01 18:34:12,Consular,KOLKATA,17 Aug 2026,2
2026-06-01 18:34:12,Consular,NEW DELHI,24 Jul 2026,2
2026-06-01 18:34:29,Consular,KOLKATA,17 Aug 2026,2
2026-06-01 18:34:29,Consular,NEW DELHI,24 Jul 2026,2
2026-06-01 18:34:48,Consular,KOLKATA,17 Aug 2026,2
2026-06-01 18:34:48,Consular,NEW DELHI,24 Jul 2026,2
2026-06-01 18:35:06,Consular,KOLKATA,17 Aug 2026,2
2026-06-01 18:35:06,Consular,NEW DELHI,24 Jul 2026,2
2026-06-01 18:35:24,Consular,KOLKATA,17 Aug 2026,2
2026-06-01 18:35:24,Consular,NEW DELHI,24 Jul 2026,2
2026-06-01 18:35:42,Consular,KOLKATA,17 Aug 2026,2
2026-06-01 18:35:42,Consular,NEW DELHI,24 Jul 2026,2
2026-06-01 18:35:58,Consular,KOLKATA,17 Aug 2026,2
2026-06-01 18:35:58,Consular,NEW DELHI,24 Jul 2026,2
2026-06-01 18:36:16,Consular,KOLKATA,17 Aug 2026,2
2026-06-01 18:36:16,Consular,NEW DELHI,24 Jul 2026,2
2026-06-01 18:36:34,Consular,KOLKATA,17 Aug 2026,2
2026-06-01 18:36:34,Consular,NEW DELHI,24 Jul 2026,2
2026-06-01 18:36:50,Consular,KOLKATA,17 Aug 2026,2
2026-06-01 18:36:50,Consular,NEW DELHI,24 Jul 2026,2
2026-06-01 18:37:10,Consular,KOLKATA,17 Aug 2026,2
2026-06-01 18:37:10,Consular,NEW DELHI,24 Jul 2026,2
2026-06-01 18:37:29,Consular,KOLKATA,17 Aug 2026,2
2026-06-01 18:37:29,Consular,NEW DELHI,24 Jul 2026,2
2026-06-01 18:37:49,Consular,KOLKATA,17 Aug 2026,2
2026-06-01 18:37:49,Consular,NEW DELHI,24 Jul 2026,2
2026-06-01 18:38:05,Consular,KOLKATA,17 Aug 2026,2
2026-06-01 18:38:05,Consular,NEW DELHI,24 Jul 2026,2
2026-06-01 18:38:25,Consular,KOLKATA,17 Aug 2026,2
2026-06-01 18:38:25,Consular,NEW DELHI,24 Jul 2026,2
2026-06-01 18:38:45,Consular,KOLKATA,17 Aug 2026,2
2026-06-01 18:38:45,Consular,NEW DELHI,24 Jul 2026,2
2026-06-01 18:39:03,Consular,KOLKATA,17 Aug 2026,2
2026-06-01 18:39:03,Consular,NEW DELHI,24 Jul 2026,2
2026-06-01 18:39:20,Consular,KOLKATA,17 Aug 2026,2
2026-06-01 18:39:20,Consular,NEW DELHI,24 Jul 2026,2
2026-06-01 18:39:40,Consular,KOLKATA,17 Aug 2026,2
2026-06-01 18:39:40,Consular,NEW DELHI,24 Jul 2026,2
2026-06-01 18:39:58,Consular,KOLKATA,17 Aug 2026,2
2026-06-01 18:39:58,Consular,NEW DELHI,24 Jul 2026,2
2026-06-01 18:40:17,Consular,KOLKATA,17 Aug 2026,2
2026-06-01 18:40:17,Consular,NEW DELHI,24 Jul 2026,2
2026-06-01 18:40:36,Consular,KOLKATA,17 Aug 2026,2
2026-06-01 18:40:36,Consular,NEW DELHI,24 Jul 2026,2
2026-06-01 18:40:55,Consular,KOLKATA,17 Aug 2026,2
2026-06-01 18:40:55,Consular,NEW DELHI,24 Jul 2026,2
2026-06-01 18:41:11,Consular,KOLKATA,17 Aug 2026,2
2026-06-01 18:41:11,Consular,NEW DELHI,24 Jul 2026,2
2026-06-01 18:41:31,Consular,KOLKATA,17 Aug 2026,2
2026-06-01 18:41:31,Consular,NEW DELHI,24 Jul 2026,2
2026-06-01 18:41:47,Consular,KOLKATA,17 Aug 2026,2
2026-06-01 18:41:47,Consular,NEW DELHI,24 Jul 2026,2
2026-06-01 18:42:04,Consular,KOLKATA,17 Aug 2026,2
2026-06-01 18:42:04,Consular,NEW DELHI,24 Jul 2026,2
2026-06-01 18:42:21,Consular,KOLKATA,17 Aug 2026,2
2026-06-01 18:42:21,Consular,NEW DELHI,24 Jul 2026,2
2026-06-01 18:42:41,Consular,KOLKATA,17 Aug 2026,2
2026-06-01 18:42:41,Consular,NEW DELHI,24 Jul 2026,2
2026-06-01 18:42:59,Consular,KOLKATA,17 Aug 2026,2
2026-06-01 18:42:59,Consular,NEW DELHI,24 Jul 2026,2
2026-06-01 18:43:16,Consular,KOLKATA,17 Aug 2026,2
2026-06-01 18:43:16,Consular,NEW DELHI,24 Jul 2026,2
2026-06-01 18:43:33,Consular,KOLKATA,17 Aug 2026,2
2026-06-01 18:43:33,Consular,NEW DELHI,24 Jul 2026,2
2026-06-01 18:43:51,Consular,KOLKATA,17 Aug 2026,2
2026-06-01 18:43:51,Consular,NEW DELHI,24 Jul 2026,2
2026-06-01 18:44:12,Consular,KOLKATA,17 Aug 2026,2
2026-06-01 18:44:12,Consular,NEW DELHI,24 Jul 2026,2
2026-06-01 18:44:32,Consular,KOLKATA,17 Aug 2026,2
2026-06-01 18:44:32,Consular,NEW DELHI,24 Jul 2026,2
2026-06-01 18:44:52,Consular,KOLKATA,17 Aug 2026,2
2026-06-01 18:44:52,Consular,NEW DELHI,24 Jul 2026,2
2026-06-01 18:45:09,Consular,KOLKATA,17 Aug 2026,2
2026-06-01 18:45:09,Consular,NEW DELHI,24 Jul 2026,2
2026-06-01 18:45:29,Consular,KOLKATA,17 Aug 2026,2
2026-06-01 18:45:29,Consular,NEW DELHI,24 Jul 2026,2
2026-06-01 18:45:47,Consular,KOLKATA,17 Aug 2026,2
2026-06-01 18:45:47,Consular,NEW DELHI,24 Jul 2026,2
2026-06-01 18:46:08,Consular,KOLKATA,17 Aug 2026,2
2026-06-01 18:46:08,Consular,NEW DELHI,24 Jul 2026,2
2026-06-01 18:46:34,Consular,KOLKATA,17 Aug 2026,2
2026-06-01 18:46:34,Consular,NEW DELHI,24 Jul 2026,2
2026-06-01 18:46:53,Consular,KOLKATA,17 Aug 2026,2
2026-06-01 18:46:53,Consular,NEW DELHI,24 Jul 2026,2
2026-06-01 18:47:12,Consular,KOLKATA,17 Aug 2026,2
2026-06-01 18:47:12,Consular,NEW DELHI,24 Jul 2026,2
2026-06-01 18:47:31,Consular,KOLKATA,17 Aug 2026,2
2026-06-01 18:47:31,Consular,NEW DELHI,24 Jul 2026,2
2026-06-01 18:47:50,Consular,KOLKATA,17 Aug 2026,2
2026-06-01 18:47:50,Consular,NEW DELHI,24 Jul 2026,2
2026-06-01 18:48:08,Consular,KOLKATA,17 Aug 2026,2
2026-06-01 18:48:08,Consular,NEW DELHI,24 Jul 2026,2
2026-06-01 18:48:26,Consular,KOLKATA,17 Aug 2026,2
2026-06-01 18:48:26,Consular,NEW DELHI,24 Jul 2026,2
2026-06-01 18:48:46,Consular,KOLKATA,17 Aug 2026,2
2026-06-01 18:48:46,Consular,NEW DELHI,24 Jul 2026,2
2026-06-01 18:49:03,Consular,KOLKATA,17 Aug 2026,2
2026-06-01 18:49:03,Consular,NEW DELHI,24 Jul 2026,2
2026-06-01 18:49:23,Consular,KOLKATA,17 Aug 2026,2
2026-06-01 18:49:23,Consular,NEW DELHI,24 Jul 2026,2
2026-06-01 18:49:41,Consular,KOLKATA,17 Aug 2026,2
2026-06-01 18:49:41,Consular,NEW DELHI,24 Jul 2026,2
2026-06-01 18:50:02,Consular,KOLKATA,17 Aug 2026,2
2026-06-01 18:50:02,Consular,NEW DELHI,24 Jul 2026,2
2026-06-01 18:50:18,Consular,KOLKATA,17 Aug 2026,2
2026-06-01 18:50:18,Consular,NEW DELHI,24 Jul 2026,2
2026-06-01 18:50:37,Consular,KOLKATA,17 Aug 2026,2
2026-06-01 18:50:37,Consular,NEW DELHI,24 Jul 2026,2
2026-06-01 18:50:56,Consular,KOLKATA,17 Aug 2026,2
2026-06-01 18:50:56,Consular,NEW DELHI,24 Jul 2026,2
2026-06-01 18:51:17,Consular,KOLKATA,17 Aug 2026,2
2026-06-01 18:51:17,Consular,NEW DELHI,24 Jul 2026,2
2026-06-01 18:51:36,Consular,KOLKATA,17 Aug 2026,2
2026-06-01 18:51:36,Consular,NEW DELHI,24 Jul 2026,2
2026-06-01 18:51:56,Consular,KOLKATA,17 Aug 2026,2
2026-06-01 18:51:56,Consular,NEW DELHI,24 Jul 2026,2
2026-06-01 18:52:15,Consular,KOLKATA,17 Aug 2026,2
2026-06-01 18:52:15,Consular,NEW DELHI,24 Jul 2026,2
2026-06-01 18:52:36,Consular,KOLKATA,17 Aug 2026,2
2026-06-01 18:52:36,Consular,NEW DELHI,24 Jul 2026,2
2026-06-01 18:52:54,Consular,KOLKATA,17 Aug 2026,2
2026-06-01 18:52:54,Consular,NEW DELHI,24 Jul 2026,2
2026-06-01 18:53:14,Consular,KOLKATA,17 Aug 2026,2
2026-06-01 18:53:14,Consular,NEW DELHI,24 Jul 2026,2
2026-06-01 18:53:34,Consular,KOLKATA,17 Aug 2026,2
2026-06-01 18:53:34,Consular,NEW DELHI,24 Jul 2026,2
2026-06-01 18:53:55,Consular,KOLKATA,17 Aug 2026,2
2026-06-01 18:53:55,Consular,NEW DELHI,24 Jul 2026,2
2026-06-01 18:54:11,Consular,KOLKATA,17 Aug 2026,2
2026-06-01 18:54:11,Consular,NEW DELHI,24 Jul 2026,2
2026-06-01 18:54:28,Consular,KOLKATA,17 Aug 2026,2
2026-06-01 18:54:28,Consular,NEW DELHI,24 Jul 2026,2
2026-06-01 18:54:45,Consular,KOLKATA,17 Aug 2026,2
2026-06-01 18:54:45,Consular,NEW DELHI,24 Jul 2026,2
2026-06-01 18:55:04,Consular,KOLKATA,17 Aug 2026,2
2026-06-01 18:55:04,Consular,NEW DELHI,24 Jul 2026,2
2026-06-01 18:55:23,Consular,KOLKATA,17 Aug 2026,2
2026-06-01 18:55:23,Consular,NEW DELHI,24 Jul 2026,2
2026-06-01 18:55:41,Consular,KOLKATA,17 Aug 2026,2
2026-06-01 18:55:41,Consular,NEW DELHI,24 Jul 2026,2
2026-06-01 18:55:58,Consular,KOLKATA,17 Aug 2026,2
2026-06-01 18:55:58,Consular,NEW DELHI,24 Jul 2026,2
2026-06-01 18:56:18,OFC,HYDERABAD VAC,09 Dec 2026,5
2026-06-01 18:56:18,Consular,KOLKATA,17 Aug 2026,2
2026-06-01 18:56:18,Consular,NEW DELHI,24 Jul 2026,2
2026-06-01 18:56:38,OFC,HYDERABAD VAC,09 Dec 2026,5
2026-06-01 18:56:38,Consular,KOLKATA,17 Aug 2026,2
2026-06-01 18:56:38,OFC,MUMBAI VAC,09 Dec 2026,2
2026-06-01 18:56:38,Consular,NEW DELHI,24 Jul 2026,2
2026-06-01 18:56:57,OFC,HYDERABAD VAC,09 Dec 2026,5
2026-06-01 18:56:57,Consular,KOLKATA,17 Aug 2026,2
2026-06-01 18:56:57,OFC,MUMBAI VAC,09 Dec 2026,2
2026-06-01 18:56:57,Consular,NEW DELHI,24 Jul 2026,2
2026-06-01 18:57:15,OFC,HYDERABAD VAC,09 Dec 2026,5
2026-06-01 18:57:15,Consular,KOLKATA,17 Aug 2026,2
2026-06-01 18:57:15,Consular,NEW DELHI,24 Jul 2026,2
2026-06-01 18:57:35,OFC,HYDERABAD VAC,09 Dec 2026,5
2026-06-01 18:57:35,Consular,KOLKATA,17 Aug 2026,2
2026-06-01 18:57:35,Consular,NEW DELHI,24 Jul 2026,2
2026-06-01 18:57:53,OFC,HYDERABAD VAC,09 Dec 2026,5
2026-06-01 18:57:53,Consular,KOLKATA,17 Aug 2026,2
2026-06-01 18:57:53,Consular,NEW DELHI,24 Jul 2026,2
2026-06-01 18:58:13,OFC,HYDERABAD VAC,14 Dec 2026,2
2026-06-01 18:58:13,Consular,KOLKATA,17 Aug 2026,2
2026-06-01 18:58:13,Consular,NEW DELHI,24 Jul 2026,2
2026-06-01 18:58:33,OFC,HYDERABAD VAC,14 Dec 2026,2
2026-06-01 18:58:33,Consular,KOLKATA,17 Aug 2026,2
2026-06-01 18:58:33,Consular,NEW DELHI,24 Jul 2026,2
2026-06-01 18:58:50,Consular,KOLKATA,17 Aug 2026,2
2026-06-01 18:58:50,Consular,NEW DELHI,24 Jul 2026,2
2026-06-01 18:59:08,Consular,KOLKATA,17 Aug 2026,2
2026-06-01 18:59:08,Consular,NEW DELHI,24 Jul 2026,2
2026-06-01 18:59:25,Consular,KOLKATA,17 Aug 2026,2
2026-06-01 18:59:25,Consular,NEW DELHI,24 Jul 2026,2
2026-06-01 18:59:42,Consular,KOLKATA,17 Aug 2026,2
2026-06-01 18:59:42,Consular,NEW DELHI,24 Jul 2026,2
2026-06-01 18:59:59,Consular,KOLKATA,17 Aug 2026,2
2026-06-01 18:59:59,Consular,NEW DELHI,24 Jul 2026,2
2026-06-01 19:00:17,Consular,KOLKATA,17 Aug 2026,2
2026-06-01 19:00:17,Consular,NEW DELHI,24 Jul 2026,2
2026-06-01 19:00:37,OFC,CHENNAI VAC,23 Sep 2026,1
2026-06-01 19:00:37,Consular,KOLKATA,17 Aug 2026,2
2026-06-01 19:00:37,Consular,NEW DELHI,24 Jul 2026,2
2026-06-01 19:00:56,Consular,KOLKATA,17 Aug 2026,2
2026-06-01 19:00:56,Consular,NEW DELHI,24 Jul 2026,2
2026-06-01 19:01:16,Consular,KOLKATA,17 Aug 2026,2
2026-06-01 19:01:16,Consular,NEW DELHI,24 Jul 2026,2
2026-06-01 19:01:32,Consular,KOLKATA,17 Aug 2026,2
2026-06-01 19:01:32,Consular,NEW DELHI,24 Jul 2026,2
2026-06-01 19:01:51,Consular,KOLKATA,17 Aug 2026,2
2026-06-01 19:01:51,Consular,NEW DELHI,24 Jul 2026,2
2026-06-01 19:02:10,Consular,KOLKATA,17 Aug 2026,2
2026-06-01 19:02:10,Consular,NEW DELHI,24 Jul 2026,2
2026-06-01 19:02:30,Consular,KOLKATA,17 Aug 2026,2
2026-06-01 19:02:30,Consular,NEW DELHI,24 Jul 2026,2
2026-06-01 19:02:50,Consular,KOLKATA,17 Aug 2026,2
2026-06-01 19:02:50,Consular,NEW DELHI,24 Jul 2026,2
2026-06-01 19:03:10,Consular,KOLKATA,17 Aug 2026,2
2026-06-01 19:03:10,Consular,NEW DELHI,24 Jul 2026,2
2026-06-01 19:03:28,Consular,KOLKATA,17 Aug 2026,2
2026-06-01 19:03:28,Consular,NEW DELHI,24 Jul 2026,2
2026-06-01 19:03:46,Consular,KOLKATA,17 Aug 2026,2
2026-06-01 19:03:46,Consular,NEW DELHI,24 Jul 2026,2
2026-06-01 19:04:45,Consular,KOLKATA,17 Aug 2026,2
2026-06-01 19:04:45,Consular,NEW DELHI,24 Jul 2026,2
2026-06-01 19:05:04,Consular,KOLKATA,17 Aug 2026,2
2026-06-01 19:05:04,Consular,NEW DELHI,24 Jul 2026,2
2026-06-01 19:05:24,Consular,KOLKATA,17 Aug 2026,2
2026-06-01 19:05:24,Consular,NEW DELHI,24 Jul 2026,2
2026-06-01 19:05:41,Consular,KOLKATA,17 Aug 2026,2
2026-06-01 19:05:41,Consular,NEW DELHI,24 Jul 2026,2
2026-06-01 19:05:59,Consular,KOLKATA,17 Aug 2026,2
2026-06-01 19:05:59,Consular,NEW DELHI,24 Jul 2026,2
2026-06-01 19:06:16,Consular,KOLKATA,17 Aug 2026,2
2026-06-01 19:06:16,Consular,NEW DELHI,24 Jul 2026,2
2026-06-01 19:06:41,Consular,KOLKATA,17 Aug 2026,2
2026-06-01 19:06:41,Consular,NEW DELHI,24 Jul 2026,2
2026-06-01 19:07:01,Consular,KOLKATA,17 Aug 2026,2
2026-06-01 19:07:01,Consular,NEW DELHI,24 Jul 2026,2
2026-06-01 19:08:01,Consular,KOLKATA,17 Aug 2026,2
2026-06-01 19:08:01,Consular,NEW DELHI,24 Jul 2026,2
2026-06-01 19:08:19,Consular,KOLKATA,17 Aug 2026,2
2026-06-01 19:08:19,Consular,NEW DELHI,24 Jul 2026,2
2026-06-01 19:08:39,Consular,KOLKATA,17 Aug 2026,2
2026-06-01 19:08:39,Consular,NEW DELHI,24 Jul 2026,2
2026-06-01 19:08:55,Consular,KOLKATA,17 Aug 2026,2
2026-06-01 19:08:55,Consular,NEW DELHI,24 Jul 2026,2
2026-06-01 19:09:12,Consular,KOLKATA,17 Aug 2026,2
2026-06-01 19:09:12,Consular,NEW DELHI,24 Jul 2026,2
2026-06-01 19:09:32,Consular,KOLKATA,17 Aug 2026,2
2026-06-01 19:09:32,Consular,NEW DELHI,24 Jul 2026,2
2026-06-01 19:09:50,Consular,KOLKATA,17 Aug 2026,2
2026-06-01 19:09:50,Consular,NEW DELHI,24 Jul 2026,2
2026-06-01 19:10:10,Consular,KOLKATA,17 Aug 2026,2
2026-06-01 19:10:10,Consular,NEW DELHI,24 Jul 2026,2
2026-06-01 19:10:27,Consular,KOLKATA,17 Aug 2026,2
2026-06-01 19:10:27,Consular,NEW DELHI,24 Jul 2026,2
2026-06-01 19:10:45,Consular,KOLKATA,17 Aug 2026,2
2026-06-01 19:10:45,Consular,NEW DELHI,24 Jul 2026,2
2026-06-01 19:11:05,Consular,KOLKATA,17 Aug 2026,2
2026-06-01 19:11:05,Consular,NEW DELHI,24 Jul 2026,2
2026-06-01 19:11:26,Consular,KOLKATA,17 Aug 2026,2
2026-06-01 19:11:26,Consular,NEW DELHI,24 Jul 2026,2
2026-06-01 19:11:42,Consular,KOLKATA,17 Aug 2026,2
2026-06-01 19:11:42,Consular,NEW DELHI,24 Jul 2026,2
2026-06-01 19:11:59,Consular,KOLKATA,17 Aug 2026,2
2026-06-01 19:11:59,Consular,NEW DELHI,24 Jul 2026,2
2026-06-01 19:12:17,Consular,KOLKATA,17 Aug 2026,2
2026-06-01 19:12:17,Consular,NEW DELHI,24 Jul 2026,2
2026-06-01 19:12:34,Consular,KOLKATA,17 Aug 2026,2
2026-06-01 19:12:34,Consular,NEW DELHI,24 Jul 2026,2
2026-06-01 19:12:51,Consular,KOLKATA,17 Aug 2026,2
2026-06-01 19:12:51,Consular,NEW DELHI,24 Jul 2026,2
2026-06-01 19:13:10,Consular,KOLKATA,17 Aug 2026,2
2026-06-01 19:13:10,Consular,NEW DELHI,24 Jul 2026,2
2026-06-01 19:13:30,Consular,KOLKATA,17 Aug 2026,2
2026-06-01 19:13:30,Consular,NEW DELHI,24 Jul 2026,2
2026-06-01 19:13:47,Consular,KOLKATA,17 Aug 2026,2
2026-06-01 19:13:47,Consular,NEW DELHI,24 Jul 2026,2
2026-06-01 19:14:06,Consular,KOLKATA,17 Aug 2026,2
2026-06-01 19:14:06,Consular,NEW DELHI,24 Jul 2026,2
2026-06-01 19:14:23,Consular,KOLKATA,17 Aug 2026,2
2026-06-01 19:14:23,Consular,NEW DELHI,24 Jul 2026,2
2026-06-01 19:14:44,Consular,KOLKATA,17 Aug 2026,2
2026-06-01 19:14:44,Consular,NEW DELHI,24 Jul 2026,2
2026-06-01 19:15:03,Consular,KOLKATA,17 Aug 2026,2
2026-06-01 19:15:03,Consular,NEW DELHI,24 Jul 2026,2
2026-06-01 19:15:22,Consular,KOLKATA,17 Aug 2026,2
2026-06-01 19:15:22,Consular,NEW DELHI,24 Jul 2026,2
2026-06-01 19:15:42,Consular,KOLKATA,17 Aug 2026,2
2026-06-01 19:15:42,Consular,NEW DELHI,24 Jul 2026,2
2026-06-01 19:16:00,Consular,KOLKATA,17 Aug 2026,2
2026-06-01 19:16:00,Consular,NEW DELHI,24 Jul 2026,2
2026-06-01 19:16:21,Consular,KOLKATA,17 Aug 2026,2
2026-06-01 19:16:21,Consular,NEW DELHI,24 Jul 2026,2
2026-06-01 19:16:38,Consular,KOLKATA,17 Aug 2026,2
2026-06-01 19:16:38,Consular,NEW DELHI,24 Jul 2026,2
2026-06-01 19:16:54,Consular,KOLKATA,17 Aug 2026,2
2026-06-01 19:16:54,Consular,NEW DELHI,24 Jul 2026,2
2026-06-01 19:17:12,Consular,KOLKATA,17 Aug 2026,2
2026-06-01 19:17:12,Consular,NEW DELHI,24 Jul 2026,2
2026-06-01 19:17:32,Consular,KOLKATA,17 Aug 2026,2
2026-06-01 19:17:32,Consular,NEW DELHI,24 Jul 2026,1
2026-06-01 19:17:49,Consular,KOLKATA,17 Aug 2026,2
2026-06-01 19:17:49,Consular,NEW DELHI,24 Jul 2026,1
2026-06-01 19:18:09,Consular,KOLKATA,17 Aug 2026,2
2026-06-01 19:18:09,Consular,NEW DELHI,24 Jul 2026,1
2026-06-01 19:18:27,Consular,KOLKATA,17 Aug 2026,2
2026-06-01 19:18:27,Consular,NEW DELHI,24 Jul 2026,1
2026-06-01 19:18:47,Consular,KOLKATA,17 Aug 2026,2
2026-06-01 19:18:47,Consular,NEW DELHI,24 Jul 2026,1
2026-06-01 19:19:07,Consular,KOLKATA,17 Aug 2026,2
2026-06-01 19:19:07,Consular,NEW DELHI,24 Jul 2026,1
2026-06-01 19:19:25,Consular,KOLKATA,17 Aug 2026,2
2026-06-01 19:19:25,Consular,NEW DELHI,24 Jul 2026,1
2026-06-01 19:19:42,Consular,KOLKATA,17 Aug 2026,2
2026-06-01 19:19:42,Consular,NEW DELHI,24 Jul 2026,1
2026-06-01 19:20:03,Consular,KOLKATA,17 Aug 2026,2
2026-06-01 19:20:03,Consular,NEW DELHI,24 Jul 2026,1
2026-06-01 19:20:23,Consular,KOLKATA,17 Aug 2026,2
2026-06-01 19:20:23,Consular,NEW DELHI,24 Jul 2026,2
2026-06-01 19:20:43,Consular,KOLKATA,17 Aug 2026,2
2026-06-01 19:20:43,Consular,NEW DELHI,24 Jul 2026,2
2026-06-01 19:21:01,Consular,KOLKATA,17 Aug 2026,2
2026-06-01 19:21:01,Consular,NEW DELHI,24 Jul 2026,2
2026-06-01 19:21:20,Consular,KOLKATA,17 Aug 2026,2
2026-06-01 19:21:20,Consular,NEW DELHI,24 Jul 2026,2
2026-06-01 19:21:38,Consular,KOLKATA,17 Aug 2026,2
2026-06-01 19:21:38,Consular,NEW DELHI,24 Jul 2026,2
2026-06-01 19:21:57,Consular,KOLKATA,17 Aug 2026,2
2026-06-01 19:21:57,Consular,NEW DELHI,24 Jul 2026,2
2026-06-01 19:22:16,Consular,KOLKATA,17 Aug 2026,2
2026-06-01 19:22:16,Consular,NEW DELHI,24 Jul 2026,2
2026-06-01 19:22:44,Consular,KOLKATA,17 Aug 2026,2
2026-06-01 19:22:44,Consular,NEW DELHI,24 Jul 2026,2
2026-06-01 19:23:02,Consular,KOLKATA,17 Aug 2026,2
2026-06-01 19:23:02,Consular,NEW DELHI,24 Jul 2026,2
2026-06-01 19:23:20,Consular,KOLKATA,17 Aug 2026,2
2026-06-01 19:23:20,Consular,NEW DELHI,24 Jul 2026,2
2026-06-01 19:23:39,Consular,KOLKATA,17 Aug 2026,2
2026-06-01 19:23:39,Consular,NEW DELHI,24 Jul 2026,2
2026-06-01 19:24:00,Consular,KOLKATA,17 Aug 2026,2
2026-06-01 19:24:00,Consular,NEW DELHI,24 Jul 2026,2
2026-06-01 19:24:18,Consular,KOLKATA,17 Aug 2026,2
2026-06-01 19:24:18,Consular,NEW DELHI,24 Jul 2026,2
2026-06-01 19:24:39,Consular,KOLKATA,17 Aug 2026,2
2026-06-01 19:24:39,Consular,NEW DELHI,24 Jul 2026,2
2026-06-01 19:24:57,Consular,KOLKATA,17 Aug 2026,2
2026-06-01 19:24:57,Consular,NEW DELHI,24 Jul 2026,2
2026-06-01 19:25:17,Consular,KOLKATA,17 Aug 2026,2
2026-06-01 19:25:17,Consular,NEW DELHI,24 Jul 2026,2
2026-06-01 19:25:36,Consular,KOLKATA,17 Aug 2026,2
2026-06-01 19:25:36,Consular,NEW DELHI,24 Jul 2026,2
2026-06-01 19:25:56,Consular,KOLKATA,17 Aug 2026,2
2026-06-01 19:25:56,Consular,NEW DELHI,24 Jul 2026,2
2026-06-01 19:26:15,OFC,CHENNAI VAC,05 Nov 2026,2
2026-06-01 19:26:15,OFC,HYDERABAD VAC,02 Nov 2026,15
2026-06-01 19:26:15,Consular,KOLKATA,17 Aug 2026,2
2026-06-01 19:26:15,OFC,MUMBAI VAC,25 Nov 2026,1
2026-06-01 19:26:15,Consular,NEW DELHI,24 Jul 2026,2
2026-06-01 19:26:15,OFC,NEW DELHI VAC,09 Nov 2026,1
2026-06-01 19:26:33,OFC,HYDERABAD VAC,03 Nov 2026,14
2026-06-01 19:26:33,Consular,KOLKATA,17 Aug 2026,2
2026-06-01 19:26:33,OFC,KOLKATA VAC,04 Nov 2026,12
2026-06-01 19:26:33,OFC,MUMBAI VAC,25 Nov 2026,1
2026-06-01 19:26:33,Consular,NEW DELHI,24 Jul 2026,2
2026-06-01 19:26:33,OFC,NEW DELHI VAC,09 Nov 2026,1
2026-06-01 19:26:51,OFC,CHENNAI VAC,05 Nov 2026,2
2026-06-01 19:26:51,OFC,HYDERABAD VAC,03 Nov 2026,14
2026-06-01 19:26:51,Consular,KOLKATA,17 Aug 2026,2
2026-06-01 19:26:51,OFC,KOLKATA VAC,04 Nov 2026,12
2026-06-01 19:26:51,OFC,MUMBAI VAC,25 Nov 2026,1
2026-06-01 19:26:51,Consular,NEW DELHI,24 Jul 2026,2
2026-06-01 19:26:51,OFC,NEW DELHI VAC,09 Nov 2026,1
2026-06-01 19:27:08,OFC,CHENNAI VAC,05 Nov 2026,2
2026-06-01 19:27:08,OFC,HYDERABAD VAC,03 Nov 2026,14
2026-06-01 19:27:08,Consular,KOLKATA,17 Aug 2026,2
2026-06-01 19:27:08,OFC,KOLKATA VAC,04 Nov 2026,12
2026-06-01 19:27:08,OFC,MUMBAI VAC,25 Nov 2026,1
2026-06-01 19:27:08,Consular,NEW DELHI,24 Jul 2026,2
2026-06-01 19:27:08,OFC,NEW DELHI VAC,09 Nov 2026,1
2026-06-01 19:27:27,OFC,CHENNAI VAC,05 Nov 2026,2
2026-06-01 19:27:27,OFC,HYDERABAD VAC,03 Nov 2026,14
2026-06-01 19:27:27,Consular,KOLKATA,17 Aug 2026,2
2026-06-01 19:27:27,OFC,KOLKATA VAC,04 Nov 2026,12
2026-06-01 19:27:27,OFC,MUMBAI VAC,25 Nov 2026,1
2026-06-01 19:27:27,Consular,NEW DELHI,24 Jul 2026,2
2026-06-01 19:27:44,OFC,CHENNAI VAC,05 Nov 2026,2
2026-06-01 19:27:44,OFC,HYDERABAD VAC,03 Nov 2026,14
2026-06-01 19:27:44,Consular,KOLKATA,17 Aug 2026,2
2026-06-01 19:27:44,OFC,KOLKATA VAC,04 Nov 2026,12
2026-06-01 19:27:44,OFC,MUMBAI VAC,25 Nov 2026,1
2026-06-01 19:27:44,Consular,NEW DELHI,24 Jul 2026,2
2026-06-01 19:28:03,OFC,CHENNAI VAC,05 Nov 2026,2
2026-06-01 19:28:03,OFC,HYDERABAD VAC,03 Nov 2026,14
2026-06-01 19:28:03,Consular,KOLKATA,17 Aug 2026,2
2026-06-01 19:28:03,OFC,KOLKATA VAC,04 Nov 2026,12
2026-06-01 19:28:03,Consular,NEW DELHI,24 Jul 2026,2
2026-06-01 19:28:24,OFC,CHENNAI VAC,24 Nov 2026,1
2026-06-01 19:28:24,Consular,KOLKATA,17 Aug 2026,2
2026-06-01 19:28:24,OFC,KOLKATA VAC,04 Nov 2026,12
2026-06-01 19:28:24,Consular,NEW DELHI,24 Jul 2026,2
2026-06-01 19:28:42,OFC,CHENNAI VAC,24 Nov 2026,1
2026-06-01 19:28:42,Consular,KOLKATA,17 Aug 2026,2
2026-06-01 19:28:42,Consular,NEW DELHI,24 Jul 2026,2
2026-06-01 19:28:58,OFC,CHENNAI VAC,24 Nov 2026,1
2026-06-01 19:28:58,Consular,KOLKATA,17 Aug 2026,2
2026-06-01 19:28:58,Consular,NEW DELHI,24 Jul 2026,2
2026-06-01 19:29:19,OFC,HYDERABAD VAC,03 Nov 2026,14
2026-06-01 19:29:19,Consular,KOLKATA,17 Aug 2026,2
2026-06-01 19:29:19,Consular,NEW DELHI,24 Jul 2026,2
2026-06-01 19:29:40,Consular,KOLKATA,17 Aug 2026,2
2026-06-01 19:29:40,Consular,NEW DELHI,24 Jul 2026,2
2026-06-01 19:29:56,OFC,CHENNAI VAC,24 Nov 2026,1
2026-06-01 19:29:56,OFC,HYDERABAD VAC,03 Nov 2026,14
2026-06-01 19:29:56,Consular,KOLKATA,17 Aug 2026,2
2026-06-01 19:29:56,OFC,KOLKATA VAC,04 Nov 2026,12
2026-06-01 19:29:56,Consular,NEW DELHI,24 Jul 2026,2
2026-06-01 19:30:13,OFC,CHENNAI VAC,24 Nov 2026,1
2026-06-01 19:30:13,OFC,HYDERABAD VAC,03 Nov 2026,14
2026-06-01 19:30:13,Consular,KOLKATA,17 Aug 2026,2
2026-06-01 19:30:13,OFC,KOLKATA VAC,04 Nov 2026,12
2026-06-01 19:30:13,Consular,NEW DELHI,24 Jul 2026,2
2026-06-01 19:30:33,Consular,KOLKATA,17 Aug 2026,2
2026-06-01 19:30:33,OFC,KOLKATA VAC,04 Jun 2026,13
2026-06-01 19:30:33,Consular,NEW DELHI,24 Jul 2026,2
2026-06-01 19:30:53,Consular,KOLKATA,17 Aug 2026,2
2026-06-01 19:30:53,Consular,NEW DELHI,24 Jul 2026,2
2026-06-01 19:30:53,OFC,NEW DELHI VAC,06 Nov 2026,1
2026-06-01 19:31:11,OFC,HYDERABAD VAC,03 Nov 2026,14
2026-06-01 19:31:11,Consular,KOLKATA,17 Aug 2026,2
2026-06-01 19:31:11,Consular,NEW DELHI,24 Jul 2026,2
2026-06-01 19:31:29,Consular,KOLKATA,17 Aug 2026,2
2026-06-01 19:31:29,OFC,KOLKATA VAC,04 Nov 2026,12
2026-06-01 19:31:29,Consular,NEW DELHI,24 Jul 2026,2
2026-06-01 19:31:29,OFC,NEW DELHI VAC,06 Nov 2026,1
2026-06-01 19:31:50,OFC,HYDERABAD VAC,03 Nov 2026,14
2026-06-01 19:31:50,Consular,KOLKATA,17 Aug 2026,2
2026-06-01 19:31:50,Consular,NEW DELHI,24 Jul 2026,2
2026-06-01 19:31:50,OFC,NEW DELHI VAC,06 Nov 2026,1
2026-06-01 19:32:08,OFC,HYDERABAD VAC,03 Nov 2026,14
2026-06-01 19:32:08,Consular,KOLKATA,17 Aug 2026,2
2026-06-01 19:32:08,Consular,NEW DELHI,24 Jul 2026,2
2026-06-01 19:32:08,OFC,NEW DELHI VAC,06 Nov 2026,1
2026-06-01 19:32:28,OFC,HYDERABAD VAC,03 Nov 2026,14
2026-06-01 19:32:28,Consular,KOLKATA,17 Aug 2026,2
2026-06-01 19:32:28,OFC,KOLKATA VAC,04 Nov 2026,12
2026-06-01 19:32:28,Consular,NEW DELHI,24 Jul 2026,2
2026-06-01 19:32:28,OFC,NEW DELHI VAC,06 Nov 2026,1
2026-06-01 19:32:47,Consular,KOLKATA,17 Aug 2026,2
2026-06-01 19:32:47,OFC,KOLKATA VAC,04 Nov 2026,12
2026-06-01 19:32:47,Consular,NEW DELHI,24 Jul 2026,2
2026-06-01 19:32:47,OFC,NEW DELHI VAC,06 Nov 2026,1
2026-06-01 19:33:07,OFC,HYDERABAD VAC,03 Nov 2026,14
2026-06-01 19:33:07,Consular,KOLKATA,17 Aug 2026,2
2026-06-01 19:33:07,OFC,KOLKATA VAC,04 Nov 2026,12
2026-06-01 19:33:07,Consular,NEW DELHI,24 Jul 2026,2
2026-06-01 19:33:07,OFC,NEW DELHI VAC,06 Nov 2026,1
2026-06-01 19:33:24,OFC,HYDERABAD VAC,03 Nov 2026,14
2026-06-01 19:33:24,Consular,KOLKATA,17 Aug 2026,2
2026-06-01 19:33:24,OFC,KOLKATA VAC,04 Nov 2026,12
2026-06-01 19:33:24,Consular,NEW DELHI,24 Jul 2026,2
2026-06-01 19:33:24,OFC,NEW DELHI VAC,06 Nov 2026,1
2026-06-01 19:33:43,OFC,HYDERABAD VAC,03 Nov 2026,14
2026-06-01 19:33:43,Consular,KOLKATA,17 Aug 2026,2
2026-06-01 19:33:43,OFC,KOLKATA VAC,04 Nov 2026,12
2026-06-01 19:33:43,Consular,NEW DELHI,24 Jul 2026,2
2026-06-01 19:34:02,OFC,HYDERABAD VAC,04 Nov 2026,13
2026-06-01 19:34:02,Consular,KOLKATA,17 Aug 2026,2
2026-06-01 19:34:02,OFC,KOLKATA VAC,04 Nov 2026,12
2026-06-01 19:34:02,Consular,NEW DELHI,24 Jul 2026,2
2026-06-01 19:34:21,OFC,HYDERABAD VAC,04 Nov 2026,13
2026-06-01 19:34:21,Consular,KOLKATA,17 Aug 2026,2
2026-06-01 19:34:21,OFC,KOLKATA VAC,04 Nov 2026,12
2026-06-01 19:34:21,Consular,NEW DELHI,24 Jul 2026,2
2026-06-01 19:34:46,OFC,HYDERABAD VAC,04 Nov 2026,13
2026-06-01 19:34:46,Consular,KOLKATA,17 Aug 2026,2
2026-06-01 19:34:46,OFC,KOLKATA VAC,04 Nov 2026,12
2026-06-01 19:34:46,Consular,NEW DELHI,24 Jul 2026,2
2026-06-01 19:35:09,Consular,KOLKATA,17 Aug 2026,2
2026-06-01 19:35:09,OFC,KOLKATA VAC,04 Nov 2026,12
2026-06-01 19:35:09,Consular,NEW DELHI,24 Jul 2026,2
2026-06-01 19:35:29,Consular,KOLKATA,17 Aug 2026,2
2026-06-01 19:35:29,Consular,NEW DELHI,24 Jul 2026,2
2026-06-01 19:35:50,Consular,KOLKATA,17 Aug 2026,2
2026-06-01 19:35:50,Consular,NEW DELHI,24 Jul 2026,2
2026-06-01 19:36:08,Consular,KOLKATA,17 Aug 2026,2
2026-06-01 19:36:08,Consular,NEW DELHI,24 Jul 2026,2
2026-06-01 19:36:27,Consular,KOLKATA,17 Aug 2026,2
2026-06-01 19:36:27,Consular,NEW DELHI,24 Jul 2026,2
2026-06-01 19:36:47,Consular,KOLKATA,17 Aug 2026,2
2026-06-01 19:36:47,Consular,NEW DELHI,24 Jul 2026,2
2026-06-01 19:37:07,Consular,KOLKATA,17 Aug 2026,2
2026-06-01 19:37:07,Consular,NEW DELHI,24 Jul 2026,2
2026-06-01 19:37:27,Consular,KOLKATA,17 Aug 2026,2
2026-06-01 19:37:27,Consular,NEW DELHI,24 Jul 2026,2
2026-06-01 19:37:46,Consular,KOLKATA,17 Aug 2026,2
2026-06-01 19:37:46,Consular,NEW DELHI,24 Jul 2026,2
2026-06-01 19:38:03,Consular,KOLKATA,17 Aug 2026,2
2026-06-01 19:38:03,Consular,NEW DELHI,24 Jul 2026,2
2026-06-01 19:38:20,Consular,KOLKATA,17 Aug 2026,2
2026-06-01 19:38:20,Consular,NEW DELHI,24 Jul 2026,2
2026-06-01 19:38:38,Consular,KOLKATA,17 Aug 2026,2
2026-06-01 19:38:38,Consular,NEW DELHI,24 Jul 2026,2
2026-06-01 19:38:54,Consular,KOLKATA,17 Aug 2026,2
2026-06-01 19:38:54,Consular,NEW DELHI,24 Jul 2026,2
2026-06-01 19:39:12,Consular,KOLKATA,17 Aug 2026,2
2026-06-01 19:39:12,Consular,NEW DELHI,24 Jul 2026,2
2026-06-01 19:39:30,Consular,KOLKATA,17 Aug 2026,2
2026-06-01 19:39:30,Consular,NEW DELHI,24 Jul 2026,2
2026-06-01 19:39:48,Consular,KOLKATA,17 Aug 2026,2
2026-06-01 19:39:48,Consular,NEW DELHI,24 Jul 2026,2
2026-06-01 19:43:44,Consular,KOLKATA,17 Aug 2026,2
2026-06-01 19:43:44,Consular,NEW DELHI,24 Jul 2026,2
2026-06-01 19:44:00,Consular,KOLKATA,17 Aug 2026,2
2026-06-01 19:44:00,Consular,NEW DELHI,24 Jul 2026,2
2026-06-01 19:44:19,Consular,KOLKATA,17 Aug 2026,2
2026-06-01 19:44:19,Consular,NEW DELHI,24 Jul 2026,2
2026-06-01 19:44:37,Consular,KOLKATA,17 Aug 2026,2
2026-06-01 19:44:37,Consular,NEW DELHI,24 Jul 2026,2
2026-06-01 19:44:53,Consular,KOLKATA,17 Aug 2026,2
2026-06-01 19:44:53,Consular,NEW DELHI,24 Jul 2026,2
2026-06-01 19:45:11,Consular,KOLKATA,17 Aug 2026,2
2026-06-01 19:45:11,Consular,NEW DELHI,24 Jul 2026,2
2026-06-01 19:45:28,Consular,KOLKATA,17 Aug 2026,2
2026-06-01 19:45:28,Consular,NEW DELHI,24 Jul 2026,2
2026-06-01 19:45:49,Consular,KOLKATA,17 Aug 2026,2
2026-06-01 19:45:49,Consular,NEW DELHI,24 Jul 2026,2
2026-06-01 19:46:06,Consular,KOLKATA,17 Aug 2026,2
2026-06-01 19:46:06,Consular,NEW DELHI,24 Jul 2026,2
2026-06-01 19:46:26,Consular,KOLKATA,17 Aug 2026,2
2026-06-01 19:46:26,Consular,NEW DELHI,24 Jul 2026,2
2026-06-01 19:46:45,Consular,KOLKATA,17 Aug 2026,2
2026-06-01 19:46:45,Consular,NEW DELHI,24 Jul 2026,2
2026-06-01 19:47:02,Consular,KOLKATA,17 Aug 2026,2
2026-06-01 19:47:02,Consular,NEW DELHI,24 Jul 2026,2
2026-06-01 19:47:22,Consular,KOLKATA,17 Aug 2026,2
2026-06-01 19:47:22,Consular,NEW DELHI,24 Jul 2026,2
2026-06-01 19:47:40,Consular,KOLKATA,17 Aug 2026,2
2026-06-01 19:47:40,Consular,NEW DELHI,24 Jul 2026,2
2026-06-01 19:47:59,Consular,KOLKATA,17 Aug 2026,2
2026-06-01 19:47:59,Consular,NEW DELHI,24 Jul 2026,2
2026-06-01 19:48:19,Consular,KOLKATA,17 Aug 2026,2
2026-06-01 19:48:19,Consular,NEW DELHI,24 Jul 2026,2
2026-06-01 19:48:40,Consular,KOLKATA,17 Aug 2026,2
2026-06-01 19:48:40,Consular,NEW DELHI,24 Jul 2026,2
2026-06-01 19:48:57,Consular,KOLKATA,17 Aug 2026,2
2026-06-01 19:48:57,Consular,NEW DELHI,24 Jul 2026,2
2026-06-01 19:49:15,Consular,KOLKATA,17 Aug 2026,2
2026-06-01 19:49:15,Consular,NEW DELHI,24 Jul 2026,2
2026-06-01 19:49:32,Consular,KOLKATA,17 Aug 2026,2
2026-06-01 19:49:32,Consular,NEW DELHI,24 Jul 2026,2
2026-06-01 19:49:49,Consular,KOLKATA,17 Aug 2026,2
2026-06-01 19:49:49,Consular,NEW DELHI,24 Jul 2026,2
2026-06-01 19:50:10,Consular,KOLKATA,17 Aug 2026,2
2026-06-01 19:50:10,Consular,NEW DELHI,24 Jul 2026,2
2026-06-01 19:50:30,Consular,KOLKATA,17 Aug 2026,2
2026-06-01 19:50:30,Consular,NEW DELHI,24 Jul 2026,2
2026-06-01 19:50:47,Consular,KOLKATA,17 Aug 2026,2
2026-06-01 19:50:47,Consular,NEW DELHI,24 Jul 2026,2
2026-06-01 19:51:05,Consular,KOLKATA,17 Aug 2026,2
2026-06-01 19:51:05,Consular,NEW DELHI,24 Jul 2026,2
2026-06-01 19:51:26,Consular,KOLKATA,17 Aug 2026,2
2026-06-01 19:51:26,Consular,NEW DELHI,24 Jul 2026,2
2026-06-01 19:51:43,Consular,KOLKATA,17 Aug 2026,2
2026-06-01 19:51:43,Consular,NEW DELHI,24 Jul 2026,2
2026-06-01 19:52:00,Consular,KOLKATA,17 Aug 2026,2
2026-06-01 19:52:00,Consular,NEW DELHI,24 Jul 2026,2
2026-06-01 19:52:19,Consular,KOLKATA,17 Aug 2026,2
2026-06-01 19:52:19,Consular,NEW DELHI,24 Jul 2026,2
2026-06-01 19:52:37,Consular,KOLKATA,17 Aug 2026,2
2026-06-01 19:52:37,Consular,NEW DELHI,24 Jul 2026,2
2026-06-01 19:52:55,Consular,KOLKATA,17 Aug 2026,2
2026-06-01 19:52:55,Consular,NEW DELHI,24 Jul 2026,2
2026-06-01 19:53:12,Consular,KOLKATA,17 Aug 2026,2
2026-06-01 19:53:12,Consular,NEW DELHI,24 Jul 2026,2
2026-06-01 19:53:33,Consular,KOLKATA,17 Aug 2026,2
2026-06-01 19:53:33,Consular,NEW DELHI,24 Jul 2026,2
2026-06-01 19:53:53,Consular,KOLKATA,17 Aug 2026,2
2026-06-01 19:53:53,Consular,NEW DELHI,24 Jul 2026,2
2026-06-01 19:54:10,Consular,KOLKATA,17 Aug 2026,2
2026-06-01 19:54:10,Consular,NEW DELHI,24 Jul 2026,2
2026-06-01 19:54:26,Consular,KOLKATA,17 Aug 2026,2
2026-06-01 19:54:26,Consular,NEW DELHI,24 Jul 2026,2
2026-06-01 19:54:45,Consular,KOLKATA,17 Aug 2026,2
2026-06-01 19:54:45,Consular,NEW DELHI,24 Jul 2026,2
2026-06-01 19:55:02,Consular,KOLKATA,17 Aug 2026,2
2026-06-01 19:55:02,Consular,NEW DELHI,24 Jul 2026,2
2026-06-01 19:55:20,Consular,KOLKATA,17 Aug 2026,2
2026-06-01 19:55:20,Consular,NEW DELHI,24 Jul 2026,2
2026-06-01 19:55:39,Consular,KOLKATA,17 Aug 2026,2
2026-06-01 19:55:39,Consular,NEW DELHI,24 Jul 2026,2
2026-06-01 19:55:57,Consular,KOLKATA,17 Aug 2026,2
2026-06-01 19:55:57,Consular,NEW DELHI,24 Jul 2026,2
2026-06-01 19:56:18,OFC,CHENNAI VAC,02 Dec 2026,1
2026-06-01 19:56:18,Consular,KOLKATA,17 Aug 2026,2
2026-06-01 19:56:18,Consular,NEW DELHI,24 Jul 2026,2
2026-06-01 19:56:18,OFC,NEW DELHI VAC,01 Dec 2026,7
2026-06-01 19:56:34,OFC,CHENNAI VAC,02 Dec 2026,1
2026-06-01 19:56:34,OFC,HYDERABAD VAC,09 Nov 2026,13
2026-06-01 19:56:34,Consular,KOLKATA,17 Aug 2026,2
2026-06-01 19:56:34,OFC,KOLKATA VAC,09 Nov 2026,10
2026-06-01 19:56:34,Consular,NEW DELHI,24 Jul 2026,2
2026-06-01 19:56:34,OFC,NEW DELHI VAC,01 Dec 2026,7
2026-06-01 19:56:51,OFC,HYDERABAD VAC,09 Nov 2026,13
2026-06-01 19:56:51,Consular,KOLKATA,17 Aug 2026,2
2026-06-01 19:56:51,OFC,KOLKATA VAC,09 Nov 2026,10
2026-06-01 19:56:51,Consular,NEW DELHI,24 Jul 2026,2
2026-06-01 19:57:08,OFC,HYDERABAD VAC,09 Nov 2026,13
2026-06-01 19:57:08,Consular,KOLKATA,17 Aug 2026,2
2026-06-01 19:57:08,OFC,KOLKATA VAC,09 Nov 2026,10
2026-06-01 19:57:08,Consular,NEW DELHI,24 Jul 2026,2
2026-06-01 19:57:30,OFC,HYDERABAD VAC,09 Nov 2026,13
2026-06-01 19:57:30,Consular,KOLKATA,17 Aug 2026,2
2026-06-01 19:57:30,Consular,NEW DELHI,24 Jul 2026,2
2026-06-01 19:57:50,Consular,KOLKATA,17 Aug 2026,2
2026-06-01 19:57:50,Consular,NEW DELHI,24 Jul 2026,2
2026-06-01 19:57:50,OFC,NEW DELHI VAC,06 Jan 2027,5
2026-06-01 19:58:11,OFC,HYDERABAD VAC,09 Nov 2026,13
2026-06-01 19:58:11,Consular,KOLKATA,17 Aug 2026,2
2026-06-01 19:58:11,OFC,KOLKATA VAC,09 Nov 2026,10
2026-06-01 19:58:11,Consular,NEW DELHI,24 Jul 2026,2
2026-06-01 19:58:11,OFC,NEW DELHI VAC,06 Jan 2027,5
2026-06-01 19:58:27,OFC,HYDERABAD VAC,09 Nov 2026,13
2026-06-01 19:58:27,Consular,KOLKATA,17 Aug 2026,2
2026-06-01 19:58:27,OFC,KOLKATA VAC,09 Nov 2026,10
2026-06-01 19:58:27,Consular,NEW DELHI,24 Jul 2026,2
2026-06-01 19:58:27,OFC,NEW DELHI VAC,06 Jan 2027,5
2026-06-01 19:58:48,OFC,HYDERABAD VAC,09 Nov 2026,13
2026-06-01 19:58:48,Consular,KOLKATA,17 Aug 2026,2
2026-06-01 19:58:48,OFC,KOLKATA VAC,09 Nov 2026,10
2026-06-01 19:58:48,Consular,NEW DELHI,24 Jul 2026,2
2026-06-01 19:58:48,OFC,NEW DELHI VAC,08 Jan 2027,4
2026-06-01 19:59:10,Consular,KOLKATA,17 Aug 2026,2
2026-06-01 19:59:10,OFC,KOLKATA VAC,09 Nov 2026,10
2026-06-01 19:59:10,Consular,NEW DELHI,24 Jul 2026,2
2026-06-01 19:59:10,OFC,NEW DELHI VAC,08 Jan 2027,4
2026-06-01 19:59:31,Consular,KOLKATA,17 Aug 2026,2
2026-06-01 19:59:31,OFC,KOLKATA VAC,09 Nov 2026,10
2026-06-01 19:59:31,Consular,NEW DELHI,24 Jul 2026,2
2026-06-01 19:59:31,OFC,NEW DELHI VAC,08 Jan 2027,4
2026-06-01 19:59:48,OFC,HYDERABAD VAC,09 Nov 2026,13
2026-06-01 19:59:48,Consular,KOLKATA,17 Aug 2026,2
2026-06-01 19:59:48,Consular,NEW DELHI,24 Jul 2026,2
2026-06-01 20:00:08,Consular,KOLKATA,17 Aug 2026,2
2026-06-01 20:00:08,Consular,NEW DELHI,24 Jul 2026,2
2026-06-01 20:00:26,Consular,KOLKATA,17 Aug 2026,2
2026-06-01 20:00:26,Consular,NEW DELHI,24 Jul 2026,2
2026-06-01 20:00:26,OFC,NEW DELHI VAC,27 Nov 2026,5
2026-06-01 20:00:44,OFC,CHENNAI VAC,20 Oct 2026,3
2026-06-01 20:00:44,OFC,HYDERABAD VAC,30 Oct 2026,17
2026-06-01 20:00:44,Consular,KOLKATA,17 Aug 2026,2
2026-06-01 20:00:44,Consular,NEW DELHI,24 Jul 2026,2
2026-06-01 20:01:02,OFC,CHENNAI VAC,20 Oct 2026,3
2026-06-01 20:01:02,OFC,HYDERABAD VAC,30 Oct 2026,17
2026-06-01 20:01:02,Consular,KOLKATA,17 Aug 2026,2
2026-06-01 20:01:02,Consular,NEW DELHI,24 Jul 2026,2
2026-06-01 20:01:02,OFC,NEW DELHI VAC,27 Nov 2026,5
2026-06-01 20:01:20,OFC,CHENNAI VAC,20 Oct 2026,3
2026-06-01 20:01:20,OFC,HYDERABAD VAC,04 Nov 2026,13
2026-06-01 20:01:20,Consular,KOLKATA,17 Aug 2026,2
2026-06-01 20:01:20,Consular,NEW DELHI,24 Jul 2026,2
2026-06-01 20:01:39,OFC,CHENNAI VAC,20 Oct 2026,3
2026-06-01 20:01:39,Consular,KOLKATA,17 Aug 2026,2
2026-06-01 20:01:39,Consular,NEW DELHI,24 Jul 2026,2
2026-06-01 20:01:58,OFC,CHENNAI VAC,20 Oct 2026,3
2026-06-01 20:01:58,Consular,KOLKATA,17 Aug 2026,2
2026-06-01 20:01:58,Consular,NEW DELHI,24 Jul 2026,2
2026-06-01 20:02:17,OFC,CHENNAI VAC,20 Oct 2026,3
2026-06-01 20:02:17,OFC,HYDERABAD VAC,30 Oct 2026,17
2026-06-01 20:02:17,Consular,KOLKATA,17 Aug 2026,2
2026-06-01 20:02:17,Consular,NEW DELHI,24 Jul 2026,2
2026-06-01 20:02:34,OFC,CHENNAI VAC,20 Oct 2026,3
2026-06-01 20:02:34,OFC,HYDERABAD VAC,30 Oct 2026,17
2026-06-01 20:02:34,Consular,KOLKATA,17 Aug 2026,2
2026-06-01 20:02:34,Consular,NEW DELHI,24 Jul 2026,2
2026-06-01 20:02:53,OFC,HYDERABAD VAC,30 Oct 2026,17
2026-06-01 20:02:53,Consular,KOLKATA,17 Aug 2026,2
2026-06-01 20:02:53,Consular,NEW DELHI,24 Jul 2026,2
2026-06-01 20:03:14,OFC,CHENNAI VAC,20 Oct 2026,3
2026-06-01 20:03:14,Consular,KOLKATA,17 Aug 2026,2
2026-06-01 20:03:14,OFC,KOLKATA VAC,04 Nov 2026,13
2026-06-01 20:03:14,Consular,NEW DELHI,24 Jul 2026,2
2026-06-01 20:03:14,OFC,NEW DELHI VAC,27 Nov 2026,1
2026-06-01 20:03:35,OFC,HYDERABAD VAC,30 Oct 2026,17
2026-06-01 20:03:35,Consular,KOLKATA,17 Aug 2026,2
2026-06-01 20:03:35,OFC,KOLKATA VAC,04 Nov 2026,13
2026-06-01 20:03:35,Consular,NEW DELHI,24 Jul 2026,2
2026-06-01 20:03:35,OFC,NEW DELHI VAC,27 Nov 2026,1
2026-06-01 20:03:57,OFC,HYDERABAD VAC,30 Oct 2026,17
2026-06-01 20:03:57,Consular,KOLKATA,17 Aug 2026,2
2026-06-01 20:03:57,OFC,KOLKATA VAC,04 Nov 2026,13
2026-06-01 20:03:57,Consular,NEW DELHI,24 Jul 2026,2
2026-06-01 20:03:57,OFC,NEW DELHI VAC,27 Nov 2026,1
2026-06-01 20:04:14,OFC,CHENNAI VAC,23 Oct 2026,2
2026-06-01 20:04:14,OFC,HYDERABAD VAC,30 Oct 2026,17
2026-06-01 20:04:14,Consular,KOLKATA,17 Aug 2026,2
2026-06-01 20:04:14,OFC,KOLKATA VAC,04 Nov 2026,13
2026-06-01 20:04:14,Consular,NEW DELHI,24 Jul 2026,2
2026-06-01 20:04:14,OFC,NEW DELHI VAC,27 Nov 2026,1
2026-06-01 20:04:31,OFC,CHENNAI VAC,23 Oct 2026,2
2026-06-01 20:04:31,OFC,HYDERABAD VAC,30 Oct 2026,17
2026-06-01 20:04:31,Consular,KOLKATA,17 Aug 2026,2
2026-06-01 20:04:31,OFC,KOLKATA VAC,04 Nov 2026,13
2026-06-01 20:04:31,Consular,NEW DELHI,24 Jul 2026,2
2026-06-01 20:04:31,OFC,NEW DELHI VAC,27 Nov 2026,1
2026-06-01 20:04:51,OFC,CHENNAI VAC,23 Oct 2026,2
2026-06-01 20:04:51,OFC,HYDERABAD VAC,30 Oct 2026,17
2026-06-01 20:04:51,Consular,KOLKATA,17 Aug 2026,2
2026-06-01 20:04:51,OFC,KOLKATA VAC,04 Nov 2026,13
2026-06-01 20:04:51,Consular,NEW DELHI,24 Jul 2026,2
2026-06-01 20:04:51,OFC,NEW DELHI VAC,27 Nov 2026,1
2026-06-01 20:05:11,Consular,KOLKATA,17 Aug 2026,2
2026-06-01 20:05:11,OFC,KOLKATA VAC,04 Nov 2026,13
2026-06-01 20:05:11,Consular,NEW DELHI,07 Dec 2026,1
2026-06-01 20:05:31,OFC,KOLKATA VAC,04 Nov 2026,13
2026-06-01 20:05:31,Consular,NEW DELHI,07 Dec 2026,1
2026-06-01 20:05:48,OFC,KOLKATA VAC,04 Nov 2026,13
2026-06-01 20:05:48,Consular,NEW DELHI,07 Dec 2026,1
2026-06-01 20:06:06,Consular,NEW DELHI,07 Dec 2026,1
2026-06-01 20:06:24,OFC,CHENNAI VAC,23 Oct 2026,2
2026-06-01 20:06:24,Consular,NEW DELHI,24 Jul 2026,2
2026-06-01 20:06:42,OFC,CHENNAI VAC,23 Oct 2026,2
2026-06-01 20:06:42,OFC,HYDERABAD VAC,09 Nov 2026,13
2026-06-01 20:06:42,Consular,NEW DELHI,24 Jul 2026,2
2026-06-01 20:07:04,OFC,HYDERABAD VAC,09 Nov 2026,13
2026-06-01 20:07:04,Consular,NEW DELHI,24 Jul 2026,2
2026-06-01 20:07:22,OFC,KOLKATA VAC,09 Nov 2026,10
2026-06-01 20:07:22,Consular,NEW DELHI,24 Jul 2026,2
2026-06-01 20:07:40,OFC,HYDERABAD VAC,09 Nov 2026,13
2026-06-01 20:07:40,Consular,NEW DELHI,24 Jul 2026,2
2026-06-01 20:07:58,Consular,NEW DELHI,24 Jul 2026,2
2026-06-01 20:08:15,Consular,NEW DELHI,24 Jul 2026,2
2026-06-01 20:08:36,Consular,NEW DELHI,24 Jul 2026,2
2026-06-01 20:08:53,Consular,NEW DELHI,24 Jul 2026,2
2026-06-01 20:09:10,Consular,NEW DELHI,24 Jul 2026,2
2026-06-01 20:09:31,Consular,NEW DELHI,24 Jul 2026,2
2026-06-01 20:09:52,Consular,NEW DELHI,24 Jul 2026,2
2026-06-01 20:10:09,Consular,NEW DELHI,24 Jul 2026,2
2026-06-01 20:10:30,Consular,NEW DELHI,24 Jul 2026,2
2026-06-01 20:10:48,Consular,NEW DELHI,24 Jul 2026,2
2026-06-01 20:11:07,Consular,NEW DELHI,24 Jul 2026,2
2026-06-01 20:11:25,Consular,NEW DELHI,24 Jul 2026,2
2026-06-01 20:11:45,Consular,KOLKATA,17 Aug 2026,2
2026-06-01 20:11:45,Consular,NEW DELHI,24 Jul 2026,2
2026-06-01 20:12:04,Consular,KOLKATA,17 Aug 2026,2
2026-06-01 20:12:04,Consular,NEW DELHI,24 Jul 2026,2
2026-06-01 20:12:24,Consular,KOLKATA,17 Aug 2026,2
2026-06-01 20:12:24,Consular,NEW DELHI,24 Jul 2026,2
2026-06-01 20:12:44,Consular,KOLKATA,17 Aug 2026,2
2026-06-01 20:12:44,Consular,NEW DELHI,24 Jul 2026,2
2026-06-01 20:13:04,Consular,KOLKATA,17 Aug 2026,2
2026-06-01 20:13:04,Consular,NEW DELHI,24 Jul 2026,2
2026-06-01 20:13:20,Consular,KOLKATA,17 Aug 2026,2
2026-06-01 20:13:20,Consular,NEW DELHI,24 Jul 2026,2
2026-06-01 20:13:38,Consular,KOLKATA,17 Aug 2026,2
2026-06-01 20:13:38,Consular,NEW DELHI,24 Jul 2026,2
2026-06-01 20:13:56,Consular,KOLKATA,17 Aug 2026,2
2026-06-01 20:13:56,Consular,NEW DELHI,24 Jul 2026,2
2026-06-01 20:14:13,Consular,KOLKATA,17 Aug 2026,2
2026-06-01 20:14:13,Consular,NEW DELHI,24 Jul 2026,2
2026-06-01 20:14:32,Consular,KOLKATA,17 Aug 2026,2
2026-06-01 20:14:32,Consular,NEW DELHI,24 Jul 2026,2
2026-06-01 20:14:53,Consular,KOLKATA,17 Aug 2026,2
2026-06-01 20:15:11,Consular,KOLKATA,17 Aug 2026,2
2026-06-01 20:21:01,Consular,KOLKATA,17 Aug 2026,2
2026-06-01 20:21:22,Consular,KOLKATA,17 Aug 2026,2
2026-06-01 20:21:42,Consular,KOLKATA,17 Aug 2026,2
2026-06-01 20:22:01,Consular,KOLKATA,17 Aug 2026,2
2026-06-01 20:22:17,Consular,KOLKATA,17 Aug 2026,2
2026-06-01 20:22:38,Consular,KOLKATA,17 Aug 2026,2
2026-06-01 20:22:38,Consular,NEW DELHI,24 Jul 2026,2
2026-06-01 20:22:56,Consular,KOLKATA,17 Aug 2026,2
2026-06-01 20:22:56,Consular,NEW DELHI,24 Jul 2026,2
2026-06-01 20:23:13,Consular,KOLKATA,17 Aug 2026,2
2026-06-01 20:23:13,Consular,NEW DELHI,24 Jul 2026,2
2026-06-01 20:23:33,Consular,KOLKATA,17 Aug 2026,2
2026-06-01 20:23:33,Consular,NEW DELHI,24 Jul 2026,2
2026-06-01 20:23:54,Consular,KOLKATA,17 Aug 2026,2
2026-06-01 20:23:54,Consular,NEW DELHI,24 Jul 2026,2
2026-06-01 20:24:13,Consular,KOLKATA,17 Aug 2026,2
2026-06-01 20:24:13,Consular,NEW DELHI,24 Jul 2026,2
2026-06-01 20:24:34,Consular,KOLKATA,17 Aug 2026,2
2026-06-01 20:24:34,Consular,NEW DELHI,24 Jul 2026,2
2026-06-01 20:24:55,Consular,KOLKATA,17 Aug 2026,2
2026-06-01 20:24:55,Consular,NEW DELHI,24 Jul 2026,2
2026-06-01 20:25:13,Consular,KOLKATA,17 Aug 2026,2
2026-06-01 20:25:13,Consular,NEW DELHI,24 Jul 2026,2
2026-06-01 20:25:30,Consular,KOLKATA,17 Aug 2026,2
2026-06-01 20:25:30,Consular,NEW DELHI,24 Jul 2026,2
2026-06-01 20:25:51,Consular,KOLKATA,17 Aug 2026,2
2026-06-01 20:25:51,Consular,NEW DELHI,24 Jul 2026,2
2026-06-01 20:26:10,OFC,HYDERABAD VAC,09 Dec 2026,5
2026-06-01 20:26:10,Consular,KOLKATA,17 Aug 2026,2
2026-06-01 20:26:10,OFC,MUMBAI VAC,09 Dec 2026,2
2026-06-01 20:26:10,Consular,NEW DELHI,24 Jul 2026,2
2026-06-01 20:26:27,OFC,HYDERABAD VAC,09 Dec 2026,5
2026-06-01 20:26:27,Consular,KOLKATA,17 Aug 2026,2
2026-06-01 20:26:27,OFC,MUMBAI VAC,09 Dec 2026,2
2026-06-01 20:26:27,Consular,NEW DELHI,24 Jul 2026,2
2026-06-01 20:26:45,OFC,HYDERABAD VAC,09 Dec 2026,5
2026-06-01 20:26:45,Consular,KOLKATA,17 Aug 2026,2
2026-06-01 20:26:45,OFC,MUMBAI VAC,09 Dec 2026,2
2026-06-01 20:26:45,Consular,NEW DELHI,24 Jul 2026,2
2026-06-01 20:27:03,OFC,HYDERABAD VAC,09 Dec 2026,5
2026-06-01 20:27:03,Consular,KOLKATA,17 Aug 2026,2
2026-06-01 20:27:03,OFC,MUMBAI VAC,09 Dec 2026,2
2026-06-01 20:27:03,Consular,NEW DELHI,24 Jul 2026,2
2026-06-01 20:27:20,OFC,HYDERABAD VAC,09 Dec 2026,4
2026-06-01 20:27:20,Consular,KOLKATA,17 Aug 2026,2
2026-06-01 20:27:20,OFC,MUMBAI VAC,09 Dec 2026,2
2026-06-01 20:27:20,Consular,NEW DELHI,24 Jul 2026,2
2026-06-01 20:27:38,OFC,HYDERABAD VAC,09 Dec 2026,4
2026-06-01 20:27:38,Consular,KOLKATA,17 Aug 2026,2
2026-06-01 20:27:38,Consular,MUMBAI,07 Jan 2027,1
2026-06-01 20:27:38,OFC,MUMBAI VAC,09 Dec 2026,2
2026-06-01 20:27:38,Consular,NEW DELHI,24 Jul 2026,2
2026-06-01 20:27:57,OFC,HYDERABAD VAC,16 Dec 2026,2
2026-06-01 20:27:57,Consular,KOLKATA,17 Aug 2026,2
2026-06-01 20:27:57,Consular,MUMBAI,07 Jan 2027,1
2026-06-01 20:27:57,OFC,MUMBAI VAC,09 Dec 2026,2
2026-06-01 20:27:57,Consular,NEW DELHI,24 Jul 2026,2
2026-06-01 20:28:16,OFC,HYDERABAD VAC,16 Dec 2026,2
2026-06-01 20:28:16,Consular,KOLKATA,17 Aug 2026,2
2026-06-01 20:28:16,Consular,MUMBAI,07 Jan 2027,1
2026-06-01 20:28:16,OFC,MUMBAI VAC,09 Dec 2026,2
2026-06-01 20:28:16,Consular,NEW DELHI,24 Jul 2026,2
2026-06-01 20:28:34,Consular,KOLKATA,17 Aug 2026,2
2026-06-01 20:28:34,Consular,MUMBAI,07 Jan 2027,1
2026-06-01 20:28:34,OFC,MUMBAI VAC,09 Dec 2026,2
2026-06-01 20:28:34,Consular,NEW DELHI,24 Jul 2026,2
2026-06-01 20:28:51,Consular,KOLKATA,17 Aug 2026,2
2026-06-01 20:28:51,OFC,MUMBAI VAC,09 Dec 2026,2
2026-06-01 20:28:51,Consular,NEW DELHI,24 Jul 2026,2
2026-06-01 20:29:09,Consular,KOLKATA,17 Aug 2026,2
2026-06-01 20:29:09,OFC,MUMBAI VAC,09 Dec 2026,2
2026-06-01 20:29:09,Consular,NEW DELHI,24 Jul 2026,2
2026-06-01 20:29:29,Consular,KOLKATA,17 Aug 2026,2
2026-06-01 20:29:29,OFC,MUMBAI VAC,09 Dec 2026,2
2026-06-01 20:29:29,Consular,NEW DELHI,24 Jul 2026,2
2026-06-01 20:29:46,Consular,KOLKATA,17 Aug 2026,2
2026-06-01 20:29:46,Consular,NEW DELHI,24 Jul 2026,2
2026-06-01 20:30:06,Consular,KOLKATA,17 Aug 2026,2
2026-06-01 20:30:06,Consular,MUMBAI,07 Jan 2027,1
2026-06-01 20:30:06,Consular,NEW DELHI,24 Jul 2026,2
2026-06-01 20:30:23,OFC,CHENNAI VAC,03 Jun 2026,1
2026-06-01 20:30:23,Consular,KOLKATA,17 Aug 2026,2
2026-06-01 20:30:23,Consular,MUMBAI,07 Jan 2027,1
2026-06-01 20:30:23,Consular,NEW DELHI,24 Jul 2026,2
2026-06-01 20:30:42,OFC,CHENNAI VAC,03 Jun 2026,1
2026-06-01 20:30:42,Consular,KOLKATA,17 Aug 2026,2
2026-06-01 20:30:42,Consular,MUMBAI,07 Jan 2027,1
2026-06-01 20:30:42,Consular,NEW DELHI,24 Jul 2026,2
2026-06-01 20:31:00,Consular,CHENNAI,05 Aug 2026,1
2026-06-01 20:31:00,Consular,KOLKATA,17 Aug 2026,2
2026-06-01 20:31:00,Consular,MUMBAI,22 Jun 2026,1
2026-06-01 20:31:00,Consular,NEW DELHI,24 Jul 2026,2
2026-06-01 20:31:17,Consular,CHENNAI,05 Aug 2026,1
2026-06-01 20:31:17,Consular,KOLKATA,17 Aug 2026,2
2026-06-01 20:31:17,Consular,MUMBAI,22 Jun 2026,1
2026-06-01 20:31:17,Consular,NEW DELHI,24 Jul 2026,2
2026-06-01 20:31:17,OFC,NEW DELHI VAC,11 Jun 2026,1
2026-06-01 20:31:36,Consular,CHENNAI,05 Aug 2026,1
2026-06-01 20:31:36,Consular,KOLKATA,17 Aug 2026,2
2026-06-01 20:31:36,Consular,NEW DELHI,24 Jul 2026,2
2026-06-01 20:31:56,Consular,CHENNAI,05 Aug 2026,1
2026-06-01 20:31:56,Consular,KOLKATA,17 Aug 2026,2
2026-06-01 20:31:56,Consular,NEW DELHI,24 Jul 2026,2
2026-06-01 20:32:13,Consular,CHENNAI,05 Aug 2026,1
2026-06-01 20:32:13,Consular,KOLKATA,17 Aug 2026,2
2026-06-01 20:32:13,Consular,NEW DELHI,24 Jul 2026,2
2026-06-01 20:32:31,Consular,CHENNAI,05 Aug 2026,1
2026-06-01 20:32:31,Consular,KOLKATA,17 Aug 2026,2
2026-06-01 20:32:31,Consular,NEW DELHI,24 Jul 2026,2
2026-06-01 20:32:48,Consular,CHENNAI,05 Aug 2026,1
2026-06-01 20:32:48,Consular,KOLKATA,17 Aug 2026,2
2026-06-01 20:32:48,Consular,NEW DELHI,24 Jul 2026,2
2026-06-01 20:33:07,Consular,CHENNAI,05 Aug 2026,1
2026-06-01 20:33:07,Consular,KOLKATA,17 Aug 2026,2
2026-06-01 20:33:07,Consular,NEW DELHI,24 Jul 2026,2
2026-06-01 20:33:28,Consular,CHENNAI,05 Aug 2026,1
2026-06-01 20:33:28,Consular,KOLKATA,17 Aug 2026,2
2026-06-01 20:33:28,Consular,NEW DELHI,24 Jul 2026,2
2026-06-01 20:33:49,Consular,CHENNAI,05 Aug 2026,1
2026-06-01 20:33:49,Consular,KOLKATA,17 Aug 2026,2
2026-06-01 20:33:49,Consular,NEW DELHI,24 Jul 2026,2
2026-06-01 20:34:10,Consular,CHENNAI,05 Aug 2026,1
2026-06-01 20:34:10,Consular,KOLKATA,17 Aug 2026,2
2026-06-01 20:34:10,Consular,NEW DELHI,24 Jul 2026,2
2026-06-01 20:34:33,Consular,CHENNAI,05 Aug 2026,1
2026-06-01 20:34:33,Consular,KOLKATA,17 Aug 2026,2
2026-06-01 20:34:33,Consular,NEW DELHI,24 Jul 2026,2
2026-06-01 20:34:50,Consular,CHENNAI,05 Aug 2026,1
2026-06-01 20:34:50,Consular,KOLKATA,17 Aug 2026,2
2026-06-01 20:34:50,Consular,NEW DELHI,24 Jul 2026,2
2026-06-01 20:35:08,Consular,CHENNAI,05 Aug 2026,1
2026-06-01 20:35:08,Consular,KOLKATA,17 Aug 2026,2
2026-06-01 20:35:08,Consular,NEW DELHI,24 Jul 2026,2
2026-06-01 20:35:27,Consular,CHENNAI,05 Aug 2026,1
2026-06-01 20:35:27,Consular,KOLKATA,17 Aug 2026,2
2026-06-01 20:35:27,Consular,NEW DELHI,24 Jul 2026,2
2026-06-01 20:35:46,Consular,CHENNAI,05 Aug 2026,1
2026-06-01 20:35:46,Consular,KOLKATA,17 Aug 2026,2
2026-06-01 20:35:46,Consular,NEW DELHI,24 Jul 2026,2
2026-06-01 20:36:04,Consular,CHENNAI,05 Aug 2026,1
2026-06-01 20:36:04,Consular,KOLKATA,17 Aug 2026,2
2026-06-01 20:36:04,Consular,NEW DELHI,24 Jul 2026,2
2026-06-01 20:36:24,Consular,CHENNAI,05 Aug 2026,1
2026-06-01 20:36:24,Consular,KOLKATA,17 Aug 2026,2
2026-06-01 20:36:24,Consular,NEW DELHI,24 Jul 2026,2
2026-06-01 20:36:44,Consular,CHENNAI,05 Aug 2026,1
2026-06-01 20:36:44,Consular,KOLKATA,17 Aug 2026,2
2026-06-01 20:36:44,Consular,NEW DELHI,24 Jul 2026,2
2026-06-01 20:37:01,Consular,CHENNAI,05 Aug 2026,1
2026-06-01 20:37:01,Consular,KOLKATA,17 Aug 2026,2
2026-06-01 20:37:01,Consular,NEW DELHI,24 Jul 2026,2
2026-06-01 20:37:22,Consular,CHENNAI,05 Aug 2026,1
2026-06-01 20:37:22,Consular,KOLKATA,17 Aug 2026,2
2026-06-01 20:37:22,Consular,NEW DELHI,24 Jul 2026,2
2026-06-01 20:37:39,Consular,CHENNAI,05 Aug 2026,1
2026-06-01 20:37:39,Consular,KOLKATA,17 Aug 2026,2
2026-06-01 20:37:39,Consular,NEW DELHI,24 Jul 2026,2
2026-06-01 20:37:57,Consular,CHENNAI,05 Aug 2026,1
2026-06-01 20:37:57,Consular,KOLKATA,17 Aug 2026,2
2026-06-01 20:37:57,Consular,NEW DELHI,24 Jul 2026,2
2026-06-01 20:38:17,Consular,CHENNAI,05 Aug 2026,1
2026-06-01 20:38:17,Consular,KOLKATA,17 Aug 2026,2
2026-06-01 20:38:17,Consular,NEW DELHI,24 Jul 2026,2
2026-06-01 20:38:37,Consular,CHENNAI,05 Aug 2026,1
2026-06-01 20:38:37,Consular,KOLKATA,17 Aug 2026,2
2026-06-01 20:38:37,Consular,NEW DELHI,24 Jul 2026,2
2026-06-01 20:38:55,Consular,CHENNAI,05 Aug 2026,1
2026-06-01 20:38:55,Consular,KOLKATA,17 Aug 2026,2
2026-06-01 20:38:55,Consular,NEW DELHI,24 Jul 2026,2
2026-06-01 20:39:16,Consular,CHENNAI,05 Aug 2026,1
2026-06-01 20:39:16,Consular,KOLKATA,17 Aug 2026,2
2026-06-01 20:39:16,Consular,NEW DELHI,24 Jul 2026,2
2026-06-01 20:39:37,Consular,CHENNAI,05 Aug 2026,1
2026-06-01 20:39:37,Consular,KOLKATA,17 Aug 2026,2
2026-06-01 20:39:37,Consular,NEW DELHI,24 Jul 2026,2
2026-06-01 20:39:58,Consular,CHENNAI,05 Aug 2026,1
2026-06-01 20:39:58,Consular,KOLKATA,17 Aug 2026,2
2026-06-01 20:39:58,Consular,NEW DELHI,24 Jul 2026,2
2026-06-01 20:40:16,Consular,CHENNAI,05 Aug 2026,1
2026-06-01 20:40:16,Consular,KOLKATA,17 Aug 2026,2
2026-06-01 20:40:16,Consular,NEW DELHI,24 Jul 2026,2
2026-06-01 20:40:38,Consular,CHENNAI,05 Aug 2026,1
2026-06-01 20:40:38,Consular,KOLKATA,17 Aug 2026,2
2026-06-01 20:40:38,Consular,NEW DELHI,24 Jul 2026,2
2026-06-01 20:40:59,Consular,CHENNAI,05 Aug 2026,1
2026-06-01 20:40:59,Consular,KOLKATA,17 Aug 2026,2
2026-06-01 20:40:59,Consular,NEW DELHI,24 Jul 2026,2
2026-06-01 20:41:17,Consular,CHENNAI,05 Aug 2026,1
2026-06-01 20:41:17,Consular,KOLKATA,17 Aug 2026,2
2026-06-01 20:41:17,Consular,NEW DELHI,24 Jul 2026,2
2026-06-01 20:41:35,Consular,CHENNAI,05 Aug 2026,1
2026-06-01 20:41:35,Consular,KOLKATA,17 Aug 2026,2
2026-06-01 20:41:35,Consular,NEW DELHI,24 Jul 2026,2
2026-06-01 20:41:53,Consular,CHENNAI,05 Aug 2026,1
2026-06-01 20:41:53,Consular,KOLKATA,17 Aug 2026,2
2026-06-01 20:41:53,Consular,NEW DELHI,24 Jul 2026,2
2026-06-01 20:42:12,Consular,CHENNAI,05 Aug 2026,1
2026-06-01 20:42:12,Consular,KOLKATA,17 Aug 2026,2
2026-06-01 20:42:12,Consular,NEW DELHI,24 Jul 2026,2
2026-06-01 20:42:32,Consular,CHENNAI,05 Aug 2026,1
2026-06-01 20:42:32,Consular,KOLKATA,17 Aug 2026,2
2026-06-01 20:42:32,Consular,NEW DELHI,24 Jul 2026,2
2026-06-01 20:42:51,Consular,CHENNAI,05 Aug 2026,1
2026-06-01 20:42:51,Consular,KOLKATA,17 Aug 2026,2
2026-06-01 20:42:51,Consular,NEW DELHI,24 Jul 2026,2
2026-06-01 20:43:09,Consular,CHENNAI,05 Aug 2026,1
2026-06-01 20:43:09,Consular,KOLKATA,17 Aug 2026,2
2026-06-01 20:43:09,Consular,NEW DELHI,24 Jul 2026,2
2026-06-01 20:43:26,Consular,CHENNAI,05 Aug 2026,1
2026-06-01 20:43:26,Consular,KOLKATA,17 Aug 2026,2
2026-06-01 20:43:26,Consular,NEW DELHI,24 Jul 2026,2
2026-06-01 20:43:45,Consular,CHENNAI,05 Aug 2026,1
2026-06-01 20:43:45,Consular,KOLKATA,17 Aug 2026,2
2026-06-01 20:43:45,Consular,NEW DELHI,24 Jul 2026,2
2026-06-01 20:44:04,Consular,CHENNAI,05 Aug 2026,1
2026-06-01 20:44:04,Consular,KOLKATA,17 Aug 2026,2
2026-06-01 20:44:04,Consular,NEW DELHI,24 Jul 2026,2
2026-06-01 20:44:22,Consular,CHENNAI,05 Aug 2026,1
2026-06-01 20:44:22,Consular,KOLKATA,17 Aug 2026,2
2026-06-01 20:44:22,Consular,NEW DELHI,24 Jul 2026,2
2026-06-01 20:44:43,Consular,CHENNAI,05 Aug 2026,1
2026-06-01 20:44:43,Consular,KOLKATA,17 Aug 2026,2
2026-06-01 20:44:43,Consular,NEW DELHI,24 Jul 2026,2
2026-06-01 20:45:00,Consular,CHENNAI,05 Aug 2026,1
2026-06-01 20:45:00,Consular,KOLKATA,17 Aug 2026,2
2026-06-01 20:45:00,Consular,NEW DELHI,24 Jul 2026,2
2026-06-01 20:45:18,Consular,CHENNAI,05 Aug 2026,1
2026-06-01 20:45:18,Consular,KOLKATA,17 Aug 2026,2
2026-06-01 20:45:18,Consular,NEW DELHI,24 Jul 2026,2
2026-06-01 20:45:35,Consular,CHENNAI,05 Aug 2026,1
2026-06-01 20:45:35,Consular,KOLKATA,17 Aug 2026,2
2026-06-01 20:45:35,Consular,NEW DELHI,24 Jul 2026,2
2026-06-01 20:45:54,Consular,CHENNAI,05 Aug 2026,1
2026-06-01 20:45:54,Consular,KOLKATA,17 Aug 2026,2
2026-06-01 20:45:54,Consular,NEW DELHI,24 Jul 2026,2
2026-06-01 20:46:15,Consular,CHENNAI,05 Aug 2026,1
2026-06-01 20:46:15,Consular,KOLKATA,17 Aug 2026,2
2026-06-01 20:46:15,Consular,NEW DELHI,24 Jul 2026,2
2026-06-01 20:46:15,OFC,NEW DELHI VAC,03 Jun 2026,1
2026-06-01 20:46:35,Consular,CHENNAI,05 Aug 2026,1
2026-06-01 20:46:35,Consular,KOLKATA,17 Aug 2026,2
2026-06-01 20:46:35,Consular,NEW DELHI,24 Jul 2026,2
2026-06-01 20:46:35,OFC,NEW DELHI VAC,03 Jun 2026,1
2026-06-01 20:46:54,Consular,CHENNAI,05 Aug 2026,1
2026-06-01 20:46:54,Consular,KOLKATA,17 Aug 2026,2
2026-06-01 20:46:54,Consular,NEW DELHI,24 Jul 2026,2
2026-06-01 20:47:14,Consular,CHENNAI,05 Aug 2026,1
2026-06-01 20:47:14,Consular,KOLKATA,17 Aug 2026,2
2026-06-01 20:47:14,Consular,NEW DELHI,24 Jul 2026,2
2026-06-01 20:47:31,Consular,CHENNAI,05 Aug 2026,1
2026-06-01 20:47:31,Consular,KOLKATA,17 Aug 2026,2
2026-06-01 20:47:31,Consular,NEW DELHI,24 Jul 2026,2
2026-06-01 20:47:50,Consular,CHENNAI,05 Aug 2026,1
2026-06-01 20:47:50,Consular,KOLKATA,17 Aug 2026,2
2026-06-01 20:47:50,Consular,NEW DELHI,24 Jul 2026,2
2026-06-01 20:48:09,Consular,CHENNAI,05 Aug 2026,1
2026-06-01 20:48:09,Consular,KOLKATA,17 Aug 2026,2
2026-06-01 20:48:09,Consular,NEW DELHI,24 Jul 2026,2
2026-06-01 20:48:29,Consular,CHENNAI,05 Aug 2026,1
2026-06-01 20:48:29,Consular,KOLKATA,17 Aug 2026,2
2026-06-01 20:48:29,Consular,NEW DELHI,24 Jul 2026,2
2026-06-01 20:48:47,Consular,CHENNAI,05 Aug 2026,1
2026-06-01 20:48:47,Consular,KOLKATA,17 Aug 2026,2
2026-06-01 20:48:47,Consular,NEW DELHI,24 Jul 2026,2
2026-06-01 20:49:06,Consular,CHENNAI,05 Aug 2026,1
2026-06-01 20:49:06,Consular,KOLKATA,17 Aug 2026,2
2026-06-01 20:49:06,Consular,NEW DELHI,24 Jul 2026,2
2026-06-01 20:49:26,Consular,CHENNAI,05 Aug 2026,1
2026-06-01 20:49:26,Consular,KOLKATA,17 Aug 2026,2
2026-06-01 20:49:26,Consular,NEW DELHI,24 Jul 2026,2
2026-06-01 20:49:45,Consular,CHENNAI,05 Aug 2026,1
2026-06-01 20:49:45,Consular,KOLKATA,17 Aug 2026,2
2026-06-01 20:49:45,Consular,NEW DELHI,24 Jul 2026,2
2026-06-01 20:50:02,Consular,CHENNAI,05 Aug 2026,1
2026-06-01 20:50:02,Consular,KOLKATA,17 Aug 2026,2
2026-06-01 20:50:02,Consular,NEW DELHI,24 Jul 2026,2
2026-06-01 20:50:22,Consular,CHENNAI,05 Aug 2026,1
2026-06-01 20:50:22,Consular,KOLKATA,17 Aug 2026,2
2026-06-01 20:50:22,Consular,NEW DELHI,24 Jul 2026,2
2026-06-01 20:50:39,Consular,CHENNAI,05 Aug 2026,1
2026-06-01 20:50:39,Consular,KOLKATA,17 Aug 2026,2
2026-06-01 20:50:39,Consular,NEW DELHI,24 Jul 2026,2
2026-06-01 20:50:58,Consular,CHENNAI,05 Aug 2026,1
2026-06-01 20:50:58,Consular,KOLKATA,17 Aug 2026,2
2026-06-01 20:50:58,Consular,NEW DELHI,24 Jul 2026,2
2026-06-01 20:51:14,Consular,CHENNAI,05 Aug 2026,1
2026-06-01 20:51:14,Consular,KOLKATA,17 Aug 2026,2
2026-06-01 20:51:14,Consular,NEW DELHI,24 Jul 2026,2
2026-06-01 20:51:33,Consular,CHENNAI,05 Aug 2026,1
2026-06-01 20:51:33,Consular,KOLKATA,17 Aug 2026,2
2026-06-01 20:51:33,Consular,NEW DELHI,24 Jul 2026,2
2026-06-01 20:51:53,Consular,CHENNAI,05 Aug 2026,1
2026-06-01 20:51:53,Consular,KOLKATA,17 Aug 2026,2
2026-06-01 20:51:53,Consular,NEW DELHI,24 Jul 2026,2
2026-06-01 20:52:10,Consular,CHENNAI,05 Aug 2026,1
2026-06-01 20:52:10,Consular,KOLKATA,17 Aug 2026,2
2026-06-01 20:52:10,Consular,NEW DELHI,24 Jul 2026,2
2026-06-01 20:52:29,Consular,CHENNAI,05 Aug 2026,1
2026-06-01 20:52:29,Consular,KOLKATA,17 Aug 2026,2
2026-06-01 20:52:29,Consular,NEW DELHI,24 Jul 2026,2
2026-06-01 20:52:49,Consular,CHENNAI,05 Aug 2026,1
2026-06-01 20:52:49,Consular,KOLKATA,17 Aug 2026,2
2026-06-01 20:52:49,Consular,NEW DELHI,24 Jul 2026,2
2026-06-01 20:53:06,Consular,CHENNAI,05 Aug 2026,1
2026-06-01 20:53:06,Consular,KOLKATA,17 Aug 2026,2
2026-06-01 20:53:06,Consular,NEW DELHI,24 Jul 2026,2
2026-06-01 20:53:22,Consular,CHENNAI,05 Aug 2026,1
2026-06-01 20:53:22,Consular,KOLKATA,17 Aug 2026,2
2026-06-01 20:53:22,Consular,NEW DELHI,24 Jul 2026,2
2026-06-01 20:53:42,Consular,CHENNAI,05 Aug 2026,1
2026-06-01 20:53:42,Consular,KOLKATA,17 Aug 2026,2
2026-06-01 20:53:42,Consular,NEW DELHI,24 Jul 2026,2
2026-06-01 20:54:02,Consular,CHENNAI,05 Aug 2026,1
2026-06-01 20:54:02,Consular,KOLKATA,17 Aug 2026,2
2026-06-01 20:54:02,Consular,NEW DELHI,24 Jul 2026,2
2026-06-01 20:54:20,Consular,CHENNAI,05 Aug 2026,1
2026-06-01 20:54:20,Consular,KOLKATA,17 Aug 2026,2
2026-06-01 20:54:20,Consular,NEW DELHI,24 Jul 2026,2
2026-06-01 20:54:36,Consular,CHENNAI,05 Aug 2026,1
2026-06-01 20:54:36,Consular,KOLKATA,17 Aug 2026,2
2026-06-01 20:54:36,Consular,NEW DELHI,24 Jul 2026,2
2026-06-01 20:54:55,Consular,CHENNAI,05 Aug 2026,1
2026-06-01 20:54:55,Consular,KOLKATA,17 Aug 2026,2
2026-06-01 20:54:55,Consular,NEW DELHI,24 Jul 2026,2
2026-06-01 20:55:15,Consular,CHENNAI,05 Aug 2026,1
2026-06-01 20:55:15,Consular,KOLKATA,17 Aug 2026,2
2026-06-01 20:55:15,Consular,NEW DELHI,24 Jul 2026,2
2026-06-01 20:55:35,Consular,CHENNAI,05 Aug 2026,1
2026-06-01 20:55:35,Consular,KOLKATA,17 Aug 2026,2
2026-06-01 20:55:35,Consular,NEW DELHI,24 Jul 2026,2
2026-06-01 20:55:53,Consular,CHENNAI,05 Aug 2026,1
2026-06-01 20:55:53,Consular,KOLKATA,17 Aug 2026,2
2026-06-01 20:55:53,Consular,NEW DELHI,24 Jul 2026,2
2026-06-01 20:56:11,Consular,CHENNAI,05 Aug 2026,1
2026-06-01 20:56:11,Consular,KOLKATA,17 Aug 2026,2
2026-06-01 20:56:11,Consular,NEW DELHI,24 Jul 2026,2
2026-06-01 20:56:30,Consular,CHENNAI,05 Aug 2026,1
2026-06-01 20:56:30,Consular,KOLKATA,17 Aug 2026,2
2026-06-01 20:56:30,Consular,NEW DELHI,24 Jul 2026,2
2026-06-01 20:56:50,Consular,CHENNAI,05 Aug 2026,1
2026-06-01 20:56:50,Consular,KOLKATA,17 Aug 2026,2
2026-06-01 20:56:50,Consular,NEW DELHI,24 Jul 2026,2
2026-06-01 22:23:19,Consular,CHENNAI,07 Aug 2026,1
2026-06-01 22:23:19,Consular,KOLKATA,17 Aug 2026,2
2026-06-01 22:23:38,Consular,CHENNAI,07 Aug 2026,1
2026-06-01 22:23:38,Consular,KOLKATA,17 Aug 2026,2
2026-06-01 22:23:58,Consular,KOLKATA,17 Aug 2026,2
2026-06-01 22:24:18,Consular,KOLKATA,17 Aug 2026,2
2026-06-01 22:24:40,Consular,KOLKATA,17 Aug 2026,2
2026-06-01 22:24:59,Consular,KOLKATA,17 Aug 2026,2
2026-06-01 22:25:16,Consular,KOLKATA,17 Aug 2026,2
2026-06-01 22:26:14,Consular,MUMBAI,08 Jan 2027,1
2026-06-01 22:26:14,OFC,NEW DELHI VAC,06 Jan 2027,1
2026-06-01 22:26:35,OFC,HYDERABAD VAC,03 Jun 2026,17
2026-06-01 22:26:35,Consular,MUMBAI,08 Jan 2027,1
2026-06-01 22:26:55,Consular,MUMBAI,08 Jan 2027,1
2026-06-01 22:27:15,Consular,MUMBAI,08 Jan 2027,1
2026-06-01 22:27:33,Consular,MUMBAI,08 Jan 2027,1
2026-06-01 22:27:50,Consular,MUMBAI,08 Jan 2027,1
2026-06-01 22:28:11,Consular,MUMBAI,08 Jan 2027,1
2026-06-02 01:26:48,OFC,HYDERABAD VAC,14 Dec 2026,3
2026-06-02 01:26:48,OFC,MUMBAI VAC,22 Dec 2026,1
2026-06-02 01:26:48,OFC,NEW DELHI VAC,08 Jan 2027,1
2026-06-02 01:26:49,OFC,HYDERABAD VAC,14 Dec 2026,3
2026-06-02 01:26:49,OFC,MUMBAI VAC,22 Dec 2026,1
2026-06-02 01:26:49,OFC,NEW DELHI VAC,08 Jan 2027,1
2026-06-02 01:27:07,OFC,CHENNAI VAC,20 Oct 2026,1
2026-06-02 01:27:07,OFC,HYDERABAD VAC,14 Dec 2026,3
2026-06-02 01:27:07,OFC,MUMBAI VAC,22 Dec 2026,1
2026-06-02 01:27:07,OFC,NEW DELHI VAC,08 Jan 2027,1
2026-06-02 01:27:10,OFC,CHENNAI VAC,20 Oct 2026,1
2026-06-02 01:27:10,OFC,HYDERABAD VAC,14 Dec 2026,3
2026-06-02 01:27:10,OFC,NEW DELHI VAC,05 Jan 2027,3
2026-06-02 01:27:45,OFC,HYDERABAD VAC,14 Dec 2026,3
2026-06-02 01:27:45,OFC,NEW DELHI VAC,05 Jan 2027,3
2026-06-02 01:27:46,OFC,HYDERABAD VAC,14 Dec 2026,3
2026-06-02 01:27:46,OFC,NEW DELHI VAC,05 Jan 2027,3
2026-06-02 01:28:04,OFC,NEW DELHI VAC,05 Jan 2027,3
2026-06-02 01:28:04,OFC,NEW DELHI VAC,05 Jan 2027,3
2026-06-02 01:28:40,OFC,NEW DELHI VAC,05 Jan 2027,2
2026-06-02 01:28:40,OFC,NEW DELHI VAC,05 Jan 2027,2
2026-06-02 01:28:58,OFC,NEW DELHI VAC,05 Jan 2027,2
2026-06-02 01:29:00,OFC,NEW DELHI VAC,05 Jan 2027,2
2026-06-02 01:29:18,OFC,NEW DELHI VAC,08 Jan 2027,1
2026-06-02 01:29:19,OFC,NEW DELHI VAC,08 Jan 2027,1
2026-06-02 01:29:34,OFC,NEW DELHI VAC,08 Jan 2027,1
2026-06-02 01:29:40,OFC,NEW DELHI VAC,08 Jan 2027,1
2026-06-02 01:29:53,OFC,NEW DELHI VAC,08 Jan 2027,1
2026-06-02 01:29:59,OFC,NEW DELHI VAC,08 Jan 2027,1
2026-06-02 01:44:08,Consular,CHENNAI,08 Jun 2026,2
2026-06-02 01:44:09,Consular,CHENNAI,08 Jun 2026,2
2026-06-02 01:44:27,Consular,CHENNAI,08 Jun 2026,2
2026-06-02 01:44:27,Consular,CHENNAI,08 Jun 2026,2
2026-06-02 01:44:44,Consular,CHENNAI,08 Jun 2026,2
2026-06-02 01:44:45,Consular,CHENNAI,08 Jun 2026,2
2026-06-02 01:45:02,Consular,CHENNAI,08 Jun 2026,2
2026-06-02 01:45:02,Consular,CHENNAI,08 Jun 2026,2
2026-06-02 01:45:22,Consular,CHENNAI,08 Jun 2026,2
2026-06-02 01:45:23,Consular,CHENNAI,08 Jun 2026,2
2026-06-02 01:45:43,Consular,CHENNAI,08 Jun 2026,2
2026-06-02 01:45:43,Consular,CHENNAI,08 Jun 2026,2
2026-06-02 01:45:59,Consular,CHENNAI,08 Jun 2026,2
2026-06-02 01:46:00,Consular,CHENNAI,08 Jun 2026,2
2026-06-02 01:46:17,Consular,CHENNAI,08 Jun 2026,2
2026-06-02 01:46:19,Consular,CHENNAI,08 Jun 2026,2
2026-06-02 13:29:20,OFC,HYDERABAD VAC,14 Dec 2026,3
2026-06-02 13:29:21,OFC,HYDERABAD VAC,14 Dec 2026,3
2026-06-02 13:29:40,OFC,HYDERABAD VAC,14 Dec 2026,3
2026-06-02 13:29:40,OFC,MUMBAI VAC,22 Dec 2026,1
2026-06-02 13:29:40,OFC,NEW DELHI VAC,06 Jan 2027,2
2026-06-02 13:29:42,OFC,HYDERABAD VAC,14 Dec 2026,3
2026-06-02 13:29:42,OFC,NEW DELHI VAC,05 Jan 2027,3
2026-06-02 13:29:59,OFC,HYDERABAD VAC,14 Dec 2026,3
2026-06-02 13:30:03,OFC,HYDERABAD VAC,14 Dec 2026,3
2026-06-02 13:30:20,OFC,CHENNAI VAC,04 Jun 2026,3
2026-06-02 13:30:20,OFC,KOLKATA VAC,03 Jun 2026,11
2026-06-02 13:30:20,OFC,NEW DELHI VAC,03 Jun 2026,4
2026-06-02 13:30:23,OFC,CHENNAI VAC,04 Jun 2026,3
2026-06-02 13:30:23,OFC,KOLKATA VAC,03 Jun 2026,11
2026-06-02 13:30:40,OFC,NEW DELHI VAC,03 Jun 2026,4
2026-06-02 13:30:43,OFC,CHENNAI VAC,04 Jun 2026,2
2026-06-02 13:31:15,OFC,CHENNAI VAC,04 Jun 2026,2
2026-06-05 12:49:30,Consular,KOLKATA,29 Jun 2026,1
2026-06-05 12:49:30,Consular,NEW DELHI,14 Jul 2026,5
2026-06-05 12:49:30,OFC,NEW DELHI VAC,01 Feb 2027,7
2026-06-05 12:49:46,Consular,KOLKATA,29 Jun 2026,1
2026-06-05 12:49:46,Consular,NEW DELHI,14 Jul 2026,5
2026-06-05 12:49:46,OFC,NEW DELHI VAC,01 Feb 2027,7
2026-06-05 12:50:07,Consular,KOLKATA,29 Jun 2026,1
2026-06-05 12:50:07,Consular,NEW DELHI,14 Jul 2026,5
2026-06-05 12:50:07,OFC,NEW DELHI VAC,01 Feb 2027,7
2026-06-05 15:45:40,Consular,HONG KONG,28 Jul 2026,17
2026-06-05 15:45:40,Consular,NEW DELHI,23 Oct 2026,1
2026-06-05 15:45:40,OFC,NEW DELHI VAC,29 Jan 2027,8
2026-06-05 15:45:56,Consular,HONG KONG,28 Jul 2026,17
2026-06-05 15:45:56,Consular,NEW DELHI,23 Oct 2026,1
2026-06-05 15:45:56,OFC,NEW DELHI VAC,01 Feb 2027,7
2026-06-05 15:46:13,Consular,HONG KONG,28 Jul 2026,17
2026-06-05 15:46:13,Consular,NEW DELHI,23 Oct 2026,1
2026-06-05 15:46:13,OFC,NEW DELHI VAC,29 Jan 2027,8
2026-06-05 15:46:30,Consular,HONG KONG,28 Jul 2026,17
2026-06-05 15:46:30,Consular,NEW DELHI,23 Oct 2026,1
2026-06-05 15:46:30,OFC,NEW DELHI VAC,29 Jan 2027,8
2026-06-05 15:46:46,Consular,HONG KONG,28 Jul 2026,17
2026-06-05 15:46:46,Consular,NEW DELHI,23 Oct 2026,1
2026-06-05 15:46:46,OFC,NEW DELHI VAC,29 Jan 2027,8
2026-06-05 15:47:04,Consular,HONG KONG,28 Jul 2026,17
2026-06-05 15:47:04,Consular,NEW DELHI,23 Oct 2026,1
2026-06-05 15:47:04,OFC,NEW DELHI VAC,29 Jan 2027,8
2026-06-05 15:47:22,Consular,HONG KONG,28 Jul 2026,17
2026-06-05 15:47:22,Consular,HYDERABAD,18 Jun 2026,1
2026-06-05 15:47:22,Consular,NEW DELHI,23 Oct 2026,1
2026-06-05 15:47:22,OFC,NEW DELHI VAC,29 Jan 2027,8
2026-06-05 15:47:40,Consular,HONG KONG,28 Jul 2026,17
2026-06-05 15:47:40,Consular,HYDERABAD,18 Jun 2026,1
2026-06-05 15:47:40,Consular,NEW DELHI,23 Oct 2026,1
2026-06-05 15:47:40,OFC,NEW DELHI VAC,29 Jan 2027,8
2026-06-05 15:47:57,Consular,HONG KONG,28 Jul 2026,17
2026-06-05 15:47:57,Consular,HYDERABAD,18 Jun 2026,1
2026-06-05 15:47:57,Consular,NEW DELHI,23 Oct 2026,1
2026-06-05 15:47:57,OFC,NEW DELHI VAC,29 Jan 2027,8
2026-06-05 15:48:14,Consular,HONG KONG,28 Jul 2026,17
2026-06-05 15:48:14,Consular,HYDERABAD,18 Jun 2026,1
2026-06-05 15:48:14,Consular,NEW DELHI,23 Oct 2026,1
2026-06-05 15:48:14,OFC,NEW DELHI VAC,29 Jan 2027,8
2026-06-05 15:48:31,Consular,HYDERABAD,18 Jun 2026,1
2026-06-05 15:48:31,Consular,NEW DELHI,23 Oct 2026,1
2026-06-05 15:48:31,OFC,NEW DELHI VAC,29 Jan 2027,8
2026-06-05 15:48:48,Consular,HYDERABAD,18 Jun 2026,1
2026-06-05 15:48:48,Consular,NEW DELHI,23 Oct 2026,1
2026-06-05 15:48:48,OFC,NEW DELHI VAC,29 Jan 2027,8
2026-06-05 15:49:05,Consular,HYDERABAD,18 Jun 2026,1
2026-06-05 15:49:05,Consular,NEW DELHI,23 Oct 2026,1
2026-06-05 15:49:05,OFC,NEW DELHI VAC,01 Feb 2027,7
2026-06-05 15:49:22,Consular,HYDERABAD,18 Jun 2026,1
2026-06-05 15:49:22,Consular,NEW DELHI,23 Oct 2026,1
2026-06-05 15:49:22,OFC,NEW DELHI VAC,01 Feb 2027,7
2026-06-05 15:49:39,Consular,HYDERABAD,18 Jun 2026,1
2026-06-05 15:49:39,Consular,NEW DELHI,23 Oct 2026,1
2026-06-05 15:49:39,OFC,NEW DELHI VAC,01 Feb 2027,7
2026-06-05 15:49:55,Consular,HYDERABAD,18 Jun 2026,1
2026-06-05 15:49:55,Consular,NEW DELHI,23 Oct 2026,1
2026-06-05 15:49:55,OFC,NEW DELHI VAC,01 Feb 2027,7
2026-06-05 15:50:13,Consular,HYDERABAD,18 Jun 2026,1
2026-06-05 15:50:13,Consular,NEW DELHI,23 Oct 2026,1
2026-06-05 15:50:13,OFC,NEW DELHI VAC,01 Feb 2027,7
2026-06-05 15:50:30,Consular,HYDERABAD,18 Jun 2026,1
2026-06-05 15:50:30,Consular,NEW DELHI,23 Oct 2026,1
2026-06-05 15:50:30,OFC,NEW DELHI VAC,01 Feb 2027,7
2026-06-05 15:50:48,Consular,HYDERABAD,18 Jun 2026,1
2026-06-05 15:50:48,Consular,NEW DELHI,23 Oct 2026,1
2026-06-05 15:51:05,Consular,HYDERABAD,18 Jun 2026,1
2026-06-05 15:51:05,Consular,NEW DELHI,23 Oct 2026,1
2026-06-05 15:51:05,OFC,NEW DELHI VAC,01 Feb 2027,7
2026-06-05 15:51:22,Consular,HYDERABAD,18 Jun 2026,1
2026-06-05 15:51:22,Consular,NEW DELHI,23 Oct 2026,1
2026-06-05 15:51:22,OFC,NEW DELHI VAC,01 Feb 2027,7
2026-06-05 15:51:38,Consular,HYDERABAD,18 Jun 2026,1
2026-06-05 15:51:38,Consular,NEW DELHI,23 Oct 2026,1
2026-06-05 15:51:38,OFC,NEW DELHI VAC,01 Feb 2027,7
2026-06-05 15:51:57,Consular,HYDERABAD,18 Jun 2026,1
2026-06-05 15:51:57,Consular,NEW DELHI,23 Oct 2026,1
2026-06-05 15:51:57,OFC,NEW DELHI VAC,01 Feb 2027,7
2026-06-05 15:52:15,Consular,HYDERABAD,18 Jun 2026,1
2026-06-05 15:52:15,Consular,NEW DELHI,23 Oct 2026,1
2026-06-05 15:52:15,OFC,NEW DELHI VAC,01 Feb 2027,7
2026-06-05 15:52:32,Consular,HYDERABAD,18 Jun 2026,1
2026-06-05 15:52:32,Consular,NEW DELHI,23 Oct 2026,1
2026-06-05 15:52:32,OFC,NEW DELHI VAC,01 Feb 2027,7
2026-06-05 15:52:48,Consular,HYDERABAD,18 Jun 2026,1
2026-06-05 15:52:48,Consular,NEW DELHI,23 Oct 2026,1
2026-06-05 15:52:48,OFC,NEW DELHI VAC,01 Feb 2027,7
2026-06-05 15:53:06,Consular,HYDERABAD,18 Jun 2026,1
2026-06-05 15:53:06,Consular,NEW DELHI,23 Oct 2026,1
2026-06-05 15:53:06,OFC,NEW DELHI VAC,02 Feb 2027,6
2026-06-05 15:53:23,Consular,HYDERABAD,18 Jun 2026,1
2026-06-05 15:53:23,Consular,NEW DELHI,23 Oct 2026,1
2026-06-05 15:53:23,OFC,NEW DELHI VAC,02 Feb 2027,6
2026-06-05 15:53:39,Consular,HYDERABAD,18 Jun 2026,1
2026-06-05 15:53:39,Consular,NEW DELHI,23 Oct 2026,1
2026-06-05 15:53:39,OFC,NEW DELHI VAC,01 Feb 2027,7
2026-06-05 15:53:56,Consular,HYDERABAD,18 Jun 2026,1
2026-06-05 15:53:56,Consular,NEW DELHI,23 Oct 2026,1
2026-06-05 15:54:12,Consular,HYDERABAD,18 Jun 2026,1
2026-06-05 15:54:12,Consular,NEW DELHI,23 Oct 2026,1
2026-06-05 15:54:12,OFC,NEW DELHI VAC,02 Feb 2027,6
2026-06-05 15:54:30,Consular,HYDERABAD,18 Jun 2026,1
2026-06-05 15:54:30,Consular,NEW DELHI,23 Oct 2026,1
2026-06-05 15:54:30,OFC,NEW DELHI VAC,01 Feb 2027,7
2026-06-05 15:54:47,Consular,HYDERABAD,18 Jun 2026,1
2026-06-05 15:54:47,Consular,NEW DELHI,23 Oct 2026,1
2026-06-05 15:54:47,OFC,NEW DELHI VAC,02 Feb 2027,6
2026-06-05 15:55:04,Consular,HYDERABAD,18 Jun 2026,1
2026-06-05 15:55:04,Consular,NEW DELHI,23 Oct 2026,1
2026-06-05 15:55:04,OFC,NEW DELHI VAC,01 Feb 2027,7
2026-06-05 15:55:21,Consular,HYDERABAD,18 Jun 2026,1
2026-06-05 15:55:21,Consular,NEW DELHI,23 Oct 2026,1
2026-06-15 18:51:25,OFC,NEW DELHI VAC,17 Jun 2026,8
2026-06-15 18:53:05,OFC,KOLKATA VAC,17 Jun 2026,26
2026-06-15 18:55:05,OFC,CHENNAI VAC,02 Jul 2026,17
2026-06-15 19:00:32,OFC,CHENNAI VAC,30 Jul 2026,3
2026-06-15 19:00:32,OFC,HYDERABAD VAC,30 Jul 2026,3
2026-06-15 19:01:04,OFC,HYDERABAD VAC,30 Jul 2026,3
2026-06-15 19:01:19,OFC,CHENNAI VAC,13 Aug 2026,2
2026-06-15 19:01:36,OFC,HYDERABAD VAC,20 Aug 2026,1
2026-06-15 19:01:53,OFC,CHENNAI VAC,30 Jul 2026,3
2026-06-15 19:02:09,OFC,CHENNAI VAC,30 Jul 2026,3
2026-06-15 19:02:24,OFC,HYDERABAD VAC,17 Aug 2026,2
2026-06-15 19:02:40,OFC,CHENNAI VAC,13 Aug 2026,2
2026-06-15 19:02:40,OFC,HYDERABAD VAC,30 Jul 2026,3
2026-06-15 19:02:57,OFC,HYDERABAD VAC,30 Jul 2026,3
2026-06-15 19:04:38,OFC,HYDERABAD VAC,30 Jul 2026,3
2026-06-15 19:30:21,OFC,CHENNAI VAC,21 Jun 2026,3
2026-06-15 19:30:21,OFC,HYDERABAD VAC,24 Jun 2026,3
2026-06-15 19:30:21,OFC,NEW DELHI VAC,17 Jun 2026,4
2026-06-15 19:30:37,OFC,CHENNAI VAC,21 Jun 2026,3
2026-06-15 19:30:37,OFC,HYDERABAD VAC,24 Jun 2026,3
2026-06-15 19:30:37,OFC,NEW DELHI VAC,17 Jun 2026,4
2026-06-15 19:30:54,OFC,CHENNAI VAC,21 Jun 2026,3
2026-06-15 19:30:54,OFC,HYDERABAD VAC,24 Jun 2026,3
2026-06-15 19:30:54,OFC,MUMBAI VAC,21 Jun 2026,1
2026-06-15 19:30:54,OFC,NEW DELHI VAC,17 Jun 2026,4
2026-06-15 19:31:10,OFC,CHENNAI VAC,21 Jun 2026,3
2026-06-15 19:31:10,OFC,HYDERABAD VAC,24 Jun 2026,3
2026-06-15 19:31:10,OFC,MUMBAI VAC,21 Jun 2026,1
2026-06-15 19:31:10,OFC,NEW DELHI VAC,17 Jun 2026,4
2026-06-15 19:31:27,OFC,CHENNAI VAC,21 Jun 2026,3
2026-06-15 19:31:27,OFC,HYDERABAD VAC,24 Jun 2026,3
2026-06-15 19:31:27,OFC,MUMBAI VAC,17 Jun 2026,1
2026-06-15 19:31:27,OFC,NEW DELHI VAC,18 Jun 2026,3
2026-06-15 19:31:43,OFC,CHENNAI VAC,21 Jun 2026,3
2026-06-15 19:31:43,OFC,HYDERABAD VAC,24 Jun 2026,3
2026-06-15 19:31:43,OFC,MUMBAI VAC,17 Jun 2026,1
2026-06-15 19:31:43,OFC,NEW DELHI VAC,17 Jun 2026,4
2026-06-15 19:31:59,OFC,CHENNAI VAC,21 Jun 2026,3
2026-06-15 19:31:59,OFC,HYDERABAD VAC,24 Jun 2026,3
2026-06-15 19:31:59,OFC,MUMBAI VAC,17 Jun 2026,1
2026-06-15 19:31:59,OFC,NEW DELHI VAC,17 Jun 2026,4
2026-06-15 19:32:15,OFC,CHENNAI VAC,21 Jun 2026,3
2026-06-15 19:32:15,OFC,HYDERABAD VAC,24 Jun 2026,3
2026-06-15 19:32:15,OFC,MUMBAI VAC,17 Jun 2026,1
2026-06-15 19:32:32,OFC,CHENNAI VAC,21 Jun 2026,3
2026-06-15 19:32:32,OFC,HYDERABAD VAC,24 Jun 2026,3
2026-06-15 19:32:32,OFC,MUMBAI VAC,17 Jun 2026,1
2026-06-15 19:32:49,OFC,HYDERABAD VAC,24 Jun 2026,3
2026-06-15 19:33:06,OFC,HYDERABAD VAC,24 Jun 2026,3
2026-06-15 19:33:06,OFC,NEW DELHI VAC,17 Jun 2026,4
2026-06-15 19:33:40,OFC,NEW DELHI VAC,18 Jun 2026,3
2026-06-15 19:33:56,OFC,CHENNAI VAC,21 Jun 2026,3
2026-06-15 20:00:28,OFC,NEW DELHI VAC,21 Jun 2026,5
2026-06-15 20:00:44,OFC,NEW DELHI VAC,21 Jun 2026,5
2026-06-15 20:01:00,OFC,NEW DELHI VAC,21 Jun 2026,5
2026-06-15 20:01:16,OFC,NEW DELHI VAC,21 Jun 2026,5
2026-06-15 20:01:32,OFC,CHENNAI VAC,21 Jun 2026,7
2026-06-15 20:01:32,OFC,HYDERABAD VAC,26 Jun 2026,3
2026-06-15 20:01:32,OFC,NEW DELHI VAC,21 Jun 2026,5
2026-06-15 20:01:49,OFC,HYDERABAD VAC,26 Jun 2026,3
2026-06-15 20:01:49,Consular,KOLKATA,15 Jul 2026,1
2026-06-15 20:01:49,OFC,NEW DELHI VAC,21 Jun 2026,5
2026-06-15 20:02:05,OFC,HYDERABAD VAC,26 Jun 2026,3
2026-06-15 20:02:05,OFC,NEW DELHI VAC,21 Jun 2026,5
2026-06-15 20:02:22,OFC,HYDERABAD VAC,26 Jun 2026,3
2026-06-15 20:02:22,Consular,MUMBAI,15 Jul 2026,1
2026-06-15 20:02:38,OFC,HYDERABAD VAC,26 Jun 2026,3
2026-06-15 20:02:53,OFC,HYDERABAD VAC,26 Jun 2026,3
2026-06-15 20:03:10,OFC,CHENNAI VAC,21 Jun 2026,7
2026-06-15 20:03:10,OFC,HYDERABAD VAC,26 Jun 2026,3
2026-06-15 20:03:10,OFC,NEW DELHI VAC,21 Jun 2026,5
2026-06-15 20:03:26,OFC,HYDERABAD VAC,26 Jun 2026,3
2026-06-15 20:03:26,OFC,NEW DELHI VAC,25 Aug 2026,3
2026-06-15 20:03:43,OFC,CHENNAI VAC,20 Aug 2026,3
2026-06-15 20:03:43,OFC,HYDERABAD VAC,26 Jun 2026,3
2026-06-15 20:03:43,OFC,NEW DELHI VAC,21 Jun 2026,7
2026-06-15 20:04:01,OFC,HYDERABAD VAC,26 Jun 2026,3
2026-06-15 20:04:01,OFC,NEW DELHI VAC,06 Jan 2027,1
2026-06-15 20:04:18,OFC,CHENNAI VAC,20 Aug 2026,3
2026-06-15 20:04:18,OFC,HYDERABAD VAC,14 Dec 2026,1
2026-06-15 20:04:18,OFC,NEW DELHI VAC,06 Jan 2027,1
2026-06-15 20:04:34,OFC,NEW DELHI VAC,06 Jan 2027,1
2026-06-15 20:04:50,OFC,CHENNAI VAC,20 Aug 2026,3
2026-06-15 20:04:50,OFC,HYDERABAD VAC,14 Dec 2026,1
2026-06-15 20:04:50,OFC,NEW DELHI VAC,21 Jun 2026,5
2026-06-15 20:05:06,OFC,CHENNAI VAC,20 Aug 2026,3
2026-06-15 20:05:06,OFC,NEW DELHI VAC,21 Jun 2026,5
2026-06-15 20:30:24,OFC,CHENNAI VAC,30 Jul 2026,1
2026-06-15 20:30:24,OFC,HYDERABAD VAC,30 Jul 2026,1
2026-06-15 20:31:47,OFC,HYDERABAD VAC,30 Jul 2026,1
2026-06-15 20:32:04,OFC,CHENNAI VAC,30 Jul 2026,1
2026-06-15 20:56:11,OFC,NEW DELHI VAC,07 Dec 2026,1
2026-06-15 20:56:27,OFC,MUMBAI VAC,09 Dec 2026,1
2026-06-15 20:56:45,OFC,NEW DELHI VAC,07 Dec 2026,1
2026-06-15 21:00:24,OFC,CHENNAI VAC,21 Jun 2026,8
2026-06-15 21:00:24,OFC,HYDERABAD VAC,24 Jun 2026,3
2026-06-15 21:00:24,OFC,MUMBAI VAC,21 Jun 2026,2
2026-06-15 21:00:24,OFC,NEW DELHI VAC,17 Jun 2026,9
2026-06-15 21:00:41,OFC,CHENNAI VAC,21 Jun 2026,7
2026-06-15 21:00:41,OFC,HYDERABAD VAC,18 Jun 2026,4
2026-06-15 21:00:41,OFC,NEW DELHI VAC,17 Jun 2026,9
2026-06-15 21:00:57,OFC,CHENNAI VAC,21 Jun 2026,5
2026-06-15 21:00:57,OFC,MUMBAI VAC,21 Jun 2026,2
2026-06-15 21:00:57,OFC,NEW DELHI VAC,17 Jun 2026,8
2026-06-15 21:01:13,OFC,CHENNAI VAC,21 Jun 2026,5
2026-06-15 21:01:13,OFC,MUMBAI VAC,22 Sep 2026,1
2026-06-15 21:01:13,OFC,NEW DELHI VAC,17 Jun 2026,8
2026-06-15 21:01:30,OFC,CHENNAI VAC,21 Jun 2026,7
2026-06-15 21:01:30,OFC,MUMBAI VAC,21 Jun 2026,2
2026-06-15 21:01:30,OFC,NEW DELHI VAC,17 Jun 2026,9
2026-06-15 21:01:46,OFC,CHENNAI VAC,21 Jun 2026,8
2026-06-15 21:01:46,OFC,NEW DELHI VAC,21 Jun 2026,7
2026-06-15 21:02:01,OFC,CHENNAI VAC,21 Jun 2026,8
2026-06-15 21:02:01,OFC,NEW DELHI VAC,24 Sep 2026,3
2026-06-15 21:02:18,OFC,NEW DELHI VAC,24 Sep 2026,3
2026-06-15 21:02:35,OFC,CHENNAI VAC,05 Oct 2026,1
2026-06-15 21:02:52,OFC,HYDERABAD VAC,26 Jun 2026,2
2026-06-15 21:03:08,OFC,CHENNAI VAC,21 Jun 2026,8
2026-06-15 21:03:08,OFC,NEW DELHI VAC,24 Sep 2026,3
2026-06-15 21:03:25,OFC,CHENNAI VAC,21 Jun 2026,8
2026-06-15 21:03:41,OFC,NEW DELHI VAC,24 Sep 2026,3
2026-06-15 21:18:07,OFC,CHENNAI VAC,10 Jul 2026,15
2026-06-15 21:18:40,OFC,HYDERABAD VAC,17 Jun 2026,29
2026-06-15 21:18:56,OFC,CHENNAI VAC,10 Jul 2026,15
2026-06-15 21:18:56,OFC,HYDERABAD VAC,17 Jun 2026,29
2026-06-15 21:24:03,OFC,CHENNAI VAC,10 Jul 2026,15
2026-06-15 21:24:19,OFC,CHENNAI VAC,10 Jul 2026,15
2026-06-15 21:30:48,OFC,CHENNAI VAC,21 Jun 2026,8
2026-06-15 21:31:03,OFC,CHENNAI VAC,21 Jun 2026,8
2026-06-15 21:31:03,OFC,HYDERABAD VAC,26 Jun 2026,3
2026-06-15 21:31:03,Consular,MUMBAI,07 Jul 2026,1
2026-06-15 21:31:20,OFC,CHENNAI VAC,21 Jun 2026,8
2026-06-15 21:31:20,Consular,MUMBAI,07 Jul 2026,1
2026-06-15 21:31:20,OFC,NEW DELHI VAC,21 Jun 2026,3
2026-06-15 21:31:37,OFC,CHENNAI VAC,21 Jun 2026,8
2026-06-15 21:31:37,Consular,MUMBAI,07 Jul 2026,1
2026-06-15 21:31:37,OFC,NEW DELHI VAC,21 Jun 2026,3
2026-06-15 21:31:53,OFC,CHENNAI VAC,21 Jun 2026,8
2026-06-15 21:31:53,Consular,MUMBAI,07 Jul 2026,1
2026-06-15 21:31:53,OFC,NEW DELHI VAC,21 Jun 2026,3
2026-06-15 21:32:10,OFC,CHENNAI VAC,13 Aug 2026,5
2026-06-15 21:32:10,Consular,MUMBAI,07 Jul 2026,1
2026-06-15 21:32:10,OFC,NEW DELHI VAC,21 Jun 2026,3
2026-06-15 21:32:27,OFC,CHENNAI VAC,13 Aug 2026,5
2026-06-15 21:32:27,OFC,NEW DELHI VAC,21 Jun 2026,3
2026-06-15 21:32:45,OFC,CHENNAI VAC,13 Aug 2026,5
2026-06-15 21:32:45,OFC,NEW DELHI VAC,21 Jun 2026,3
2026-06-15 21:33:01,OFC,CHENNAI VAC,13 Aug 2026,5
2026-06-15 21:33:01,OFC,NEW DELHI VAC,21 Jun 2026,3
2026-06-15 21:33:19,OFC,CHENNAI VAC,13 Aug 2026,6
2026-06-15 21:33:19,OFC,NEW DELHI VAC,21 Jun 2026,3
2026-06-15 21:33:36,OFC,CHENNAI VAC,13 Aug 2026,6
2026-06-15 21:33:36,OFC,NEW DELHI VAC,21 Jun 2026,3
2026-06-15 21:33:52,OFC,CHENNAI VAC,13 Aug 2026,6
2026-06-15 21:33:52,OFC,NEW DELHI VAC,21 Jun 2026,3
2026-06-15 21:34:09,OFC,CHENNAI VAC,13 Aug 2026,6
2026-06-15 21:34:09,OFC,NEW DELHI VAC,21 Jun 2026,3
2026-06-15 21:34:26,OFC,CHENNAI VAC,13 Aug 2026,6
2026-06-15 21:34:26,OFC,NEW DELHI VAC,21 Jun 2026,3
2026-06-15 21:34:44,OFC,CHENNAI VAC,13 Aug 2026,6
2026-06-15 21:34:44,OFC,NEW DELHI VAC,21 Jun 2026,3
2026-06-15 21:34:59,OFC,CHENNAI VAC,13 Aug 2026,6
2026-06-15 21:34:59,Consular,MUMBAI,07 Jul 2026,1
2026-06-15 21:34:59,OFC,NEW DELHI VAC,21 Jun 2026,3
2026-06-15 21:35:16,OFC,CHENNAI VAC,13 Aug 2026,6
2026-06-15 21:35:16,Consular,MUMBAI,07 Jul 2026,1
2026-06-15 21:35:16,OFC,NEW DELHI VAC,21 Jun 2026,3
2026-06-15 21:35:34,OFC,CHENNAI VAC,21 Jun 2026,8
2026-06-15 21:35:52,OFC,CHENNAI VAC,13 Aug 2026,6
2026-06-15 21:36:08,OFC,CHENNAI VAC,13 Aug 2026,6
2026-06-15 21:36:25,OFC,CHENNAI VAC,13 Aug 2026,6
2026-06-15 21:36:42,OFC,CHENNAI VAC,13 Aug 2026,6
2026-06-15 21:36:59,OFC,CHENNAI VAC,13 Aug 2026,6
2026-06-15 21:37:16,OFC,CHENNAI VAC,13 Aug 2026,6
2026-06-15 21:37:33,OFC,CHENNAI VAC,13 Aug 2026,6
2026-06-15 21:37:50,OFC,CHENNAI VAC,13 Aug 2026,6
2026-06-15 21:38:08,OFC,CHENNAI VAC,13 Aug 2026,6
2026-06-15 21:41:40,OFC,CHENNAI VAC,13 Aug 2026,6
2026-06-15 21:53:06,OFC,CHENNAI VAC,13 Aug 2026,5
2026-06-15 21:53:24,OFC,CHENNAI VAC,13 Aug 2026,5
2026-06-15 21:53:41,OFC,CHENNAI VAC,13 Aug 2026,5
2026-06-15 21:53:58,OFC,CHENNAI VAC,13 Aug 2026,5
2026-06-15 21:54:14,OFC,CHENNAI VAC,13 Aug 2026,5
2026-06-15 21:54:31,OFC,CHENNAI VAC,13 Aug 2026,5
2026-06-15 21:57:20,OFC,NEW DELHI VAC,06 Jan 2027,6
2026-06-15 21:57:37,OFC,NEW DELHI VAC,12 Jan 2027,5
2026-06-15 21:57:53,OFC,NEW DELHI VAC,12 Jan 2027,5
2026-06-15 21:58:09,OFC,NEW DELHI VAC,13 Jan 2027,4
2026-06-15 21:58:25,OFC,NEW DELHI VAC,19 Jan 2027,3
2026-06-15 21:58:42,OFC,NEW DELHI VAC,19 Jan 2027,3
2026-06-15 21:59:01,OFC,NEW DELHI VAC,19 Jan 2027,3
2026-06-15 21:59:18,OFC,NEW DELHI VAC,19 Jan 2027,3
2026-06-15 21:59:34,OFC,NEW DELHI VAC,27 Jan 2027,1
2026-06-15 21:59:50,OFC,NEW DELHI VAC,27 Jan 2027,1
2026-06-15 22:00:24,OFC,CHENNAI VAC,14 Oct 2026,3
2026-06-15 22:00:24,OFC,HYDERABAD VAC,27 Oct 2026,4
2026-06-15 22:00:24,OFC,MUMBAI VAC,07 Dec 2026,1
2026-06-15 22:00:24,OFC,NEW DELHI VAC,07 Oct 2026,4
2026-06-15 22:00:40,OFC,CHENNAI VAC,14 Oct 2026,3
2026-06-15 22:00:40,OFC,HYDERABAD VAC,27 Oct 2026,4
2026-06-15 22:00:40,OFC,NEW DELHI VAC,15 Oct 2026,3
2026-06-15 22:00:56,OFC,CHENNAI VAC,14 Oct 2026,3
2026-06-15 22:00:56,OFC,HYDERABAD VAC,30 Oct 2026,3
2026-06-15 22:00:56,OFC,NEW DELHI VAC,15 Oct 2026,3
2026-06-15 22:01:13,OFC,CHENNAI VAC,14 Oct 2026,2
2026-06-15 22:01:13,OFC,NEW DELHI VAC,02 Nov 2026,2
2026-06-15 22:01:30,OFC,CHENNAI VAC,14 Oct 2026,2
2026-06-15 22:01:30,OFC,NEW DELHI VAC,07 Dec 2026,1
2026-06-15 22:01:46,OFC,HYDERABAD VAC,30 Oct 2026,3
2026-06-15 22:01:46,OFC,NEW DELHI VAC,07 Dec 2026,1
2026-06-15 22:02:02,OFC,CHENNAI VAC,03 Nov 2026,1
2026-06-15 22:02:02,OFC,HYDERABAD VAC,30 Oct 2026,3
2026-06-15 22:02:02,OFC,NEW DELHI VAC,07 Dec 2026,1
2026-06-15 22:02:19,OFC,CHENNAI VAC,03 Nov 2026,1
2026-06-15 22:02:19,OFC,HYDERABAD VAC,30 Oct 2026,3
2026-06-15 22:02:35,OFC,HYDERABAD VAC,30 Oct 2026,2
2026-06-15 22:03:10,OFC,HYDERABAD VAC,30 Oct 2026,2
2026-06-15 22:03:29,OFC,HYDERABAD VAC,30 Oct 2026,2
2026-06-16 13:30:28,OFC,CHENNAI VAC,21 Jun 2026,4
2026-06-16 13:30:28,OFC,HYDERABAD VAC,26 Jun 2026,2
2026-06-16 13:30:28,OFC,MUMBAI VAC,21 Jun 2026,3
2026-06-16 13:30:28,OFC,NEW DELHI VAC,21 Jun 2026,5
2026-06-16 13:30:46,OFC,CHENNAI VAC,21 Jun 2026,4
2026-06-16 13:30:46,OFC,MUMBAI VAC,23 Jul 2026,2
2026-06-16 13:31:02,Consular,NEW DELHI,29 Jun 2026,2
2026-06-16 13:31:44,OFC,NEW DELHI VAC,21 Jun 2026,5
2026-06-16 13:35:57,OFC,NEW DELHI VAC,21 Jun 2026,5
2026-06-16 14:00:21,OFC,CHENNAI VAC,21 Jun 2026,5
2026-06-16 14:00:21,OFC,HYDERABAD VAC,22 Jun 2026,2
2026-06-16 14:00:21,OFC,MUMBAI VAC,21 Jun 2026,1
2026-06-16 14:26:20,OFC,HYDERABAD VAC,30 Jul 2026,4
2026-06-16 14:26:20,OFC,NEW DELHI VAC,31 Aug 2026,2
2026-06-16 14:26:37,OFC,CHENNAI VAC,30 Jul 2026,8
2026-06-16 14:26:37,OFC,NEW DELHI VAC,31 Aug 2026,2
2026-06-16 14:26:54,OFC,HYDERABAD VAC,30 Jul 2026,4
2026-06-16 14:26:54,OFC,NEW DELHI VAC,02 Sep 2026,1
2026-06-16 14:27:10,OFC,CHENNAI VAC,30 Jul 2026,8
2026-06-16 14:27:27,OFC,CHENNAI VAC,19 Aug 2026,4
2026-06-16 14:27:27,OFC,NEW DELHI VAC,02 Sep 2026,1
2026-06-16 14:27:44,OFC,CHENNAI VAC,19 Aug 2026,4
2026-06-16 14:28:01,OFC,CHENNAI VAC,20 Aug 2026,2
2026-06-16 14:28:17,OFC,CHENNAI VAC,19 Aug 2026,4
2026-06-16 14:30:12,OFC,CHENNAI VAC,18 Jun 2026,14
2026-06-16 14:30:12,OFC,HYDERABAD VAC,26 Jun 2026,4
2026-06-16 14:30:12,OFC,NEW DELHI VAC,21 Jun 2026,8
2026-06-16 14:30:29,OFC,CHENNAI VAC,18 Jun 2026,14
2026-06-16 14:30:29,Consular,HYDERABAD,14 Jul 2026,2
2026-06-16 14:30:29,OFC,HYDERABAD VAC,26 Jun 2026,4
2026-06-16 14:30:29,OFC,MUMBAI VAC,23 Jul 2026,3
2026-06-16 14:30:29,OFC,NEW DELHI VAC,21 Jun 2026,8
2026-06-16 14:30:45,OFC,CHENNAI VAC,21 Jun 2026,12
2026-06-16 14:30:45,Consular,HYDERABAD,15 Jul 2026,1
2026-06-16 14:30:45,OFC,HYDERABAD VAC,26 Jun 2026,4
2026-06-16 14:30:45,OFC,MUMBAI VAC,23 Jul 2026,3
2026-06-16 14:30:45,OFC,NEW DELHI VAC,21 Jun 2026,6
2026-06-16 14:31:01,Consular,HYDERABAD,14 Jul 2026,2
2026-06-16 14:31:01,OFC,HYDERABAD VAC,26 Jun 2026,4
2026-06-16 14:31:01,OFC,MUMBAI VAC,27 Oct 2026,1
2026-06-16 14:31:01,OFC,NEW DELHI VAC,21 Jun 2026,8
2026-06-16 14:31:18,OFC,HYDERABAD VAC,26 Jun 2026,3
2026-06-16 14:31:18,OFC,MUMBAI VAC,21 Jun 2026,4
2026-06-16 14:31:18,OFC,NEW DELHI VAC,21 Jun 2026,6
2026-06-16 14:31:35,OFC,CHENNAI VAC,18 Jun 2026,14
2026-06-16 14:31:35,OFC,MUMBAI VAC,21 Jun 2026,4
2026-06-16 14:31:52,OFC,CHENNAI VAC,21 Jun 2026,12
2026-06-16 14:31:52,OFC,MUMBAI VAC,21 Jun 2026,4
2026-06-16 14:31:52,OFC,NEW DELHI VAC,09 Oct 2026,4
2026-06-16 14:32:09,OFC,CHENNAI VAC,18 Jun 2026,14
2026-06-16 14:32:09,OFC,HYDERABAD VAC,26 Jun 2026,3
2026-06-16 14:32:26,OFC,HYDERABAD VAC,30 Oct 2026,1
2026-06-16 14:32:43,OFC,HYDERABAD VAC,30 Oct 2026,1
2026-06-16 14:32:43,OFC,MUMBAI VAC,27 Oct 2026,1
2026-06-16 14:32:43,OFC,NEW DELHI VAC,21 Jun 2026,8
2026-06-16 14:33:00,OFC,CHENNAI VAC,05 Oct 2026,5
2026-06-16 14:33:00,OFC,HYDERABAD VAC,30 Oct 2026,1
2026-06-16 14:33:00,OFC,NEW DELHI VAC,22 Oct 2026,2
2026-06-16 14:33:16,OFC,CHENNAI VAC,21 Jun 2026,11
2026-06-16 14:33:16,OFC,NEW DELHI VAC,22 Oct 2026,2
2026-06-16 14:33:32,OFC,CHENNAI VAC,14 Oct 2026,1
2026-06-16 14:33:32,OFC,HYDERABAD VAC,30 Oct 2026,1
2026-06-16 14:33:32,OFC,NEW DELHI VAC,02 Nov 2026,1
2026-06-16 14:33:49,OFC,HYDERABAD VAC,30 Oct 2026,1
2026-06-16 14:33:49,OFC,NEW DELHI VAC,22 Oct 2026,2
2026-06-16 14:34:05,OFC,HYDERABAD VAC,30 Oct 2026,1
2026-06-16 14:34:37,OFC,HYDERABAD VAC,30 Oct 2026,1
2026-06-16 14:34:54,OFC,NEW DELHI VAC,17 Jun 2026,8
2026-06-16 14:36:00,OFC,HYDERABAD VAC,30 Oct 2026,1
2026-06-16 14:56:42,OFC,NEW DELHI VAC,12 Jan 2027,12
2026-06-16 14:57:14,OFC,NEW DELHI VAC,12 Jan 2027,12
2026-06-16 14:57:31,OFC,NEW DELHI VAC,14 Jan 2027,11
2026-06-16 14:57:47,OFC,NEW DELHI VAC,14 Jan 2027,11
2026-06-16 14:58:21,OFC,NEW DELHI VAC,14 Jan 2027,11
2026-06-16 15:00:21,OFC,CHENNAI VAC,21 Jun 2026,8
2026-06-16 15:00:21,OFC,NEW DELHI VAC,21 Jun 2026,5
2026-06-16 15:00:39,OFC,CHENNAI VAC,21 Jun 2026,7
2026-06-16 15:00:39,OFC,HYDERABAD VAC,22 Jun 2026,2
2026-06-16 15:00:39,OFC,NEW DELHI VAC,21 Jun 2026,5
2026-06-16 15:00:55,OFC,CHENNAI VAC,21 Jun 2026,5
2026-06-16 15:00:55,OFC,HYDERABAD VAC,26 Jun 2026,1
2026-06-16 15:00:55,OFC,NEW DELHI VAC,21 Jun 2026,1
2026-06-16 15:01:12,OFC,CHENNAI VAC,20 Aug 2026,2
2026-06-16 15:01:29,OFC,HYDERABAD VAC,22 Jun 2026,3
2026-06-16 15:01:46,OFC,NEW DELHI VAC,21 Jun 2026,5
2026-06-16 15:02:03,OFC,NEW DELHI VAC,21 Jun 2026,2
2026-06-16 15:03:45,OFC,NEW DELHI VAC,21 Jun 2026,5
2026-06-16 15:04:01,OFC,NEW DELHI VAC,21 Jun 2026,5
2026-06-16 15:26:18,OFC,NEW DELHI VAC,21 Jan 2027,6
2026-06-16 15:26:34,OFC,NEW DELHI VAC,21 Jan 2027,6
2026-06-16 15:26:50,OFC,NEW DELHI VAC,25 Jan 2027,5
2026-06-16 15:27:06,OFC,NEW DELHI VAC,25 Jan 2027,5
2026-06-16 15:27:23,OFC,NEW DELHI VAC,25 Jan 2027,5
2026-06-16 15:27:40,OFC,NEW DELHI VAC,21 Jan 2027,6
2026-06-16 15:27:57,OFC,NEW DELHI VAC,21 Jan 2027,6
2026-06-16 15:28:14,OFC,NEW DELHI VAC,25 Jan 2027,5
2026-06-16 15:28:46,OFC,NEW DELHI VAC,29 Jan 2027,4
2026-06-16 15:29:04,OFC,NEW DELHI VAC,29 Jan 2027,4
2026-06-16 15:29:21,OFC,NEW DELHI VAC,29 Jan 2027,4
2026-06-16 15:29:54,OFC,NEW DELHI VAC,29 Jan 2027,4
2026-06-16 15:30:11,OFC,CHENNAI VAC,18 Jun 2026,14
2026-06-16 15:30:11,OFC,NEW DELHI VAC,29 Jan 2027,4
2026-06-16 15:30:27,OFC,HYDERABAD VAC,26 Jun 2026,7
2026-06-16 15:30:27,OFC,NEW DELHI VAC,21 Jun 2026,15
2026-06-16 15:30:44,OFC,CHENNAI VAC,21 Jun 2026,13
2026-06-16 15:30:44,Consular,HYDERABAD,16 Oct 2026,1
2026-06-16 15:30:44,OFC,HYDERABAD VAC,26 Jun 2026,7
2026-06-16 15:30:44,OFC,MUMBAI VAC,27 Jul 2026,2
2026-06-16 15:30:44,Consular,NEW DELHI,15 Jul 2026,4
2026-06-16 15:30:44,OFC,NEW DELHI VAC,21 Jun 2026,15
2026-06-16 15:31:00,OFC,CHENNAI VAC,18 Jun 2026,14
2026-06-16 15:31:00,Consular,HYDERABAD,16 Oct 2026,1
2026-06-16 15:31:00,OFC,HYDERABAD VAC,26 Jun 2026,7
2026-06-16 15:31:00,OFC,MUMBAI VAC,21 Jun 2026,4
2026-06-16 15:31:00,OFC,NEW DELHI VAC,21 Jun 2026,14
2026-06-16 15:31:16,OFC,CHENNAI VAC,21 Jun 2026,11
2026-06-16 15:31:16,OFC,HYDERABAD VAC,09 Dec 2026,3
2026-06-16 15:31:16,OFC,NEW DELHI VAC,21 Jun 2026,14
2026-06-16 15:31:33,OFC,NEW DELHI VAC,21 Jun 2026,14
2026-06-16 15:31:50,OFC,CHENNAI VAC,21 Jun 2026,13
2026-06-16 15:31:50,OFC,HYDERABAD VAC,26 Jun 2026,7
2026-06-16 15:31:50,OFC,MUMBAI VAC,27 Jul 2026,2
2026-06-16 15:31:50,OFC,NEW DELHI VAC,21 Jun 2026,14
2026-06-16 15:32:07,OFC,HYDERABAD VAC,17 Dec 2026,2
2026-06-16 15:32:07,OFC,NEW DELHI VAC,24 Sep 2026,8
2026-06-16 15:32:23,OFC,CHENNAI VAC,21 Jun 2026,13
2026-06-16 15:32:23,Consular,HYDERABAD,16 Oct 2026,2
2026-06-16 15:32:23,OFC,HYDERABAD VAC,21 Dec 2026,1
2026-06-16 15:32:23,OFC,MUMBAI VAC,23 Jul 2026,3
2026-06-16 15:32:23,OFC,NEW DELHI VAC,18 Sep 2026,9
2026-06-16 15:32:39,OFC,CHENNAI VAC,13 Oct 2026,2
2026-06-16 15:32:39,OFC,HYDERABAD VAC,21 Dec 2026,1
2026-06-16 15:32:39,OFC,MUMBAI VAC,23 Jul 2026,3
2026-06-16 15:32:56,OFC,CHENNAI VAC,13 Oct 2026,2
2026-06-16 15:32:56,OFC,HYDERABAD VAC,26 Jun 2026,6
2026-06-16 15:32:56,OFC,NEW DELHI VAC,21 Jun 2026,14
2026-06-16 15:33:12,OFC,CHENNAI VAC,14 Oct 2026,1
2026-06-16 15:33:12,OFC,MUMBAI VAC,23 Jul 2026,3
2026-06-16 15:33:12,OFC,NEW DELHI VAC,28 Sep 2026,7
2026-06-16 15:33:29,OFC,HYDERABAD VAC,21 Dec 2026,1
2026-06-16 15:33:29,OFC,NEW DELHI VAC,09 Oct 2026,5
2026-06-16 15:33:45,OFC,HYDERABAD VAC,21 Dec 2026,1
2026-06-16 15:33:45,OFC,NEW DELHI VAC,07 Dec 2026,3
2026-06-16 15:34:02,OFC,NEW DELHI VAC,02 Feb 2027,2
2026-06-16 15:34:19,OFC,HYDERABAD VAC,21 Dec 2026,1
2026-06-16 15:34:19,OFC,NEW DELHI VAC,07 Dec 2026,3
2026-06-16 15:34:36,OFC,NEW DELHI VAC,02 Feb 2027,2
2026-06-16 18:17:01,OFC,MUMBAI VAC,22 Jun 2026,27
2026-06-16 18:17:04,OFC,MUMBAI VAC,22 Jun 2026,27
2026-06-16 18:30:22,OFC,CHENNAI VAC,18 Jun 2026,8
2026-06-16 18:30:22,OFC,HYDERABAD VAC,26 Jun 2026,3
2026-06-16 18:30:22,OFC,MUMBAI VAC,23 Jul 2026,2
2026-06-16 18:30:22,OFC,NEW DELHI VAC,18 Jun 2026,4
2026-06-16 18:30:39,OFC,CHENNAI VAC,21 Jun 2026,1
2026-06-16 18:30:39,OFC,NEW DELHI VAC,21 Jun 2026,1
2026-06-16 18:31:13,OFC,NEW DELHI VAC,18 Jun 2026,4
2026-06-16 18:32:04,OFC,CHENNAI VAC,18 Jun 2026,8
2026-06-16 18:32:21,OFC,MUMBAI VAC,23 Jul 2026,2
2026-06-16 18:32:37,OFC,MUMBAI VAC,23 Jul 2026,2
2026-06-16 18:32:37,OFC,NEW DELHI VAC,18 Jun 2026,4
2026-06-16 18:32:54,OFC,NEW DELHI VAC,18 Jun 2026,4
2026-06-16 21:00:17,OFC,CHENNAI VAC,21 Jun 2026,1
2026-06-16 21:00:17,OFC,NEW DELHI VAC,21 Jun 2026,1
2026-06-16 21:00:34,OFC,CHENNAI VAC,21 Jun 2026,1
2026-06-16 21:00:34,OFC,NEW DELHI VAC,21 Jun 2026,1
2026-06-16 21:00:50,OFC,NEW DELHI VAC,21 Jun 2026,1
2026-06-16 21:02:13,OFC,CHENNAI VAC,21 Jun 2026,1
2026-06-16 21:02:30,OFC,CHENNAI VAC,21 Jun 2026,1
2026-06-16 21:30:17,OFC,HYDERABAD VAC,22 Jun 2026,3
2026-06-16 21:30:17,Consular,NEW DELHI,23 Jul 2026,1
2026-06-16 21:30:17,OFC,NEW DELHI VAC,18 Jun 2026,9
2026-06-16 21:30:34,OFC,HYDERABAD VAC,22 Jun 2026,3
2026-06-16 21:30:34,OFC,MUMBAI VAC,21 Jun 2026,1
2026-06-16 21:30:34,Consular,NEW DELHI,23 Jul 2026,1
2026-06-16 21:30:34,OFC,NEW DELHI VAC,18 Jun 2026,9
2026-06-16 21:30:50,OFC,CHENNAI VAC,21 Jun 2026,6
2026-06-16 21:30:50,Consular,KOLKATA,30 Jun 2026,1
2026-06-16 21:30:50,OFC,MUMBAI VAC,21 Jun 2026,1
2026-06-16 21:30:50,Consular,NEW DELHI,23 Jul 2026,1
2026-06-16 21:30:50,OFC,NEW DELHI VAC,21 Jun 2026,3
2026-06-16 21:31:07,OFC,CHENNAI VAC,18 Jun 2026,11
2026-06-16 21:31:07,OFC,HYDERABAD VAC,22 Jun 2026,3
2026-06-16 21:31:07,OFC,MUMBAI VAC,21 Jun 2026,1
2026-06-16 21:31:07,OFC,NEW DELHI VAC,18 Jun 2026,9
2026-06-16 21:31:23,OFC,CHENNAI VAC,18 Jun 2026,11
2026-06-16 21:31:23,OFC,HYDERABAD VAC,22 Jun 2026,3
2026-06-16 21:31:23,OFC,MUMBAI VAC,21 Jun 2026,1
2026-06-16 21:31:39,OFC,MUMBAI VAC,21 Jun 2026,1
2026-06-16 21:31:39,OFC,NEW DELHI VAC,21 Jun 2026,3
2026-06-16 21:31:55,OFC,HYDERABAD VAC,26 Jun 2026,1
2026-06-16 21:31:55,OFC,NEW DELHI VAC,18 Jun 2026,5
2026-06-16 21:32:30,OFC,HYDERABAD VAC,26 Jun 2026,1
2026-06-16 21:32:30,OFC,NEW DELHI VAC,18 Jun 2026,9
2026-06-16 21:33:02,OFC,CHENNAI VAC,21 Jun 2026,2
2026-06-16 21:33:34,OFC,NEW DELHI VAC,18 Jun 2026,9
2026-06-16 21:33:51,OFC,NEW DELHI VAC,18 Jun 2026,9
2026-06-16 21:34:08,OFC,NEW DELHI VAC,18 Jun 2026,9
2026-06-16 21:34:24,OFC,NEW DELHI VAC,18 Jun 2026,9
2026-06-16 21:34:42,OFC,NEW DELHI VAC,18 Jun 2026,9
2026-06-16 21:56:05,OFC,CHENNAI VAC,14 Oct 2026,2
2026-06-16 21:56:05,OFC,NEW DELHI VAC,15 Oct 2026,10
2026-06-16 21:56:21,OFC,CHENNAI VAC,14 Oct 2026,2
2026-06-16 21:56:21,OFC,HYDERABAD VAC,15 Oct 2026,7
2026-06-16 21:56:21,OFC,KOLKATA VAC,27 Oct 2026,2
2026-06-16 21:56:21,OFC,NEW DELHI VAC,15 Oct 2026,10
2026-06-16 21:56:37,OFC,CHENNAI VAC,14 Oct 2026,1
2026-06-16 21:56:37,OFC,HYDERABAD VAC,15 Oct 2026,7
2026-06-16 21:56:37,OFC,KOLKATA VAC,27 Oct 2026,2
2026-06-16 21:56:37,OFC,NEW DELHI VAC,22 Oct 2026,9
2026-06-16 21:56:54,OFC,HYDERABAD VAC,30 Oct 2026,5
2026-06-16 21:56:54,OFC,KOLKATA VAC,27 Oct 2026,2
2026-06-16 21:56:54,OFC,NEW DELHI VAC,02 Nov 2026,8
2026-06-16 21:57:10,OFC,HYDERABAD VAC,30 Oct 2026,5
2026-06-16 21:57:10,OFC,KOLKATA VAC,27 Oct 2026,2
2026-06-16 21:57:10,OFC,NEW DELHI VAC,02 Nov 2026,7
2026-06-16 21:57:27,OFC,KOLKATA VAC,27 Oct 2026,2
2026-06-16 21:57:27,OFC,NEW DELHI VAC,12 Jan 2027,6
2026-06-16 21:57:44,OFC,NEW DELHI VAC,12 Jan 2027,6
2026-06-16 21:58:17,OFC,NEW DELHI VAC,12 Jan 2027,6
2026-06-16 21:58:34,OFC,NEW DELHI VAC,14 Jan 2027,5
2026-06-16 21:58:51,OFC,NEW DELHI VAC,20 Jan 2027,4
2026-06-16 21:59:07,OFC,NEW DELHI VAC,12 Jan 2027,6
2026-06-16 22:00:13,OFC,CHENNAI VAC,21 Jun 2026,4
2026-06-16 22:00:13,Consular,HYDERABAD,09 Jul 2026,1
2026-06-16 22:00:13,OFC,HYDERABAD VAC,18 Jun 2026,2
2026-06-16 22:00:13,OFC,NEW DELHI VAC,21 Jun 2026,2
2026-06-16 22:00:30,OFC,CHENNAI VAC,21 Jun 2026,4
2026-06-16 22:01:04,OFC,NEW DELHI VAC,21 Jun 2026,2
2026-06-16 22:01:21,OFC,NEW DELHI VAC,21 Jun 2026,2
2026-06-16 22:02:11,Consular,NEW DELHI,05 Jan 2027,2
2026-06-16 22:30:12,Consular,CHENNAI,29 Jun 2026,1
2026-06-16 22:30:12,OFC,CHENNAI VAC,18 Jun 2026,9
2026-06-16 22:30:12,OFC,HYDERABAD VAC,26 Jun 2026,6
2026-06-16 22:30:12,OFC,MUMBAI VAC,21 Jun 2026,1
2026-06-16 22:30:12,Consular,NEW DELHI,30 Jun 2026,1
2026-06-16 22:30:12,OFC,NEW DELHI VAC,18 Jun 2026,9
2026-06-16 22:30:28,OFC,CHENNAI VAC,18 Jun 2026,16
2026-06-16 22:30:28,OFC,HYDERABAD VAC,26 Jun 2026,4
2026-06-16 22:30:28,OFC,MUMBAI VAC,21 Jun 2026,1
2026-06-16 22:30:28,Consular,NEW DELHI,26 Jun 2026,5
2026-06-16 22:30:28,OFC,NEW DELHI VAC,18 Jun 2026,12
2026-06-16 22:30:44,OFC,CHENNAI VAC,18 Jun 2026,17
2026-06-16 22:30:44,OFC,HYDERABAD VAC,17 Aug 2026,2
2026-06-16 22:30:44,OFC,MUMBAI VAC,21 Jun 2026,1
2026-06-16 22:31:00,OFC,CHENNAI VAC,13 Aug 2026,5
2026-06-16 22:31:00,OFC,MUMBAI VAC,21 Jun 2026,1
2026-06-16 22:31:00,OFC,NEW DELHI VAC,18 Jun 2026,10
2026-06-16 22:31:17,OFC,MUMBAI VAC,21 Jun 2026,1
2026-06-16 22:31:17,OFC,NEW DELHI VAC,18 Jun 2026,12
2026-06-16 22:31:51,Consular,NEW DELHI,05 Jan 2027,2
2026-06-16 22:31:51,OFC,NEW DELHI VAC,18 Jun 2026,12
2026-06-16 22:32:07,OFC,NEW DELHI VAC,18 Jun 2026,12
2026-06-16 22:32:40,OFC,NEW DELHI VAC,18 Jun 2026,12
2026-06-16 22:56:17,OFC,NEW DELHI VAC,07 Dec 2026,1
2026-06-16 23:00:15,OFC,CHENNAI VAC,21 Jun 2026,4
2026-06-16 23:00:15,OFC,HYDERABAD VAC,18 Jun 2026,3
2026-06-16 23:00:15,Consular,NEW DELHI,22 Jul 2026,1
2026-06-16 23:00:15,OFC,NEW DELHI VAC,21 Jun 2026,2
2026-06-16 23:00:33,OFC,CHENNAI VAC,21 Jun 2026,4
2026-06-16 23:00:33,OFC,HYDERABAD VAC,18 Jun 2026,3
2026-06-16 23:00:33,OFC,NEW DELHI VAC,21 Jun 2026,2
2026-06-16 23:00:50,OFC,CHENNAI VAC,21 Jun 2026,1
2026-06-16 23:00:50,OFC,HYDERABAD VAC,18 Jun 2026,3
2026-06-16 23:00:50,OFC,NEW DELHI VAC,21 Jun 2026,2
2026-06-16 23:01:07,OFC,NEW DELHI VAC,21 Jun 2026,2
2026-06-17 00:01:07,OFC,CHENNAI VAC,21 Jun 2026,4
2026-06-17 00:01:34,OFC,NEW DELHI VAC,21 Jun 2026,2
2026-06-17 00:10:42,OFC,NEW DELHI VAC,21 Jun 2026,4
2026-06-17 00:10:58,OFC,NEW DELHI VAC,21 Jun 2026,4
2026-06-17 00:11:15,OFC,NEW DELHI VAC,21 Jun 2026,4
2026-06-17 00:11:31,OFC,NEW DELHI VAC,21 Jun 2026,4
2026-06-17 00:11:47,OFC,NEW DELHI VAC,21 Jun 2026,4
2026-06-17 00:12:04,OFC,NEW DELHI VAC,21 Jun 2026,4
2026-06-17 00:26:18,OFC,KOLKATA VAC,14 Oct 2026,3
2026-06-17 00:26:35,OFC,CHENNAI VAC,22 Oct 2026,1
2026-06-17 00:26:35,OFC,HYDERABAD VAC,15 Oct 2026,7
2026-06-17 00:26:35,OFC,KOLKATA VAC,14 Oct 2026,3
2026-06-17 00:26:35,OFC,NEW DELHI VAC,15 Oct 2026,3
2026-06-17 00:26:52,OFC,CHENNAI VAC,14 Oct 2026,2
2026-06-17 00:26:52,OFC,HYDERABAD VAC,27 Oct 2026,6
2026-06-17 00:26:52,OFC,KOLKATA VAC,27 Oct 2026,2
2026-06-17 00:26:52,OFC,NEW DELHI VAC,21 Oct 2026,2
2026-06-17 00:27:08,OFC,HYDERABAD VAC,30 Oct 2026,5
2026-06-17 00:27:08,OFC,KOLKATA VAC,27 Oct 2026,2
2026-06-17 00:27:08,OFC,NEW DELHI VAC,02 Nov 2026,1
2026-06-17 00:27:26,OFC,HYDERABAD VAC,30 Oct 2026,5
2026-06-17 00:27:26,OFC,KOLKATA VAC,27 Oct 2026,2
2026-06-17 00:27:26,OFC,NEW DELHI VAC,02 Nov 2026,1
2026-06-17 00:30:14,OFC,CHENNAI VAC,18 Jun 2026,7
2026-06-17 00:30:14,Consular,HYDERABAD,09 Jul 2026,3
2026-06-17 00:30:14,OFC,HYDERABAD VAC,18 Jun 2026,2
2026-06-17 00:30:14,Consular,NEW DELHI,28 Jul 2026,1
2026-06-17 00:30:14,OFC,NEW DELHI VAC,18 Jun 2026,8
2026-06-17 00:30:30,OFC,CHENNAI VAC,21 Jun 2026,6
2026-06-17 00:30:30,Consular,HYDERABAD,13 Jul 2026,2
2026-06-17 00:30:30,OFC,HYDERABAD VAC,18 Jun 2026,2
2026-06-17 00:30:30,Consular,NEW DELHI,28 Jul 2026,1
2026-06-17 00:30:30,OFC,NEW DELHI VAC,18 Jun 2026,7
2026-06-17 00:30:47,Consular,HYDERABAD,09 Jul 2026,3
2026-06-17 00:30:47,OFC,HYDERABAD VAC,26 Jun 2026,1
2026-06-17 00:30:47,Consular,NEW DELHI,26 Jun 2026,2
2026-06-17 00:31:36,Consular,HYDERABAD,09 Jul 2026,3
2026-06-17 00:31:36,Consular,NEW DELHI,26 Jun 2026,2
2026-06-17 00:31:53,Consular,HYDERABAD,09 Jul 2026,3
2026-06-17 00:31:53,OFC,NEW DELHI VAC,18 Jun 2026,8
2026-06-17 00:32:27,Consular,HYDERABAD,09 Jul 2026,3
2026-06-17 00:33:01,OFC,NEW DELHI VAC,18 Jun 2026,8
2026-06-17 09:30:18,Consular,HYDERABAD,09 Jul 2026,3
2026-06-17 09:30:38,OFC,HYDERABAD VAC,18 Jun 2026,3
2026-06-17 09:30:58,OFC,CHENNAI VAC,21 Jun 2026,8
2026-06-17 09:30:58,Consular,HYDERABAD,09 Jul 2026,3
2026-06-17 09:30:58,OFC,HYDERABAD VAC,18 Jun 2026,3
2026-06-17 09:30:58,OFC,NEW DELHI VAC,21 Jun 2026,6
2026-06-17 09:31:14,Consular,HYDERABAD,15 Jul 2026,2
2026-06-17 09:31:14,OFC,HYDERABAD VAC,18 Jun 2026,3
2026-06-17 09:31:14,OFC,NEW DELHI VAC,21 Jun 2026,6
2026-06-17 09:31:32,OFC,CHENNAI VAC,21 Jun 2026,8
2026-06-17 09:31:32,Consular,HYDERABAD,09 Jul 2026,3
2026-06-17 09:31:49,Consular,HYDERABAD,09 Jul 2026,3
2026-06-17 09:31:49,OFC,HYDERABAD VAC,26 Jun 2026,2
2026-06-17 09:31:49,OFC,NEW DELHI VAC,21 Jun 2026,5
2026-06-17 09:32:05,OFC,CHENNAI VAC,21 Jun 2026,5
2026-06-17 09:32:05,Consular,HYDERABAD,09 Jul 2026,3
2026-06-17 09:32:23,OFC,CHENNAI VAC,21 Jun 2026,7
2026-06-17 09:32:23,Consular,HYDERABAD,09 Jul 2026,3
2026-06-17 09:32:23,OFC,HYDERABAD VAC,26 Jun 2026,2
2026-06-17 09:32:39,OFC,CHENNAI VAC,21 Jun 2026,5
2026-06-17 09:32:39,Consular,HYDERABAD,17 Jul 2026,1
2026-06-17 09:32:39,OFC,HYDERABAD VAC,18 Jun 2026,3
2026-06-17 09:32:55,OFC,CHENNAI VAC,21 Jun 2026,8
2026-06-17 09:33:14,OFC,HYDERABAD VAC,26 Jun 2026,2
2026-06-17 09:33:14,OFC,NEW DELHI VAC,21 Jun 2026,6
2026-06-17 09:33:31,OFC,CHENNAI VAC,21 Jun 2026,7
2026-06-17 09:33:31,Consular,HYDERABAD,09 Jul 2026,3
2026-06-17 09:33:31,OFC,NEW DELHI VAC,21 Jun 2026,6
2026-06-17 09:35:21,OFC,CHENNAI VAC,21 Jun 2026,7
2026-06-17 09:35:41,OFC,CHENNAI VAC,21 Jun 2026,7
2026-06-17 09:35:59,OFC,CHENNAI VAC,21 Jun 2026,7
2026-06-17 09:56:31,OFC,NEW DELHI VAC,07 Dec 2026,1
2026-06-17 09:57:27,Consular,MUMBAI,12 Jan 2027,1
2026-06-17 10:00:16,OFC,CHENNAI VAC,21 Jun 2026,5
2026-06-17 10:00:16,OFC,HYDERABAD VAC,22 Jun 2026,3
2026-06-17 10:00:16,Consular,NEW DELHI,01 Jul 2026,2
2026-06-17 10:00:16,OFC,NEW DELHI VAC,18 Jun 2026,6
2026-06-17 10:00:32,OFC,CHENNAI VAC,21 Jun 2026,5
2026-06-17 10:00:32,Consular,HYDERABAD,09 Jul 2026,1
2026-06-17 10:00:32,OFC,MUMBAI VAC,23 Jul 2026,1
2026-06-17 10:00:32,Consular,NEW DELHI,01 Jul 2026,2
2026-06-17 10:00:32,OFC,NEW DELHI VAC,18 Jun 2026,6
2026-06-17 10:00:49,Consular,NEW DELHI,01 Jul 2026,2
2026-06-17 10:00:49,OFC,NEW DELHI VAC,18 Jun 2026,6
2026-06-17 10:01:07,OFC,CHENNAI VAC,21 Jun 2026,3
2026-06-17 10:01:07,OFC,HYDERABAD VAC,22 Jun 2026,3
2026-06-17 10:01:07,OFC,NEW DELHI VAC,07 Dec 2026,1
2026-06-17 10:01:28,OFC,CHENNAI VAC,21 Jun 2026,5
2026-06-17 10:01:28,OFC,NEW DELHI VAC,18 Jun 2026,6
2026-06-17 10:01:45,OFC,HYDERABAD VAC,22 Jun 2026,3
2026-06-17 10:01:45,OFC,NEW DELHI VAC,18 Jun 2026,6
2026-06-17 10:02:04,OFC,HYDERABAD VAC,22 Jun 2026,3
2026-06-17 10:02:36,OFC,CHENNAI VAC,21 Jun 2026,5
2026-06-17 10:02:36,OFC,NEW DELHI VAC,18 Jun 2026,6
2026-06-17 10:02:55,OFC,HYDERABAD VAC,22 Jun 2026,3
2026-06-17 10:03:32,OFC,HYDERABAD VAC,22 Jun 2026,3
2026-06-17 10:05:04,OFC,HYDERABAD VAC,22 Jun 2026,3
2026-06-17 10:26:07,OFC,NEW DELHI VAC,20 Jan 2027,6
2026-06-17 10:26:24,OFC,NEW DELHI VAC,12 Jan 2027,6
2026-06-17 10:26:43,OFC,NEW DELHI VAC,12 Jan 2027,6
2026-06-17 10:27:01,OFC,NEW DELHI VAC,12 Jan 2027,6
2026-06-17 10:41:04,OFC,HYDERABAD VAC,18 Jun 2026,28
2026-06-17 10:58:03,OFC,CHENNAI VAC,25 Aug 2026,3
2026-06-17 10:58:03,OFC,HYDERABAD VAC,13 Oct 2026,8
2026-06-17 10:58:03,OFC,MUMBAI VAC,27 Oct 2026,1
2026-06-17 10:58:03,OFC,NEW DELHI VAC,18 Sep 2026,3
2026-06-17 10:58:21,OFC,CHENNAI VAC,31 Aug 2026,2
2026-06-17 10:58:21,OFC,HYDERABAD VAC,13 Oct 2026,7
2026-06-17 10:58:21,OFC,KOLKATA VAC,14 Oct 2026,3
2026-06-17 10:58:21,OFC,NEW DELHI VAC,18 Sep 2026,3
2026-06-17 10:58:38,OFC,CHENNAI VAC,31 Aug 2026,2
2026-06-17 10:58:38,OFC,HYDERABAD VAC,13 Oct 2026,7
2026-06-17 10:58:38,OFC,KOLKATA VAC,14 Oct 2026,3
2026-06-17 10:58:56,OFC,CHENNAI VAC,31 Aug 2026,2
2026-06-17 10:58:56,OFC,KOLKATA VAC,14 Oct 2026,3
2026-06-17 10:59:16,OFC,KOLKATA VAC,14 Oct 2026,3
2026-06-17 10:59:34,OFC,KOLKATA VAC,14 Oct 2026,3
2026-06-17 11:00:13,OFC,CHENNAI VAC,18 Jun 2026,17
2026-06-17 11:00:13,OFC,HYDERABAD VAC,18 Jun 2026,8
2026-06-17 11:00:13,OFC,NEW DELHI VAC,18 Jun 2026,10
2026-06-17 11:00:30,OFC,CHENNAI VAC,18 Jun 2026,17
2026-06-17 11:00:30,OFC,HYDERABAD VAC,18 Jun 2026,8
2026-06-17 11:00:30,OFC,NEW DELHI VAC,18 Jun 2026,10
2026-06-17 11:00:47,OFC,CHENNAI VAC,18 Jun 2026,17
2026-06-17 11:00:47,OFC,HYDERABAD VAC,18 Jun 2026,8
2026-06-17 11:01:04,OFC,NEW DELHI VAC,18 Jun 2026,9
2026-06-17 11:01:20,OFC,CHENNAI VAC,18 Jun 2026,16
2026-06-17 11:01:20,OFC,NEW DELHI VAC,18 Jun 2026,10
2026-06-17 11:02:34,OFC,NEW DELHI VAC,18 Jun 2026,10
2026-06-17 11:03:11,OFC,HYDERABAD VAC,18 Jun 2026,8
2026-06-17 11:03:11,OFC,NEW DELHI VAC,18 Jun 2026,10
2026-06-17 11:04:41,OFC,HYDERABAD VAC,18 Jun 2026,8
2026-06-17 11:08:22,OFC,HYDERABAD VAC,18 Jun 2026,8
2026-06-17 11:11:14,OFC,HYDERABAD VAC,18 Jun 2026,8
2026-06-17 11:11:33,OFC,HYDERABAD VAC,22 Jun 2026,27
2026-06-17 11:25:57,OFC,NEW DELHI VAC,18 Jun 2026,7
2026-06-17 11:31:10,OFC,CHENNAI VAC,28 Jun 2026,7
2026-06-17 11:31:10,OFC,HYDERABAD VAC,13 Jul 2026,2
2026-06-17 11:31:25,OFC,CHENNAI VAC,28 Jun 2026,6
2026-06-17 11:31:25,Consular,HYDERABAD,09 Jul 2026,1
2026-06-17 11:31:25,OFC,HYDERABAD VAC,17 Aug 2026,1
2026-06-17 11:31:25,Consular,MUMBAI,15 Jul 2026,1
2026-06-17 11:31:44,OFC,CHENNAI VAC,28 Jun 2026,7
2026-06-17 11:31:44,Consular,HYDERABAD,09 Jul 2026,1
2026-06-17 11:31:44,Consular,MUMBAI,15 Jul 2026,1
2026-06-17 11:32:03,Consular,NEW DELHI,26 Jun 2026,2
2026-06-17 11:32:23,OFC,CHENNAI VAC,19 Aug 2026,3
2026-06-17 11:32:23,Consular,HYDERABAD,09 Jul 2026,1
2026-06-17 11:32:23,OFC,HYDERABAD VAC,17 Aug 2026,1
2026-06-17 11:32:59,OFC,CHENNAI VAC,28 Jun 2026,5
2026-06-17 11:33:15,OFC,CHENNAI VAC,28 Jun 2026,7
2026-06-17 11:33:33,OFC,CHENNAI VAC,28 Jun 2026,7
2026-06-17 11:33:33,Consular,HYDERABAD,09 Jul 2026,1
2026-06-17 11:33:52,OFC,CHENNAI VAC,19 Aug 2026,3
2026-06-17 11:34:13,OFC,CHENNAI VAC,19 Aug 2026,3
2026-06-17 11:34:30,Consular,HYDERABAD,26 Jun 2026,2
2026-06-17 11:35:03,OFC,CHENNAI VAC,19 Aug 2026,3
2026-06-17 12:00:31,OFC,NEW DELHI VAC,18 Jun 2026,8
2026-06-17 12:00:48,OFC,CHENNAI VAC,18 Jun 2026,10
2026-06-17 12:00:48,OFC,NEW DELHI VAC,21 Jun 2026,4
2026-06-17 12:01:05,OFC,CHENNAI VAC,18 Jun 2026,10
2026-06-17 12:01:05,OFC,NEW DELHI VAC,21 Jun 2026,4
2026-06-17 12:01:25,OFC,NEW DELHI VAC,21 Jun 2026,4
2026-06-17 12:02:22,OFC,HYDERABAD VAC,22 Jun 2026,2
2026-06-17 12:02:22,OFC,NEW DELHI VAC,21 Jun 2026,4
2026-06-17 12:02:40,OFC,NEW DELHI VAC,18 Jun 2026,8
2026-06-17 13:30:28,Consular,HYDERABAD,10 Jul 2026,2
2026-06-17 13:30:28,OFC,HYDERABAD VAC,26 Jun 2026,5
2026-06-17 13:30:28,OFC,MUMBAI VAC,25 Sep 2026,1
2026-06-17 13:30:28,OFC,NEW DELHI VAC,13 Jul 2026,4
2026-06-17 13:30:47,Consular,HYDERABAD,10 Jul 2026,2
2026-06-17 13:30:47,OFC,HYDERABAD VAC,26 Jun 2026,5
2026-06-17 13:30:47,OFC,NEW DELHI VAC,21 Jun 2026,5
2026-06-17 13:31:04,OFC,CHENNAI VAC,21 Jun 2026,5
2026-06-17 13:31:04,OFC,HYDERABAD VAC,26 Jun 2026,5
2026-06-17 13:31:04,OFC,MUMBAI VAC,25 Sep 2026,1
2026-06-17 13:31:04,OFC,NEW DELHI VAC,13 Jul 2026,4
2026-06-17 13:31:24,OFC,CHENNAI VAC,21 Jun 2026,5
2026-06-17 13:31:24,OFC,MUMBAI VAC,25 Sep 2026,1
2026-06-17 13:31:24,OFC,NEW DELHI VAC,18 Sep 2026,3
2026-06-17 13:31:40,Consular,HYDERABAD,10 Jul 2026,2
2026-06-17 13:31:40,OFC,NEW DELHI VAC,21 Jun 2026,5
2026-06-17 13:31:56,Consular,HYDERABAD,10 Jul 2026,2
2026-06-17 13:31:56,OFC,NEW DELHI VAC,13 Jul 2026,4
2026-06-17 13:32:15,OFC,CHENNAI VAC,21 Jun 2026,2
2026-06-17 13:32:15,Consular,HYDERABAD,10 Jul 2026,2
2026-06-17 13:32:15,OFC,HYDERABAD VAC,06 Oct 2026,3
2026-06-17 13:32:15,OFC,NEW DELHI VAC,21 Jun 2026,5
2026-06-17 13:32:33,OFC,CHENNAI VAC,21 Jun 2026,2
2026-06-17 13:32:33,OFC,HYDERABAD VAC,06 Oct 2026,3
2026-06-17 13:32:33,OFC,NEW DELHI VAC,06 Oct 2026,1
2026-06-17 13:32:48,OFC,HYDERABAD VAC,06 Oct 2026,3
2026-06-17 13:32:48,OFC,NEW DELHI VAC,18 Sep 2026,2
2026-06-17 13:33:06,OFC,NEW DELHI VAC,06 Oct 2026,1
2026-06-17 13:33:23,OFC,CHENNAI VAC,21 Jun 2026,2
2026-06-17 13:33:23,OFC,HYDERABAD VAC,06 Oct 2026,3
2026-06-17 13:33:23,OFC,NEW DELHI VAC,18 Jun 2026,11
2026-06-17 13:33:42,OFC,HYDERABAD VAC,13 Oct 2026,2
2026-06-17 13:34:03,OFC,HYDERABAD VAC,13 Oct 2026,2
2026-06-17 13:34:41,OFC,HYDERABAD VAC,13 Oct 2026,2
2026-06-17 13:34:41,Consular,NEW DELHI,29 Jun 2026,1
2026-06-17 13:34:57,OFC,HYDERABAD VAC,13 Oct 2026,2
2026-06-17 13:34:57,OFC,KOLKATA VAC,30 Sep 2026,2
2026-06-17 13:34:57,Consular,NEW DELHI,29 Jun 2026,1
2026-06-17 13:35:33,OFC,CHENNAI VAC,21 Jun 2026,2
2026-06-17 13:35:52,OFC,CHENNAI VAC,21 Jun 2026,5
2026-06-17 13:36:08,OFC,CHENNAI VAC,21 Jun 2026,5
2026-06-17 13:36:28,OFC,HYDERABAD VAC,13 Oct 2026,2
2026-06-17 13:36:47,OFC,HYDERABAD VAC,13 Oct 2026,2
2026-06-17 13:37:03,OFC,CHENNAI VAC,21 Jun 2026,5
2026-06-17 13:37:03,OFC,HYDERABAD VAC,13 Oct 2026,2
2026-06-17 13:38:31,OFC,NEW DELHI VAC,18 Jun 2026,7
2026-06-17 13:38:49,OFC,NEW DELHI VAC,18 Jun 2026,7
2026-06-17 13:56:19,OFC,MUMBAI VAC,07 Dec 2026,1
2026-06-17 13:56:37,OFC,MUMBAI VAC,07 Dec 2026,1
2026-06-17 13:56:57,OFC,MUMBAI VAC,07 Dec 2026,1
2026-06-17 14:00:17,OFC,CHENNAI VAC,21 Jun 2026,9
2026-06-17 14:00:17,OFC,NEW DELHI VAC,18 Jun 2026,6
2026-06-17 14:00:34,OFC,CHENNAI VAC,21 Jun 2026,9
2026-06-17 14:00:34,OFC,HYDERABAD VAC,18 Jun 2026,3
2026-06-17 14:00:34,OFC,KOLKATA VAC,14 Jul 2026,2
2026-06-17 14:00:34,OFC,NEW DELHI VAC,18 Jun 2026,6
2026-06-17 14:00:52,OFC,CHENNAI VAC,21 Jun 2026,9
2026-06-17 14:00:52,OFC,HYDERABAD VAC,18 Jun 2026,3
2026-06-17 14:00:52,OFC,KOLKATA VAC,14 Jul 2026,2
2026-06-17 14:01:10,Consular,HYDERABAD,16 Jul 2026,1
2026-06-17 14:01:10,OFC,HYDERABAD VAC,18 Jun 2026,3
2026-06-17 14:01:10,OFC,KOLKATA VAC,14 Jul 2026,2
2026-06-17 14:01:10,OFC,NEW DELHI VAC,18 Jun 2026,6
2026-06-17 14:01:31,OFC,CHENNAI VAC,21 Jun 2026,9
2026-06-17 14:01:31,Consular,HYDERABAD,16 Jul 2026,1
2026-06-17 14:01:31,OFC,KOLKATA VAC,14 Jul 2026,2
2026-06-17 14:01:31,OFC,NEW DELHI VAC,18 Jun 2026,6
2026-06-17 14:01:48,OFC,CHENNAI VAC,21 Jun 2026,9
2026-06-17 14:01:48,Consular,HYDERABAD,16 Jul 2026,1
2026-06-17 14:01:48,OFC,KOLKATA VAC,14 Jul 2026,2
2026-06-17 14:01:48,OFC,NEW DELHI VAC,18 Jun 2026,6
2026-06-17 14:02:04,OFC,CHENNAI VAC,21 Jun 2026,9
2026-06-17 14:02:04,OFC,KOLKATA VAC,14 Jul 2026,2
2026-06-17 14:02:21,OFC,KOLKATA VAC,14 Jul 2026,2
2026-06-17 14:02:21,OFC,NEW DELHI VAC,21 Jun 2026,4
2026-06-17 14:02:39,OFC,NEW DELHI VAC,21 Jun 2026,5
2026-06-17 14:02:59,OFC,KOLKATA VAC,14 Oct 2026,1
2026-06-17 14:02:59,OFC,NEW DELHI VAC,21 Jun 2026,4
2026-06-17 14:03:19,OFC,KOLKATA VAC,14 Oct 2026,1
2026-06-17 14:03:38,OFC,KOLKATA VAC,14 Oct 2026,1
2026-06-17 14:03:38,OFC,NEW DELHI VAC,21 Jun 2026,4
2026-06-17 14:03:55,OFC,KOLKATA VAC,14 Oct 2026,1
2026-06-17 14:04:15,OFC,KOLKATA VAC,14 Oct 2026,1
2026-06-17 14:04:35,OFC,KOLKATA VAC,14 Oct 2026,1
2026-06-17 14:04:53,OFC,KOLKATA VAC,14 Oct 2026,1
2026-06-17 14:05:13,OFC,KOLKATA VAC,14 Oct 2026,1
2026-06-17 14:05:33,OFC,KOLKATA VAC,14 Oct 2026,1
2026-06-17 14:06:33,OFC,CHENNAI VAC,21 Jun 2026,9
2026-06-17 14:06:49,OFC,CHENNAI VAC,21 Jun 2026,9
2026-06-17 14:08:36,OFC,HYDERABAD VAC,18 Jun 2026,3
2026-06-17 14:20:51,OFC,NEW DELHI VAC,21 Jun 2026,4
2026-06-17 14:26:12,OFC,CHENNAI VAC,24 Sep 2026,1
2026-06-17 14:26:12,OFC,HYDERABAD VAC,06 Oct 2026,3
2026-06-17 14:26:29,OFC,KOLKATA VAC,30 Sep 2026,1
2026-06-17 14:26:29,OFC,NEW DELHI VAC,18 Sep 2026,4
2026-06-17 14:26:48,OFC,KOLKATA VAC,30 Sep 2026,1
2026-06-17 14:26:48,OFC,NEW DELHI VAC,28 Sep 2026,3
2026-06-17 14:27:05,OFC,KOLKATA VAC,30 Sep 2026,1
2026-06-17 14:27:05,OFC,NEW DELHI VAC,06 Oct 2026,2
2026-06-17 14:27:23,OFC,NEW DELHI VAC,21 Oct 2026,1
2026-06-17 14:30:21,OFC,CHENNAI VAC,21 Jun 2026,1
2026-06-17 14:30:21,OFC,HYDERABAD VAC,26 Jun 2026,1
2026-06-17 14:30:21,OFC,NEW DELHI VAC,21 Jun 2026,1
2026-06-17 14:30:59,OFC,CHENNAI VAC,21 Jun 2026,1
2026-06-17 14:31:18,OFC,NEW DELHI VAC,21 Jun 2026,1
2026-06-17 14:31:35,OFC,CHENNAI VAC,21 Jun 2026,1
2026-06-17 14:31:35,OFC,HYDERABAD VAC,26 Jun 2026,1
2026-06-17 14:31:35,OFC,NEW DELHI VAC,21 Jun 2026,1
2026-06-17 14:32:26,OFC,CHENNAI VAC,21 Jun 2026,1
2026-06-17 14:32:44,OFC,CHENNAI VAC,21 Jun 2026,1
2026-06-17 14:33:19,OFC,CHENNAI VAC,21 Jun 2026,1
2026-06-17 14:45:21,OFC,HYDERABAD VAC,22 Jun 2026,27
2026-06-17 14:56:18,OFC,KOLKATA VAC,14 Oct 2026,1
2026-06-17 14:56:36,OFC,KOLKATA VAC,14 Oct 2026,1
2026-06-17 14:57:30,OFC,KOLKATA VAC,14 Oct 2026,1
2026-06-17 14:57:50,OFC,KOLKATA VAC,14 Oct 2026,1
2026-06-17 15:00:17,OFC,CHENNAI VAC,21 Jun 2026,7
2026-06-17 15:00:17,OFC,HYDERABAD VAC,18 Jun 2026,4
2026-06-17 15:00:17,OFC,NEW DELHI VAC,18 Jun 2026,5
2026-06-17 15:00:36,OFC,CHENNAI VAC,21 Jun 2026,7
2026-06-17 15:00:36,OFC,HYDERABAD VAC,18 Jun 2026,4
2026-06-17 15:00:36,OFC,NEW DELHI VAC,18 Jun 2026,5
2026-06-17 15:00:51,OFC,CHENNAI VAC,21 Jun 2026,7
2026-06-17 15:00:51,Consular,HYDERABAD,09 Jul 2026,2
2026-06-17 15:00:51,OFC,HYDERABAD VAC,18 Jun 2026,4
2026-06-17 15:00:51,OFC,NEW DELHI VAC,18 Jun 2026,5
2026-06-17 15:01:12,OFC,CHENNAI VAC,21 Jun 2026,7
2026-06-17 15:01:12,Consular,HYDERABAD,09 Jul 2026,2
2026-06-17 15:01:30,OFC,CHENNAI VAC,21 Jun 2026,7
2026-06-17 15:01:30,OFC,NEW DELHI VAC,18 Jun 2026,5
2026-06-17 15:01:49,OFC,NEW DELHI VAC,28 Jun 2026,3
2026-06-17 15:02:08,OFC,CHENNAI VAC,21 Jun 2026,7
2026-06-17 15:02:08,OFC,KOLKATA VAC,13 Jul 2026,2
2026-06-17 15:02:25,OFC,NEW DELHI VAC,18 Jun 2026,5
2026-06-17 15:02:41,OFC,HYDERABAD VAC,18 Jun 2026,4
2026-06-17 15:02:41,OFC,NEW DELHI VAC,18 Jun 2026,5
2026-06-17 15:02:59,OFC,CHENNAI VAC,21 Jun 2026,7
2026-06-17 15:02:59,OFC,NEW DELHI VAC,18 Jun 2026,5
2026-06-17 15:03:54,OFC,CHENNAI VAC,21 Jun 2026,7
2026-06-17 15:04:10,OFC,HYDERABAD VAC,18 Jun 2026,4
2026-06-17 15:04:31,OFC,CHENNAI VAC,21 Jun 2026,7
2026-06-17 15:05:30,OFC,HYDERABAD VAC,18 Jun 2026,4
2026-06-17 15:06:03,OFC,NEW DELHI VAC,28 Jun 2026,4
2026-06-17 15:07:15,OFC,CHENNAI VAC,21 Jun 2026,7
2026-06-17 15:07:50,OFC,CHENNAI VAC,21 Jun 2026,7
2026-06-17 15:08:06,OFC,CHENNAI VAC,21 Jun 2026,7
2026-06-17 15:09:21,OFC,CHENNAI VAC,21 Jun 2026,7
2026-06-17 15:26:14,OFC,HYDERABAD VAC,06 Oct 2026,2
2026-06-17 15:26:35,OFC,NEW DELHI VAC,18 Sep 2026,3
2026-06-17 15:26:52,Consular,HYDERABAD,16 Oct 2026,1
2026-06-17 15:27:12,Consular,HYDERABAD,16 Oct 2026,1
2026-06-17 15:30:17,OFC,CHENNAI VAC,21 Jun 2026,2
2026-06-17 15:30:17,OFC,HYDERABAD VAC,26 Jun 2026,2
2026-06-17 15:30:36,OFC,CHENNAI VAC,21 Jun 2026,2
2026-06-17 15:30:36,Consular,NEW DELHI,26 Jun 2026,1
2026-06-17 15:30:36,OFC,NEW DELHI VAC,21 Jun 2026,2
2026-06-17 15:30:53,OFC,CHENNAI VAC,21 Jun 2026,1
2026-06-17 15:30:53,OFC,HYDERABAD VAC,15 Dec 2026,1
2026-06-17 15:30:53,OFC,NEW DELHI VAC,21 Jun 2026,2
2026-06-17 15:31:29,OFC,HYDERABAD VAC,15 Dec 2026,1
2026-06-17 15:31:29,OFC,MUMBAI VAC,08 Jul 2026,1
2026-06-17 15:31:29,OFC,NEW DELHI VAC,21 Jun 2026,2
2026-06-17 15:31:48,OFC,CHENNAI VAC,21 Jun 2026,1
2026-06-17 15:32:20,OFC,CHENNAI VAC,21 Jun 2026,1
2026-06-17 15:32:37,OFC,CHENNAI VAC,21 Jun 2026,2
2026-06-17 15:32:37,OFC,MUMBAI VAC,08 Jul 2026,1
2026-06-17 15:32:37,OFC,NEW DELHI VAC,21 Jun 2026,2
2026-06-17 15:32:57,OFC,NEW DELHI VAC,21 Jun 2026,2
2026-06-17 15:56:20,OFC,KOLKATA VAC,14 Oct 2026,1
2026-06-17 15:56:20,OFC,NEW DELHI VAC,21 Oct 2026,1
2026-06-17 16:00:32,OFC,CHENNAI VAC,21 Jun 2026,13
2026-06-17 16:00:32,OFC,HYDERABAD VAC,18 Jun 2026,8
2026-06-17 16:00:32,OFC,NEW DELHI VAC,18 Jun 2026,8
2026-06-17 16:00:48,OFC,CHENNAI VAC,21 Jun 2026,13
2026-06-17 16:00:48,OFC,HYDERABAD VAC,18 Jun 2026,8
2026-06-17 16:00:48,OFC,KOLKATA VAC,13 Jul 2026,3
2026-06-17 16:00:48,OFC,NEW DELHI VAC,28 Jun 2026,6
2026-06-17 16:01:08,OFC,CHENNAI VAC,21 Jun 2026,13
2026-06-17 16:01:08,OFC,HYDERABAD VAC,18 Jun 2026,8
2026-06-17 16:01:08,OFC,KOLKATA VAC,13 Jul 2026,3
2026-06-17 16:01:08,OFC,NEW DELHI VAC,18 Jun 2026,8
2026-06-17 16:01:24,OFC,CHENNAI VAC,21 Jun 2026,13
2026-06-17 16:01:24,OFC,HYDERABAD VAC,18 Jun 2026,8
2026-06-17 16:01:24,OFC,KOLKATA VAC,13 Jul 2026,3
2026-06-17 16:01:24,OFC,NEW DELHI VAC,28 Jun 2026,6
2026-06-17 16:01:41,OFC,CHENNAI VAC,21 Jun 2026,10
2026-06-17 16:01:41,OFC,HYDERABAD VAC,18 Jun 2026,8
2026-06-17 16:01:41,OFC,KOLKATA VAC,13 Jul 2026,3
2026-06-17 16:02:01,OFC,CHENNAI VAC,21 Jun 2026,10
2026-06-17 16:02:01,OFC,HYDERABAD VAC,18 Jun 2026,8
2026-06-17 16:02:01,OFC,KOLKATA VAC,13 Jul 2026,3
2026-06-17 16:02:21,OFC,HYDERABAD VAC,18 Jun 2026,8
2026-06-17 16:02:21,OFC,KOLKATA VAC,13 Jul 2026,3
2026-06-17 16:02:21,Consular,NEW DELHI,29 Jun 2026,2
2026-06-17 16:02:39,OFC,CHENNAI VAC,21 Jun 2026,13
2026-06-17 16:02:39,OFC,KOLKATA VAC,13 Jul 2026,3
2026-06-17 16:02:54,OFC,KOLKATA VAC,13 Jul 2026,3
2026-06-17 16:02:54,OFC,MUMBAI VAC,19 Aug 2026,1
2026-06-17 16:02:54,OFC,NEW DELHI VAC,18 Jun 2026,7
2026-06-17 16:03:12,OFC,KOLKATA VAC,13 Jul 2026,3
2026-06-17 16:03:30,OFC,KOLKATA VAC,13 Jul 2026,3
2026-06-17 16:03:30,OFC,NEW DELHI VAC,03 Aug 2026,1
2026-06-17 16:03:47,OFC,CHENNAI VAC,21 Jun 2026,13
2026-06-17 16:03:47,OFC,KOLKATA VAC,13 Jul 2026,3
2026-06-17 16:04:25,OFC,NEW DELHI VAC,21 Jun 2026,2
2026-06-17 16:05:36,OFC,CHENNAI VAC,21 Jun 2026,12
2026-06-17 16:05:57,OFC,CHENNAI VAC,21 Jun 2026,12
2026-06-17 16:06:13,OFC,CHENNAI VAC,21 Jun 2026,12
2026-06-17 16:06:32,OFC,CHENNAI VAC,21 Jun 2026,12
2026-06-17 16:30:39,OFC,CHENNAI VAC,21 Jun 2026,11
2026-06-17 16:30:39,OFC,MUMBAI VAC,08 Jul 2026,1
2026-06-17 16:31:18,OFC,CHENNAI VAC,13 Aug 2026,6
2026-06-17 16:31:38,OFC,HYDERABAD VAC,17 Aug 2026,3
2026-06-17 16:31:56,OFC,CHENNAI VAC,20 Aug 2026,4
2026-06-17 16:31:56,OFC,HYDERABAD VAC,18 Jun 2026,5
2026-06-17 16:32:32,OFC,CHENNAI VAC,21 Jun 2026,11
2026-06-17 16:32:32,OFC,HYDERABAD VAC,18 Jun 2026,5
2026-06-17 16:32:49,OFC,CHENNAI VAC,13 Aug 2026,6
2026-06-17 16:56:07,OFC,NEW DELHI VAC,14 Jan 2027,7
2026-06-17 17:00:10,OFC,HYDERABAD VAC,22 Jun 2026,3
2026-06-17 17:00:27,OFC,CHENNAI VAC,21 Jun 2026,7
2026-06-17 17:00:27,OFC,HYDERABAD VAC,22 Jun 2026,3
2026-06-17 17:00:44,OFC,CHENNAI VAC,21 Jun 2026,7
2026-06-17 17:00:44,Consular,HYDERABAD,15 Jul 2026,1
2026-06-17 17:00:44,OFC,HYDERABAD VAC,26 Jun 2026,2
2026-06-17 17:00:44,OFC,NEW DELHI VAC,28 Jun 2026,2
2026-06-17 17:01:01,OFC,CHENNAI VAC,21 Jun 2026,7
2026-06-17 17:01:01,Consular,HYDERABAD,15 Jul 2026,1
2026-06-17 17:01:01,OFC,KOLKATA VAC,13 Jul 2026,1
2026-06-17 17:01:01,OFC,NEW DELHI VAC,21 Jun 2026,4
2026-06-17 17:01:19,OFC,CHENNAI VAC,21 Jun 2026,7
2026-06-17 17:01:19,OFC,KOLKATA VAC,13 Jul 2026,1
2026-06-17 17:01:35,OFC,KOLKATA VAC,13 Jul 2026,1
2026-06-17 17:01:35,OFC,NEW DELHI VAC,21 Jun 2026,4
2026-06-17 17:01:51,OFC,NEW DELHI VAC,21 Jun 2026,4
2026-06-17 17:02:11,OFC,NEW DELHI VAC,21 Jun 2026,4
2026-06-17 17:02:48,OFC,HYDERABAD VAC,22 Jun 2026,3
2026-06-17 17:03:05,OFC,CHENNAI VAC,21 Jun 2026,7
2026-06-17 17:03:24,OFC,CHENNAI VAC,21 Jun 2026,6
2026-06-17 17:03:24,OFC,NEW DELHI VAC,28 Jun 2026,3
2026-06-17 17:05:30,OFC,CHENNAI VAC,21 Jun 2026,7
2026-06-17 17:05:47,OFC,CHENNAI VAC,21 Jun 2026,7
2026-06-17 17:06:36,OFC,CHENNAI VAC,21 Jun 2026,7
2026-06-17 17:31:49,OFC,CHENNAI VAC,21 Jun 2026,3
2026-06-17 17:31:49,OFC,MUMBAI VAC,08 Jul 2026,4
2026-06-17 17:32:06,OFC,KOLKATA VAC,20 Jul 2026,2
2026-06-17 17:32:46,OFC,NEW DELHI VAC,03 Aug 2026,3
2026-06-17 17:34:36,OFC,CHENNAI VAC,21 Jun 2026,4
2026-06-17 18:00:21,OFC,CHENNAI VAC,21 Jun 2026,7
2026-06-17 18:00:21,OFC,HYDERABAD VAC,22 Jun 2026,3
2026-06-17 18:00:21,OFC,NEW DELHI VAC,21 Jun 2026,6
2026-06-17 18:00:39,OFC,CHENNAI VAC,21 Jun 2026,7
2026-06-17 18:00:39,OFC,HYDERABAD VAC,22 Jun 2026,3
2026-06-17 18:00:39,OFC,NEW DELHI VAC,21 Jun 2026,6
2026-06-17 18:01:15,OFC,CHENNAI VAC,21 Jun 2026,7
2026-06-17 18:01:15,OFC,NEW DELHI VAC,21 Jun 2026,6
2026-06-17 18:30:30,OFC,CHENNAI VAC,13 Aug 2026,7
2026-06-17 18:30:30,OFC,HYDERABAD VAC,17 Aug 2026,3
2026-06-17 18:30:48,OFC,CHENNAI VAC,13 Aug 2026,7
2026-06-17 18:30:48,OFC,HYDERABAD VAC,17 Aug 2026,3
2026-06-17 18:31:07,OFC,CHENNAI VAC,13 Aug 2026,6
2026-06-17 18:31:24,OFC,CHENNAI VAC,13 Aug 2026,6
2026-06-17 18:31:43,OFC,CHENNAI VAC,13 Aug 2026,7
2026-06-17 18:32:00,OFC,CHENNAI VAC,13 Aug 2026,5
2026-06-17 18:32:19,OFC,CHENNAI VAC,13 Aug 2026,6
2026-06-17 18:32:37,OFC,CHENNAI VAC,13 Aug 2026,6
2026-06-17 18:32:37,OFC,HYDERABAD VAC,17 Aug 2026,3
2026-06-17 18:33:10,OFC,CHENNAI VAC,13 Aug 2026,7
2026-06-17 18:33:28,OFC,CHENNAI VAC,13 Aug 2026,7
2026-06-17 18:34:03,OFC,CHENNAI VAC,13 Aug 2026,7
2026-06-17 18:59:21,OFC,HYDERABAD VAC,22 Jun 2026,27
2026-06-17 19:26:12,OFC,CHENNAI VAC,28 Jan 2027,13
2026-06-17 19:26:12,OFC,NEW DELHI VAC,01 Feb 2027,7
2026-06-17 19:26:32,OFC,CHENNAI VAC,28 Jan 2027,13
2026-06-17 19:26:51,OFC,NEW DELHI VAC,01 Feb 2027,7
2026-06-17 19:27:07,OFC,CHENNAI VAC,28 Jan 2027,13
2026-06-17 19:27:07,OFC,NEW DELHI VAC,01 Feb 2027,7
2026-06-17 19:27:26,OFC,NEW DELHI VAC,01 Feb 2027,7
2026-06-17 19:27:44,OFC,CHENNAI VAC,28 Jan 2027,13
2026-06-17 19:28:00,OFC,CHENNAI VAC,28 Jan 2027,13
2026-06-17 19:28:00,OFC,NEW DELHI VAC,01 Feb 2027,7
2026-06-17 19:30:30,OFC,HYDERABAD VAC,09 Dec 2026,1
2026-06-17 19:30:50,OFC,HYDERABAD VAC,09 Dec 2026,1
2026-06-17 19:31:06,OFC,HYDERABAD VAC,09 Dec 2026,1
2026-06-17 19:31:23,OFC,HYDERABAD VAC,09 Dec 2026,1
2026-06-17 19:31:42,OFC,HYDERABAD VAC,09 Dec 2026,1
2026-06-17 19:32:02,OFC,HYDERABAD VAC,09 Dec 2026,1
2026-06-17 19:32:20,OFC,HYDERABAD VAC,09 Dec 2026,1
2026-06-17 19:32:41,OFC,HYDERABAD VAC,09 Dec 2026,1
2026-06-17 20:00:47,OFC,CHENNAI VAC,21 Jun 2026,7
2026-06-17 20:00:47,OFC,NEW DELHI VAC,21 Jun 2026,6
2026-06-17 20:01:05,OFC,CHENNAI VAC,21 Jun 2026,7
2026-06-17 20:01:24,OFC,CHENNAI VAC,21 Jun 2026,7
2026-06-17 20:01:24,OFC,HYDERABAD VAC,26 Jun 2026,2
2026-06-17 20:01:24,OFC,NEW DELHI VAC,21 Jun 2026,4
2026-06-17 20:01:42,OFC,CHENNAI VAC,21 Jun 2026,7
2026-06-17 20:01:42,OFC,HYDERABAD VAC,26 Jun 2026,2
2026-06-17 20:01:42,Consular,NEW DELHI,07 Jul 2026,1
2026-06-17 20:01:42,OFC,NEW DELHI VAC,21 Jun 2026,6
2026-06-17 20:02:01,OFC,CHENNAI VAC,21 Jun 2026,7
2026-06-17 20:02:21,OFC,NEW DELHI VAC,21 Jun 2026,6
2026-06-17 20:02:38,OFC,HYDERABAD VAC,26 Jun 2026,2
2026-06-17 20:02:55,OFC,NEW DELHI VAC,21 Jun 2026,6
2026-06-17 20:03:15,OFC,NEW DELHI VAC,21 Jun 2026,6
2026-06-17 20:04:27,OFC,CHENNAI VAC,21 Jun 2026,7
2026-06-17 20:07:47,OFC,MUMBAI VAC,24 Jun 2026,26
2026-06-17 20:08:40,OFC,NEW DELHI VAC,21 Jun 2026,6
2026-06-17 20:08:58,Consular,HYDERABAD,07 Jul 2026,1
2026-06-17 20:08:58,OFC,NEW DELHI VAC,21 Jun 2026,6
2026-06-17 20:10:30,OFC,MUMBAI VAC,24 Jun 2026,26
2026-06-17 20:10:49,OFC,MUMBAI VAC,24 Jun 2026,26
2026-06-17 20:12:00,OFC,MUMBAI VAC,24 Jun 2026,26
2026-06-17 20:12:17,OFC,MUMBAI VAC,24 Jun 2026,26
2026-06-17 20:12:35,OFC,MUMBAI VAC,24 Jun 2026,26
2026-06-17 20:21:23,OFC,CHENNAI VAC,28 Jun 2026,1
2026-06-17 20:22:17,OFC,CHENNAI VAC,28 Jun 2026,1
2026-06-17 20:22:17,Consular,HYDERABAD,10 Jul 2026,1
2026-06-17 20:26:18,OFC,CHENNAI VAC,08 Oct 2026,1
2026-06-17 20:26:18,OFC,HYDERABAD VAC,06 Oct 2026,5
2026-06-17 20:26:18,OFC,MUMBAI VAC,27 Oct 2026,1
2026-06-17 20:26:18,OFC,NEW DELHI VAC,06 Oct 2026,3
2026-06-17 20:26:35,OFC,CHENNAI VAC,08 Oct 2026,1
2026-06-17 20:26:35,OFC,HYDERABAD VAC,06 Oct 2026,6
2026-06-17 20:26:35,OFC,KOLKATA VAC,14 Oct 2026,2
2026-06-17 20:26:35,OFC,NEW DELHI VAC,02 Nov 2026,1
2026-06-17 20:26:54,OFC,HYDERABAD VAC,06 Oct 2026,6
2026-06-17 20:26:54,OFC,KOLKATA VAC,14 Oct 2026,2
2026-06-17 20:26:54,OFC,NEW DELHI VAC,02 Nov 2026,1
2026-06-17 20:27:12,OFC,HYDERABAD VAC,27 Oct 2026,4
2026-06-17 20:27:12,OFC,KOLKATA VAC,14 Oct 2026,2
2026-06-17 20:27:12,OFC,NEW DELHI VAC,02 Nov 2026,1
2026-06-17 20:27:31,OFC,HYDERABAD VAC,27 Oct 2026,4
2026-06-17 20:27:31,OFC,KOLKATA VAC,14 Oct 2026,2
2026-06-17 20:27:31,OFC,NEW DELHI VAC,02 Nov 2026,1
2026-06-17 20:27:48,OFC,HYDERABAD VAC,27 Oct 2026,4
2026-06-17 20:27:48,OFC,KOLKATA VAC,14 Oct 2026,2
2026-06-17 20:27:48,OFC,NEW DELHI VAC,02 Nov 2026,1
2026-06-17 20:28:06,OFC,HYDERABAD VAC,09 Dec 2026,1
2026-06-17 20:28:06,OFC,KOLKATA VAC,14 Oct 2026,2
2026-06-17 20:28:06,OFC,NEW DELHI VAC,02 Nov 2026,1
2026-06-17 20:28:22,OFC,HYDERABAD VAC,09 Dec 2026,1
2026-06-17 20:28:22,OFC,KOLKATA VAC,14 Oct 2026,2
2026-06-17 20:28:41,OFC,KOLKATA VAC,14 Oct 2026,2
2026-06-17 20:29:00,OFC,KOLKATA VAC,14 Oct 2026,2
2026-06-17 20:30:14,OFC,CHENNAI VAC,10 Jul 2026,2
2026-06-17 20:30:14,OFC,NEW DELHI VAC,13 Jul 2026,5
2026-06-17 20:30:33,OFC,CHENNAI VAC,10 Jul 2026,2
2026-06-17 20:30:33,OFC,HYDERABAD VAC,13 Jul 2026,3
2026-06-17 20:30:33,OFC,KOLKATA VAC,13 Jul 2026,3
2026-06-17 20:30:33,OFC,NEW DELHI VAC,13 Jul 2026,5
2026-06-17 20:30:50,OFC,HYDERABAD VAC,13 Jul 2026,3
2026-06-17 20:30:50,OFC,KOLKATA VAC,13 Jul 2026,3
2026-06-17 20:30:50,OFC,NEW DELHI VAC,13 Jul 2026,5
2026-06-17 20:31:06,OFC,HYDERABAD VAC,13 Jul 2026,3
2026-06-17 20:31:06,OFC,KOLKATA VAC,14 Jul 2026,1
2026-06-17 20:31:24,OFC,KOLKATA VAC,14 Jul 2026,1
2026-06-17 20:31:24,OFC,NEW DELHI VAC,09 Dec 2026,1
2026-06-17 20:31:41,OFC,KOLKATA VAC,14 Jul 2026,1
2026-06-17 20:31:41,OFC,MUMBAI VAC,23 Jul 2026,2
2026-06-17 20:31:41,OFC,NEW DELHI VAC,09 Dec 2026,1
2026-06-17 20:32:00,OFC,KOLKATA VAC,14 Jul 2026,1
2026-06-17 20:32:00,OFC,NEW DELHI VAC,09 Dec 2026,1
2026-06-17 20:32:55,OFC,CHENNAI VAC,17 Jul 2026,1
2026-06-17 20:33:15,OFC,NEW DELHI VAC,13 Jul 2026,5
2026-06-17 20:33:31,OFC,HYDERABAD VAC,03 Aug 2026,1
2026-06-17 20:33:31,OFC,MUMBAI VAC,23 Jul 2026,2
2026-06-17 20:33:49,OFC,HYDERABAD VAC,03 Aug 2026,1
2026-06-17 20:36:13,OFC,HYDERABAD VAC,22 Jun 2026,27
2026-06-17 20:36:47,OFC,CHENNAI VAC,13 Jul 2026,14
2026-06-17 21:00:19,OFC,HYDERABAD VAC,26 Jun 2026,2
2026-06-17 21:00:38,OFC,HYDERABAD VAC,26 Jun 2026,2
2026-06-17 21:00:58,OFC,HYDERABAD VAC,26 Jun 2026,2
2026-06-17 21:01:17,OFC,HYDERABAD VAC,26 Jun 2026,2
2026-06-17 21:01:33,OFC,HYDERABAD VAC,26 Jun 2026,2
2026-06-17 21:01:52,OFC,HYDERABAD VAC,26 Jun 2026,2
2026-06-17 21:02:08,OFC,HYDERABAD VAC,26 Jun 2026,2
2026-06-17 21:02:28,OFC,HYDERABAD VAC,26 Jun 2026,2
2026-06-17 21:02:49,OFC,HYDERABAD VAC,26 Jun 2026,2
2026-06-17 21:03:08,OFC,HYDERABAD VAC,26 Jun 2026,2
2026-06-17 21:03:29,OFC,HYDERABAD VAC,26 Jun 2026,2
2026-06-17 21:03:51,OFC,HYDERABAD VAC,26 Jun 2026,2
2026-06-17 21:04:10,OFC,HYDERABAD VAC,26 Jun 2026,2
2026-06-17 21:04:30,OFC,HYDERABAD VAC,26 Jun 2026,2
2026-06-17 21:04:49,OFC,HYDERABAD VAC,26 Jun 2026,2
2026-06-17 21:05:07,OFC,HYDERABAD VAC,26 Jun 2026,2
2026-06-17 21:05:24,OFC,HYDERABAD VAC,26 Jun 2026,2
2026-06-17 21:05:40,OFC,HYDERABAD VAC,26 Jun 2026,2
2026-06-17 21:05:57,OFC,HYDERABAD VAC,26 Jun 2026,2
2026-06-17 21:06:17,OFC,HYDERABAD VAC,26 Jun 2026,2
2026-06-17 21:06:37,OFC,HYDERABAD VAC,26 Jun 2026,2
2026-06-17 21:06:53,OFC,HYDERABAD VAC,26 Jun 2026,2
2026-06-17 21:07:09,OFC,HYDERABAD VAC,26 Jun 2026,2
2026-06-17 21:07:27,OFC,HYDERABAD VAC,26 Jun 2026,2
2026-06-17 21:07:44,OFC,HYDERABAD VAC,26 Jun 2026,2
2026-06-17 21:08:02,OFC,HYDERABAD VAC,26 Jun 2026,2
2026-06-17 21:08:22,OFC,HYDERABAD VAC,26 Jun 2026,2
2026-06-17 21:08:42,OFC,HYDERABAD VAC,26 Jun 2026,2
2026-06-17 21:09:03,OFC,HYDERABAD VAC,26 Jun 2026,2
2026-06-17 21:09:20,OFC,HYDERABAD VAC,26 Jun 2026,2
2026-06-17 21:09:40,OFC,HYDERABAD VAC,26 Jun 2026,2
2026-06-17 21:09:59,OFC,HYDERABAD VAC,26 Jun 2026,2
2026-06-17 21:10:16,OFC,HYDERABAD VAC,26 Jun 2026,2
2026-06-17 21:10:33,OFC,HYDERABAD VAC,26 Jun 2026,2
2026-06-17 21:10:51,OFC,HYDERABAD VAC,26 Jun 2026,2
2026-06-17 21:11:11,OFC,HYDERABAD VAC,26 Jun 2026,2
2026-06-17 21:11:26,OFC,HYDERABAD VAC,26 Jun 2026,2
2026-06-17 21:11:46,OFC,HYDERABAD VAC,26 Jun 2026,2
2026-06-17 21:12:06,OFC,HYDERABAD VAC,26 Jun 2026,2
2026-06-17 21:12:25,OFC,HYDERABAD VAC,26 Jun 2026,2
2026-06-17 21:12:41,OFC,HYDERABAD VAC,26 Jun 2026,2
2026-06-17 21:12:57,OFC,HYDERABAD VAC,26 Jun 2026,2
2026-06-17 21:13:16,OFC,HYDERABAD VAC,26 Jun 2026,2
2026-06-17 21:13:36,OFC,HYDERABAD VAC,26 Jun 2026,2
2026-06-17 21:13:55,OFC,HYDERABAD VAC,26 Jun 2026,2
2026-06-17 21:14:12,OFC,HYDERABAD VAC,26 Jun 2026,2
2026-06-17 21:14:30,OFC,HYDERABAD VAC,26 Jun 2026,2
2026-06-17 21:14:48,OFC,HYDERABAD VAC,26 Jun 2026,2
2026-06-17 21:15:08,OFC,HYDERABAD VAC,26 Jun 2026,2
2026-06-17 21:15:25,OFC,HYDERABAD VAC,26 Jun 2026,2
2026-06-17 21:15:43,OFC,HYDERABAD VAC,26 Jun 2026,2
2026-06-17 21:16:00,OFC,HYDERABAD VAC,26 Jun 2026,2
2026-06-17 21:16:19,OFC,HYDERABAD VAC,26 Jun 2026,2
2026-06-17 21:16:37,OFC,HYDERABAD VAC,26 Jun 2026,2
2026-06-17 21:16:54,OFC,HYDERABAD VAC,26 Jun 2026,2
2026-06-17 21:17:11,OFC,HYDERABAD VAC,26 Jun 2026,2
2026-06-17 21:17:32,OFC,HYDERABAD VAC,26 Jun 2026,2
2026-06-17 21:17:50,OFC,HYDERABAD VAC,26 Jun 2026,2
2026-06-17 21:18:08,OFC,HYDERABAD VAC,26 Jun 2026,2
2026-06-17 21:18:25,OFC,HYDERABAD VAC,26 Jun 2026,2
2026-06-17 21:18:44,OFC,HYDERABAD VAC,26 Jun 2026,2
2026-06-17 21:19:00,OFC,HYDERABAD VAC,26 Jun 2026,2
2026-06-17 22:30:20,OFC,CHENNAI VAC,21 Jun 2026,7
2026-06-17 22:30:20,OFC,HYDERABAD VAC,04 Nov 2026,16
2026-06-17 22:30:20,OFC,KOLKATA VAC,06 Nov 2026,12
2026-06-17 22:30:20,OFC,NEW DELHI VAC,01 Dec 2026,1
2026-06-17 22:30:38,OFC,CHENNAI VAC,21 Jun 2026,7
2026-06-17 22:30:38,Consular,HYDERABAD,13 Jul 2026,3
2026-06-17 22:30:38,OFC,HYDERABAD VAC,26 Jun 2026,17
2026-06-17 22:30:38,OFC,KOLKATA VAC,06 Nov 2026,12
2026-06-17 22:30:38,OFC,MUMBAI VAC,08 Jul 2026,1
2026-06-17 22:30:38,OFC,NEW DELHI VAC,01 Dec 2026,1
2026-06-17 22:30:55,OFC,CHENNAI VAC,21 Jun 2026,4
2026-06-17 22:30:55,Consular,HYDERABAD,13 Jul 2026,3
2026-06-17 22:30:55,OFC,HYDERABAD VAC,04 Nov 2026,16
2026-06-17 22:30:55,OFC,KOLKATA VAC,06 Nov 2026,12
2026-06-17 22:30:55,OFC,NEW DELHI VAC,01 Dec 2026,1
2026-06-17 22:31:12,OFC,CHENNAI VAC,21 Jun 2026,4
2026-06-17 22:31:12,OFC,HYDERABAD VAC,04 Nov 2026,16
2026-06-17 22:31:12,OFC,KOLKATA VAC,06 Nov 2026,12
2026-06-17 22:31:12,OFC,NEW DELHI VAC,01 Dec 2026,1
2026-06-17 22:31:33,OFC,HYDERABAD VAC,04 Nov 2026,16
2026-06-17 22:31:33,OFC,KOLKATA VAC,06 Nov 2026,12
2026-06-17 22:31:33,OFC,NEW DELHI VAC,01 Dec 2026,1
2026-06-17 22:31:49,OFC,HYDERABAD VAC,04 Nov 2026,16
2026-06-17 22:31:49,OFC,KOLKATA VAC,06 Nov 2026,12
2026-06-17 22:32:05,OFC,HYDERABAD VAC,04 Nov 2026,16
2026-06-17 22:32:05,OFC,KOLKATA VAC,06 Nov 2026,12
2026-06-17 22:32:21,OFC,HYDERABAD VAC,04 Nov 2026,16
2026-06-17 22:32:21,OFC,KOLKATA VAC,06 Nov 2026,12
2026-06-17 22:32:39,OFC,HYDERABAD VAC,04 Nov 2026,16
2026-06-17 22:32:39,OFC,KOLKATA VAC,06 Nov 2026,12
2026-06-17 22:33:00,OFC,HYDERABAD VAC,04 Nov 2026,16
2026-06-17 22:33:00,OFC,KOLKATA VAC,06 Nov 2026,12
2026-06-17 22:33:19,OFC,HYDERABAD VAC,05 Nov 2026,15
2026-06-17 22:33:19,OFC,KOLKATA VAC,06 Nov 2026,12
2026-06-17 22:33:37,OFC,HYDERABAD VAC,05 Nov 2026,15
2026-06-17 22:33:37,OFC,KOLKATA VAC,09 Nov 2026,11
2026-06-17 22:34:11,OFC,HYDERABAD VAC,05 Nov 2026,15
2026-06-17 22:34:32,OFC,HYDERABAD VAC,05 Nov 2026,15
2026-06-17 22:34:50,OFC,HYDERABAD VAC,09 Dec 2026,1
2026-06-17 22:56:04,OFC,NEW DELHI VAC,14 Jan 2027,11
2026-06-17 22:56:21,OFC,CHENNAI VAC,19 Jan 2027,11
2026-06-17 22:56:21,Consular,NEW DELHI,11 Feb 2027,1
2026-06-17 22:56:21,OFC,NEW DELHI VAC,14 Jan 2027,11
2026-06-17 23:00:55,OFC,CHENNAI VAC,21 Jun 2026,2
2026-06-17 23:00:55,OFC,NEW DELHI VAC,07 Dec 2026,1
2026-06-17 23:01:14,OFC,CHENNAI VAC,21 Jun 2026,2
2026-06-17 23:01:14,OFC,NEW DELHI VAC,07 Dec 2026,1
2026-06-17 23:01:34,OFC,CHENNAI VAC,21 Jun 2026,2
2026-06-17 23:01:34,OFC,NEW DELHI VAC,07 Dec 2026,1
2026-06-17 23:02:10,OFC,NEW DELHI VAC,07 Dec 2026,1
2026-06-17 23:02:30,OFC,CHENNAI VAC,21 Jun 2026,2
2026-06-17 23:02:30,OFC,HYDERABAD VAC,24 Jun 2026,1
2026-06-17 23:02:30,OFC,NEW DELHI VAC,07 Dec 2026,1
2026-06-17 23:02:50,OFC,CHENNAI VAC,21 Jun 2026,2
2026-06-17 23:02:50,Consular,HYDERABAD,13 Jul 2026,1
2026-06-17 23:02:50,OFC,HYDERABAD VAC,24 Jun 2026,1
2026-06-17 23:03:08,OFC,CHENNAI VAC,21 Jun 2026,2
2026-06-17 23:03:08,Consular,HYDERABAD,13 Jul 2026,1
2026-06-17 23:03:25,Consular,HYDERABAD,13 Jul 2026,1
2026-06-17 23:03:43,Consular,HYDERABAD,13 Jul 2026,1
2026-06-17 23:03:43,OFC,HYDERABAD VAC,24 Jun 2026,1
2026-06-17 23:04:03,OFC,CHENNAI VAC,21 Jun 2026,2
2026-06-17 23:04:03,Consular,HYDERABAD,13 Jul 2026,1
2026-06-17 23:04:20,Consular,HYDERABAD,13 Jul 2026,1
2026-06-17 23:04:38,OFC,CHENNAI VAC,21 Jun 2026,2
2026-06-17 23:04:38,Consular,HYDERABAD,13 Jul 2026,1
2026-06-17 23:05:15,OFC,CHENNAI VAC,21 Jun 2026,2
2026-06-17 23:05:15,Consular,KOLKATA,16 Jul 2026,1
2026-06-17 23:05:55,OFC,CHENNAI VAC,21 Jun 2026,2
2026-06-17 23:05:55,Consular,HYDERABAD,13 Jul 2026,1
2026-06-17 23:25:58,OFC,CHENNAI VAC,04 Jan 2027,5
2026-06-17 23:26:15,OFC,CHENNAI VAC,04 Jan 2027,5
2026-06-17 23:26:15,OFC,HYDERABAD VAC,09 Dec 2026,1
2026-06-17 23:26:15,OFC,NEW DELHI VAC,09 Dec 2026,1
2026-06-17 23:26:34,OFC,CHENNAI VAC,04 Jan 2027,5
2026-06-17 23:26:34,Consular,NEW DELHI,05 Jan 2027,1
2026-06-17 23:26:50,OFC,CHENNAI VAC,04 Jan 2027,5
2026-06-17 23:27:08,OFC,CHENNAI VAC,04 Jan 2027,5
2026-06-17 23:27:26,OFC,CHENNAI VAC,04 Jan 2027,5
2026-06-17 23:27:45,OFC,CHENNAI VAC,04 Jan 2027,5
2026-06-17 23:28:02,OFC,CHENNAI VAC,04 Jan 2027,5
2026-06-17 23:28:22,OFC,CHENNAI VAC,04 Jan 2027,5
2026-06-17 23:28:39,OFC,CHENNAI VAC,04 Jan 2027,5
2026-06-17 23:29:19,OFC,CHENNAI VAC,04 Jan 2027,5
2026-06-17 23:29:37,OFC,CHENNAI VAC,04 Jan 2027,5
2026-06-17 23:29:54,OFC,CHENNAI VAC,04 Jan 2027,5
2026-06-17 23:30:13,OFC,CHENNAI VAC,04 Jan 2027,5
2026-06-17 23:30:33,OFC,CHENNAI VAC,21 Jun 2026,15
2026-06-17 23:30:33,OFC,MUMBAI VAC,08 Jul 2026,2
2026-06-17 23:30:33,OFC,NEW DELHI VAC,21 Jun 2026,8
2026-06-17 23:30:51,OFC,CHENNAI VAC,24 Sep 2026,6
2026-06-17 23:30:51,OFC,HYDERABAD VAC,26 Jun 2026,4
2026-06-17 23:30:51,OFC,MUMBAI VAC,08 Jul 2026,2
2026-06-17 23:30:51,OFC,NEW DELHI VAC,21 Jun 2026,8
2026-06-17 23:31:12,OFC,CHENNAI VAC,24 Sep 2026,6
2026-06-17 23:31:12,Consular,HYDERABAD,10 Jul 2026,2
2026-06-17 23:31:12,OFC,HYDERABAD VAC,26 Jun 2026,4
2026-06-17 23:31:12,OFC,MUMBAI VAC,08 Jul 2026,2
2026-06-17 23:31:12,OFC,NEW DELHI VAC,21 Jun 2026,5
2026-06-17 23:31:28,OFC,CHENNAI VAC,21 Jun 2026,15
2026-06-17 23:31:28,Consular,HYDERABAD,10 Jul 2026,2
2026-06-17 23:31:28,OFC,MUMBAI VAC,25 Sep 2026,1
2026-06-17 23:31:45,OFC,CHENNAI VAC,04 Jan 2027,5
2026-06-17 23:31:45,Consular,HYDERABAD,10 Jul 2026,2
2026-06-17 23:31:45,OFC,MUMBAI VAC,25 Sep 2026,1
2026-06-17 23:31:45,OFC,NEW DELHI VAC,21 Jun 2026,5
2026-06-17 23:32:02,OFC,CHENNAI VAC,21 Jun 2026,15
2026-06-17 23:32:02,Consular,HYDERABAD,10 Jul 2026,2
2026-06-17 23:32:02,OFC,MUMBAI VAC,25 Sep 2026,1
2026-06-17 23:32:02,OFC,NEW DELHI VAC,21 Jun 2026,8
2026-06-17 23:32:18,OFC,CHENNAI VAC,28 Jun 2026,3
2026-06-17 23:32:18,Consular,HYDERABAD,10 Jul 2026,2
2026-06-17 23:32:18,OFC,HYDERABAD VAC,26 Jun 2026,4
2026-06-17 23:32:18,OFC,MUMBAI VAC,25 Sep 2026,1
2026-06-17 23:32:18,OFC,NEW DELHI VAC,21 Jun 2026,8
2026-06-17 23:32:37,OFC,CHENNAI VAC,21 Jun 2026,15
2026-06-17 23:32:37,OFC,HYDERABAD VAC,26 Jun 2026,3
2026-06-17 23:32:37,OFC,MUMBAI VAC,25 Sep 2026,1
2026-06-17 23:32:37,OFC,NEW DELHI VAC,21 Jun 2026,8
2026-06-17 23:32:57,OFC,CHENNAI VAC,21 Jun 2026,12
2026-06-17 23:32:57,OFC,MUMBAI VAC,25 Sep 2026,1
2026-06-17 23:32:57,OFC,NEW DELHI VAC,18 Sep 2026,1
2026-06-17 23:33:17,OFC,CHENNAI VAC,21 Jun 2026,15
2026-06-17 23:33:17,OFC,HYDERABAD VAC,26 Jun 2026,4
2026-06-17 23:33:17,OFC,NEW DELHI VAC,21 Jun 2026,8
2026-06-17 23:33:34,OFC,CHENNAI VAC,24 Sep 2026,6
2026-06-17 23:33:51,OFC,CHENNAI VAC,24 Sep 2026,6
2026-06-17 23:34:27,OFC,CHENNAI VAC,04 Jan 2027,5
2026-06-17 23:34:45,OFC,CHENNAI VAC,21 Jun 2026,15
2026-06-17 23:35:05,OFC,CHENNAI VAC,21 Jun 2026,15
2026-06-17 23:35:24,OFC,CHENNAI VAC,04 Jan 2027,5
2026-06-17 23:43:13,OFC,HYDERABAD VAC,21 Jun 2026,5
2026-06-17 23:55:48,OFC,CHENNAI VAC,04 Jan 2027,3
2026-06-17 23:56:06,OFC,CHENNAI VAC,08 Oct 2026,13
2026-06-17 23:56:06,OFC,HYDERABAD VAC,06 Oct 2026,3
2026-06-17 23:56:06,OFC,KOLKATA VAC,14 Oct 2026,1
2026-06-17 23:56:06,OFC,NEW DELHI VAC,23 Oct 2026,6
2026-06-17 23:56:22,OFC,CHENNAI VAC,08 Oct 2026,13
2026-06-17 23:56:22,OFC,HYDERABAD VAC,06 Oct 2026,2
2026-06-17 23:56:22,OFC,KOLKATA VAC,14 Oct 2026,1
2026-06-17 23:56:22,OFC,NEW DELHI VAC,07 Dec 2026,8
2026-06-17 23:56:38,OFC,CHENNAI VAC,04 Jan 2027,12
2026-06-17 23:56:38,OFC,HYDERABAD VAC,15 Oct 2026,1
2026-06-17 23:56:38,OFC,KOLKATA VAC,14 Oct 2026,1
2026-06-17 23:56:38,OFC,NEW DELHI VAC,07 Dec 2026,8
2026-06-17 23:56:55,OFC,CHENNAI VAC,04 Jan 2027,12
2026-06-17 23:56:55,OFC,KOLKATA VAC,14 Oct 2026,1
2026-06-17 23:56:55,OFC,NEW DELHI VAC,07 Dec 2026,8
2026-06-17 23:57:12,OFC,CHENNAI VAC,04 Jan 2027,3
2026-06-17 23:57:12,OFC,KOLKATA VAC,14 Oct 2026,1
2026-06-17 23:57:29,OFC,KOLKATA VAC,14 Oct 2026,1
2026-06-17 23:57:46,OFC,CHENNAI VAC,04 Jan 2027,3
2026-06-17 23:58:06,OFC,CHENNAI VAC,04 Jan 2027,3
2026-06-17 23:58:06,OFC,KOLKATA VAC,14 Oct 2026,1
2026-06-17 23:58:23,OFC,CHENNAI VAC,04 Jan 2027,3
2026-06-17 23:58:23,OFC,KOLKATA VAC,14 Oct 2026,1
2026-06-17 23:58:43,OFC,CHENNAI VAC,04 Jan 2027,3
2026-06-17 23:58:43,OFC,KOLKATA VAC,14 Oct 2026,1
2026-06-17 23:59:02,OFC,CHENNAI VAC,04 Jan 2027,3
2026-06-17 23:59:20,OFC,CHENNAI VAC,04 Jan 2027,3
2026-06-17 23:59:38,OFC,CHENNAI VAC,04 Jan 2027,3
2026-06-17 23:59:56,OFC,CHENNAI VAC,04 Jan 2027,3
2026-06-18 00:00:15,OFC,CHENNAI VAC,04 Jan 2027,3
2026-06-18 00:00:35,OFC,CHENNAI VAC,04 Jan 2027,3
2026-06-18 00:00:55,OFC,CHENNAI VAC,04 Jan 2027,3
2026-06-18 00:01:14,OFC,CHENNAI VAC,04 Jan 2027,3
2026-06-18 00:01:14,OFC,HYDERABAD VAC,24 Jun 2026,1
2026-06-18 00:01:14,Consular,MUMBAI,16 Jul 2026,1
2026-06-18 00:01:14,Consular,NEW DELHI,06 Jul 2026,2
2026-06-18 00:01:34,OFC,CHENNAI VAC,21 Jun 2026,6
2026-06-18 00:01:34,OFC,HYDERABAD VAC,24 Jun 2026,1
2026-06-18 00:01:34,Consular,MUMBAI,16 Jul 2026,1
2026-06-18 00:01:34,Consular,NEW DELHI,28 Jul 2026,1
2026-06-18 00:01:52,OFC,CHENNAI VAC,21 Jun 2026,6
2026-06-18 00:01:52,OFC,HYDERABAD VAC,24 Jun 2026,1
2026-06-18 00:01:52,Consular,MUMBAI,16 Jul 2026,1
2026-06-18 00:01:52,Consular,NEW DELHI,06 Jul 2026,2
2026-06-18 00:02:09,OFC,CHENNAI VAC,21 Jun 2026,6
2026-06-18 00:02:09,Consular,NEW DELHI,20 Jul 2026,1
2026-06-18 00:02:09,OFC,NEW DELHI VAC,21 Jul 2026,3
2026-06-18 00:02:29,OFC,CHENNAI VAC,21 Jun 2026,2
2026-06-18 00:02:29,OFC,MUMBAI VAC,23 Jul 2026,1
2026-06-18 00:02:29,Consular,NEW DELHI,20 Jul 2026,1
2026-06-18 00:02:29,OFC,NEW DELHI VAC,21 Jul 2026,3
2026-06-18 00:02:47,OFC,CHENNAI VAC,21 Jun 2026,2
2026-06-18 00:02:47,OFC,MUMBAI VAC,23 Jul 2026,1
2026-06-18 00:02:47,Consular,NEW DELHI,28 Jul 2026,1
2026-06-18 00:02:47,OFC,NEW DELHI VAC,21 Jul 2026,3
2026-06-18 00:03:04,OFC,CHENNAI VAC,21 Jun 2026,6
2026-06-18 00:03:04,OFC,HYDERABAD VAC,24 Jun 2026,1
2026-06-18 00:03:04,OFC,MUMBAI VAC,23 Jul 2026,1
2026-06-18 00:03:22,OFC,CHENNAI VAC,21 Jun 2026,2
2026-06-18 00:03:22,OFC,HYDERABAD VAC,24 Jun 2026,1
2026-06-18 00:03:22,OFC,NEW DELHI VAC,21 Jul 2026,3
2026-06-18 00:03:41,OFC,CHENNAI VAC,21 Jun 2026,6
2026-06-18 00:03:41,OFC,HYDERABAD VAC,24 Jun 2026,1
2026-06-18 00:03:41,OFC,NEW DELHI VAC,21 Jul 2026,3
2026-06-18 00:04:01,OFC,CHENNAI VAC,21 Jun 2026,6
2026-06-18 00:04:18,OFC,CHENNAI VAC,21 Jun 2026,6
2026-06-18 00:04:18,OFC,NEW DELHI VAC,08 Dec 2026,1
2026-06-18 00:04:34,OFC,CHENNAI VAC,21 Jun 2026,6
2026-06-18 00:04:34,OFC,NEW DELHI VAC,08 Dec 2026,1
2026-06-18 00:04:53,OFC,CHENNAI VAC,21 Jun 2026,6
2026-06-18 00:04:53,OFC,NEW DELHI VAC,21 Jul 2026,3
2026-06-18 00:05:13,OFC,CHENNAI VAC,21 Jun 2026,6
2026-06-18 00:05:13,OFC,NEW DELHI VAC,21 Jul 2026,3
2026-06-18 00:05:32,OFC,CHENNAI VAC,21 Jun 2026,6
2026-06-18 00:05:32,OFC,NEW DELHI VAC,08 Dec 2026,1
2026-06-18 00:05:51,OFC,CHENNAI VAC,21 Jun 2026,6
2026-06-18 00:05:51,OFC,HYDERABAD VAC,24 Jun 2026,1
2026-06-18 00:06:08,OFC,CHENNAI VAC,04 Jan 2027,3
2026-06-18 00:07:03,Consular,CHENNAI,05 Oct 2026,1
2026-06-18 00:07:03,OFC,CHENNAI VAC,05 Jan 2027,2
2026-06-18 00:08:01,OFC,CHENNAI VAC,05 Jan 2027,2
2026-06-18 00:08:21,OFC,CHENNAI VAC,05 Jan 2027,2
2026-06-18 00:08:39,OFC,CHENNAI VAC,05 Jan 2027,2
2026-06-18 00:08:56,OFC,CHENNAI VAC,05 Jan 2027,2
2026-06-18 00:09:14,OFC,CHENNAI VAC,05 Jan 2027,2
2026-06-18 00:09:30,OFC,CHENNAI VAC,05 Jan 2027,2
2026-06-18 00:09:49,OFC,CHENNAI VAC,05 Jan 2027,2
2026-06-18 00:10:08,OFC,CHENNAI VAC,05 Jan 2027,2
2026-06-18 00:10:27,OFC,CHENNAI VAC,05 Jan 2027,2
2026-06-18 00:10:46,OFC,CHENNAI VAC,05 Jan 2027,2
2026-06-18 00:11:42,OFC,CHENNAI VAC,06 Jan 2027,1
2026-06-18 00:11:58,OFC,CHENNAI VAC,06 Jan 2027,1
2026-06-18 00:12:16,OFC,CHENNAI VAC,06 Jan 2027,1
2026-06-18 00:12:34,OFC,CHENNAI VAC,06 Jan 2027,1
2026-06-18 00:13:44,OFC,CHENNAI VAC,06 Jan 2027,1
2026-06-18 00:14:01,OFC,CHENNAI VAC,06 Jan 2027,1
2026-06-18 00:14:17,OFC,CHENNAI VAC,06 Jan 2027,1
2026-06-18 00:26:10,OFC,CHENNAI VAC,04 Jan 2027,3
2026-06-18 00:26:10,OFC,HYDERABAD VAC,09 Dec 2026,1
2026-06-18 00:26:28,OFC,CHENNAI VAC,04 Jan 2027,3
2026-06-18 00:26:28,OFC,KOLKATA VAC,30 Sep 2026,1
2026-06-18 00:26:28,OFC,NEW DELHI VAC,18 Sep 2026,1
2026-06-18 00:26:45,OFC,CHENNAI VAC,04 Jan 2027,3
2026-06-18 00:26:45,OFC,KOLKATA VAC,30 Sep 2026,1
2026-06-18 00:27:03,OFC,KOLKATA VAC,30 Sep 2026,1
2026-06-18 00:27:22,OFC,CHENNAI VAC,04 Jan 2027,3
2026-06-18 00:27:40,OFC,CHENNAI VAC,04 Jan 2027,3
2026-06-18 00:27:40,OFC,KOLKATA VAC,30 Sep 2026,1
2026-06-18 00:27:56,OFC,CHENNAI VAC,04 Jan 2027,3
2026-06-18 00:27:56,OFC,KOLKATA VAC,30 Sep 2026,1
2026-06-18 00:28:13,OFC,CHENNAI VAC,04 Jan 2027,3
2026-06-18 00:28:13,OFC,KOLKATA VAC,30 Sep 2026,1
2026-06-18 00:28:28,OFC,CHENNAI VAC,04 Jan 2027,3
2026-06-18 00:28:28,OFC,KOLKATA VAC,30 Sep 2026,1
2026-06-18 00:28:46,OFC,CHENNAI VAC,04 Jan 2027,3
2026-06-18 00:28:46,OFC,KOLKATA VAC,30 Sep 2026,1
2026-06-18 00:29:03,OFC,CHENNAI VAC,04 Jan 2027,3
2026-06-18 00:29:03,OFC,KOLKATA VAC,30 Sep 2026,1
2026-06-18 00:29:20,OFC,CHENNAI VAC,04 Jan 2027,3
2026-06-18 00:29:20,OFC,KOLKATA VAC,30 Sep 2026,1
2026-06-18 00:29:39,OFC,CHENNAI VAC,04 Jan 2027,3
2026-06-18 00:29:39,OFC,KOLKATA VAC,30 Sep 2026,1
2026-06-18 00:29:58,OFC,CHENNAI VAC,04 Jan 2027,3
2026-06-18 00:29:58,OFC,KOLKATA VAC,30 Sep 2026,1
2026-06-18 00:30:18,OFC,CHENNAI VAC,04 Jan 2027,3
2026-06-18 00:30:18,OFC,HYDERABAD VAC,26 Jun 2026,7
2026-06-18 00:30:18,OFC,KOLKATA VAC,30 Sep 2026,1
2026-06-18 00:30:18,OFC,NEW DELHI VAC,21 Jun 2026,8
2026-06-18 00:30:34,OFC,CHENNAI VAC,21 Jun 2026,11
2026-06-18 00:30:34,Consular,HYDERABAD,13 Jul 2026,1
2026-06-18 00:30:34,OFC,HYDERABAD VAC,26 Jun 2026,7
2026-06-18 00:30:34,OFC,KOLKATA VAC,30 Sep 2026,1
2026-06-18 00:30:34,OFC,MUMBAI VAC,08 Jul 2026,2
2026-06-18 00:30:34,OFC,NEW DELHI VAC,21 Jun 2026,8
2026-06-18 00:30:50,OFC,CHENNAI VAC,21 Jun 2026,11
2026-06-18 00:30:50,OFC,KOLKATA VAC,30 Sep 2026,1
2026-06-18 00:30:50,OFC,MUMBAI VAC,08 Jul 2026,2
2026-06-18 00:30:50,OFC,NEW DELHI VAC,21 Jun 2026,8
2026-06-18 00:31:07,OFC,CHENNAI VAC,21 Jun 2026,11
2026-06-18 00:31:07,Consular,HYDERABAD,09 Jul 2026,2
2026-06-18 00:31:07,OFC,KOLKATA VAC,30 Sep 2026,1
2026-06-18 00:31:07,OFC,MUMBAI VAC,08 Jul 2026,2
2026-06-18 00:31:07,OFC,NEW DELHI VAC,21 Jun 2026,8
2026-06-18 00:31:26,OFC,CHENNAI VAC,01 Jul 2026,2
2026-06-18 00:31:26,Consular,HYDERABAD,09 Jul 2026,2
2026-06-18 00:31:26,OFC,KOLKATA VAC,30 Sep 2026,1
2026-06-18 00:31:26,OFC,MUMBAI VAC,08 Jul 2026,2
2026-06-18 00:31:26,OFC,NEW DELHI VAC,21 Jun 2026,8
2026-06-18 00:31:46,OFC,CHENNAI VAC,21 Jun 2026,11
2026-06-18 00:31:46,OFC,NEW DELHI VAC,21 Jun 2026,8
2026-06-18 00:32:06,OFC,CHENNAI VAC,21 Jun 2026,11
2026-06-18 00:32:23,OFC,CHENNAI VAC,04 Jan 2027,3
2026-06-18 00:32:23,OFC,NEW DELHI VAC,21 Jun 2026,8
2026-06-18 00:32:40,OFC,CHENNAI VAC,04 Jan 2027,3
2026-06-18 00:32:40,OFC,HYDERABAD VAC,27 Oct 2026,1
2026-06-18 00:32:40,OFC,KOLKATA VAC,27 Oct 2026,1
2026-06-18 00:32:59,OFC,KOLKATA VAC,27 Oct 2026,1
2026-06-18 00:33:18,OFC,CHENNAI VAC,21 Jun 2026,11
2026-06-18 00:33:18,OFC,KOLKATA VAC,27 Oct 2026,1
2026-06-18 00:33:18,OFC,NEW DELHI VAC,21 Jun 2026,8
2026-06-18 00:33:35,Consular,CHENNAI,05 Oct 2026,1
2026-06-18 00:33:35,OFC,CHENNAI VAC,21 Jun 2026,11
2026-06-18 00:33:35,OFC,KOLKATA VAC,27 Oct 2026,1
2026-06-18 00:33:55,OFC,CHENNAI VAC,04 Jan 2027,2
2026-06-18 00:33:55,OFC,NEW DELHI VAC,21 Jun 2026,8
2026-06-18 00:34:30,OFC,CHENNAI VAC,04 Jan 2027,2
2026-06-18 00:34:48,OFC,CHENNAI VAC,04 Jan 2027,2
2026-06-18 00:35:08,OFC,CHENNAI VAC,04 Jan 2027,1
2026-06-18 00:55:59,OFC,CHENNAI VAC,07 Jan 2027,2
2026-06-18 00:56:17,OFC,CHENNAI VAC,04 Jan 2027,5
2026-06-18 00:56:35,OFC,CHENNAI VAC,04 Jan 2027,5
2026-06-18 00:56:52,OFC,CHENNAI VAC,04 Jan 2027,5
2026-06-18 00:57:10,OFC,CHENNAI VAC,04 Jan 2027,5
2026-06-18 00:57:30,OFC,CHENNAI VAC,04 Jan 2027,5
2026-06-18 00:57:46,OFC,CHENNAI VAC,04 Jan 2027,5
2026-06-18 00:58:07,OFC,CHENNAI VAC,04 Jan 2027,5
2026-06-18 00:58:23,OFC,CHENNAI VAC,04 Jan 2027,5
2026-06-18 00:58:39,OFC,CHENNAI VAC,04 Jan 2027,5
2026-06-18 00:58:57,OFC,CHENNAI VAC,04 Jan 2027,5
2026-06-18 00:59:17,OFC,CHENNAI VAC,04 Jan 2027,5
2026-06-18 00:59:37,OFC,CHENNAI VAC,04 Jan 2027,5
2026-06-18 00:59:54,OFC,CHENNAI VAC,04 Jan 2027,5
2026-06-18 01:00:10,OFC,CHENNAI VAC,04 Jan 2027,5
2026-06-18 01:00:29,OFC,CHENNAI VAC,04 Jan 2027,5
2026-06-18 01:00:45,OFC,CHENNAI VAC,04 Jan 2027,5
2026-06-18 01:00:45,Consular,MUMBAI,16 Jul 2026,1
2026-06-18 01:01:03,OFC,CHENNAI VAC,04 Jan 2027,5
2026-06-18 01:01:03,Consular,MUMBAI,16 Jul 2026,1
2026-06-18 01:01:21,OFC,CHENNAI VAC,21 Jun 2026,7
2026-06-18 01:01:21,OFC,HYDERABAD VAC,24 Jun 2026,2
2026-06-18 01:01:37,OFC,CHENNAI VAC,21 Jun 2026,7
2026-06-18 01:01:37,OFC,HYDERABAD VAC,24 Jun 2026,2
2026-06-18 01:01:37,OFC,KOLKATA VAC,13 Jul 2026,1
2026-06-18 01:01:37,Consular,MUMBAI,16 Jul 2026,1
2026-06-18 01:01:56,OFC,CHENNAI VAC,04 Jan 2027,5
2026-06-18 01:01:56,OFC,KOLKATA VAC,13 Jul 2026,1
2026-06-18 01:02:15,OFC,CHENNAI VAC,04 Jan 2027,5
2026-06-18 01:02:15,OFC,KOLKATA VAC,13 Jul 2026,1
2026-06-18 01:02:35,OFC,CHENNAI VAC,04 Jan 2027,5
2026-06-18 01:02:53,OFC,CHENNAI VAC,04 Jan 2027,5
2026-06-18 01:03:32,OFC,CHENNAI VAC,04 Jan 2027,5
2026-06-18 01:03:32,OFC,HYDERABAD VAC,24 Jun 2026,2
2026-06-18 01:03:52,OFC,CHENNAI VAC,04 Jan 2027,3
2026-06-18 01:04:09,OFC,CHENNAI VAC,04 Jan 2027,3
2026-06-18 01:04:25,OFC,CHENNAI VAC,04 Jan 2027,3
2026-06-18 01:05:22,OFC,CHENNAI VAC,04 Jan 2027,3
2026-06-18 01:06:16,OFC,CHENNAI VAC,04 Jan 2027,3
2026-06-18 01:06:49,OFC,CHENNAI VAC,05 Jan 2027,2
2026-06-18 01:07:06,OFC,CHENNAI VAC,05 Jan 2027,2
2026-06-18 01:07:26,OFC,CHENNAI VAC,05 Jan 2027,2
2026-06-18 01:07:45,OFC,CHENNAI VAC,05 Jan 2027,2
2026-06-18 01:08:05,OFC,CHENNAI VAC,05 Jan 2027,2
2026-06-18 01:08:23,OFC,CHENNAI VAC,05 Jan 2027,2
2026-06-18 01:08:42,OFC,CHENNAI VAC,05 Jan 2027,2
2026-06-18 01:09:02,OFC,CHENNAI VAC,05 Jan 2027,2
2026-06-18 01:09:22,OFC,CHENNAI VAC,05 Jan 2027,2
2026-06-18 01:09:40,OFC,CHENNAI VAC,05 Jan 2027,2
2026-06-18 01:10:01,OFC,CHENNAI VAC,05 Jan 2027,2
2026-06-18 01:10:17,OFC,CHENNAI VAC,05 Jan 2027,2
2026-06-18 01:10:36,OFC,CHENNAI VAC,05 Jan 2027,2
2026-06-18 01:10:56,OFC,CHENNAI VAC,05 Jan 2027,2
2026-06-18 01:11:12,OFC,CHENNAI VAC,05 Jan 2027,2
2026-06-18 01:11:30,OFC,CHENNAI VAC,05 Jan 2027,2
2026-06-18 01:11:49,OFC,CHENNAI VAC,06 Jan 2027,1
2026-06-18 01:12:08,OFC,CHENNAI VAC,06 Jan 2027,1
2026-06-18 01:12:24,OFC,CHENNAI VAC,06 Jan 2027,1
2026-06-18 01:12:44,OFC,CHENNAI VAC,06 Jan 2027,1
2026-06-18 01:13:02,OFC,CHENNAI VAC,06 Jan 2027,1
2026-06-18 01:13:19,OFC,CHENNAI VAC,06 Jan 2027,1
2026-06-18 01:13:35,OFC,CHENNAI VAC,06 Jan 2027,1
2026-06-18 01:13:52,OFC,CHENNAI VAC,06 Jan 2027,1
2026-06-18 01:14:08,OFC,CHENNAI VAC,06 Jan 2027,1
2026-06-18 01:15:41,OFC,CHENNAI VAC,06 Jan 2027,1
2026-06-18 01:15:57,OFC,CHENNAI VAC,06 Jan 2027,1
2026-06-18 01:16:16,OFC,CHENNAI VAC,06 Jan 2027,1
2026-06-18 01:16:34,OFC,CHENNAI VAC,06 Jan 2027,1
2026-06-18 01:16:52,OFC,CHENNAI VAC,06 Jan 2027,1
2026-06-18 01:17:11,OFC,CHENNAI VAC,06 Jan 2027,1
2026-06-18 01:17:29,OFC,CHENNAI VAC,06 Jan 2027,1
2026-06-18 01:17:46,OFC,CHENNAI VAC,06 Jan 2027,1
2026-06-18 01:18:03,OFC,CHENNAI VAC,06 Jan 2027,1
2026-06-18 01:18:22,OFC,CHENNAI VAC,06 Jan 2027,1
2026-06-18 01:18:38,OFC,CHENNAI VAC,06 Jan 2027,1
2026-06-18 01:18:54,OFC,CHENNAI VAC,06 Jan 2027,1
2026-06-18 01:19:11,OFC,CHENNAI VAC,06 Jan 2027,1
2026-06-18 01:19:27,OFC,CHENNAI VAC,06 Jan 2027,1
2026-06-18 01:19:46,OFC,CHENNAI VAC,06 Jan 2027,1
2026-06-18 01:20:05,OFC,CHENNAI VAC,06 Jan 2027,1
2026-06-18 01:20:23,OFC,CHENNAI VAC,06 Jan 2027,1
2026-06-18 01:20:42,OFC,CHENNAI VAC,06 Jan 2027,1
2026-06-18 01:20:58,OFC,CHENNAI VAC,06 Jan 2027,1
2026-06-18 01:21:15,OFC,CHENNAI VAC,06 Jan 2027,1
2026-06-18 01:21:31,OFC,CHENNAI VAC,06 Jan 2027,1
2026-06-18 01:21:52,OFC,CHENNAI VAC,06 Jan 2027,1
2026-06-18 01:22:08,OFC,CHENNAI VAC,06 Jan 2027,1
2026-06-18 01:22:27,OFC,CHENNAI VAC,06 Jan 2027,1
2026-06-18 01:23:23,OFC,CHENNAI VAC,06 Jan 2027,1
2026-06-18 01:23:40,OFC,CHENNAI VAC,06 Jan 2027,1
2026-06-18 01:24:17,OFC,CHENNAI VAC,06 Jan 2027,1
2026-06-18 01:24:34,OFC,CHENNAI VAC,06 Jan 2027,1
2026-06-18 01:24:55,OFC,CHENNAI VAC,06 Jan 2027,1
2026-06-18 01:25:11,OFC,CHENNAI VAC,06 Jan 2027,1
2026-06-18 01:26:05,OFC,CHENNAI VAC,04 Jan 2027,2
2026-06-18 01:26:05,OFC,HYDERABAD VAC,09 Dec 2026,1
2026-06-18 01:26:21,OFC,CHENNAI VAC,04 Jan 2027,2
2026-06-18 01:26:21,OFC,HYDERABAD VAC,09 Dec 2026,1
2026-06-18 01:26:41,OFC,CHENNAI VAC,04 Jan 2027,2
2026-06-18 01:26:41,OFC,HYDERABAD VAC,09 Dec 2026,1
2026-06-18 01:26:58,OFC,CHENNAI VAC,04 Jan 2027,2
2026-06-18 01:27:15,OFC,CHENNAI VAC,04 Jan 2027,2
2026-06-18 01:27:33,OFC,CHENNAI VAC,04 Jan 2027,2
2026-06-18 01:27:50,OFC,CHENNAI VAC,04 Jan 2027,2
2026-06-18 01:28:10,OFC,CHENNAI VAC,04 Jan 2027,2
2026-06-18 01:28:30,OFC,CHENNAI VAC,04 Jan 2027,2
2026-06-18 01:28:48,OFC,CHENNAI VAC,04 Jan 2027,2
2026-06-18 01:29:06,OFC,CHENNAI VAC,04 Jan 2027,2
2026-06-18 01:29:26,OFC,CHENNAI VAC,04 Jan 2027,2
2026-06-18 01:29:46,OFC,CHENNAI VAC,04 Jan 2027,2
2026-06-18 01:30:03,OFC,CHENNAI VAC,04 Jan 2027,2
2026-06-18 01:30:22,OFC,CHENNAI VAC,04 Jan 2027,2
2026-06-18 01:30:22,OFC,HYDERABAD VAC,26 Jun 2026,6
2026-06-18 01:30:38,OFC,CHENNAI VAC,04 Jan 2027,2
2026-06-18 01:30:38,Consular,HYDERABAD,30 Jun 2026,2
2026-06-18 01:30:38,OFC,HYDERABAD VAC,26 Jun 2026,6
2026-06-18 01:30:38,OFC,NEW DELHI VAC,21 Jun 2026,5
2026-06-18 01:31:00,OFC,CHENNAI VAC,21 Jun 2026,9
2026-06-18 01:31:00,Consular,HYDERABAD,30 Jun 2026,2
2026-06-18 01:31:00,OFC,HYDERABAD VAC,26 Jun 2026,6
2026-06-18 01:31:00,OFC,NEW DELHI VAC,21 Jun 2026,5
2026-06-18 01:31:21,OFC,CHENNAI VAC,21 Jun 2026,17
2026-06-18 01:31:21,Consular,HYDERABAD,30 Jun 2026,2
2026-06-18 01:31:21,OFC,HYDERABAD VAC,26 Jun 2026,6
2026-06-18 01:31:21,OFC,NEW DELHI VAC,21 Jun 2026,5
2026-06-18 01:31:41,OFC,CHENNAI VAC,21 Jun 2026,17
2026-06-18 01:31:41,Consular,HYDERABAD,30 Jun 2026,2
2026-06-18 01:31:41,OFC,HYDERABAD VAC,26 Jun 2026,6
2026-06-18 01:31:41,OFC,NEW DELHI VAC,21 Jun 2026,5
2026-06-18 01:32:00,OFC,CHENNAI VAC,21 Jun 2026,17
2026-06-18 01:32:00,Consular,HYDERABAD,30 Jun 2026,2
2026-06-18 01:32:00,OFC,HYDERABAD VAC,26 Jun 2026,6
2026-06-18 01:32:00,OFC,NEW DELHI VAC,21 Jun 2026,5
2026-06-18 01:32:20,OFC,CHENNAI VAC,13 Aug 2026,10
2026-06-18 01:32:20,Consular,HYDERABAD,30 Jun 2026,2
2026-06-18 01:32:20,OFC,HYDERABAD VAC,17 Aug 2026,3
2026-06-18 01:32:20,OFC,NEW DELHI VAC,21 Jun 2026,5
2026-06-18 01:32:39,OFC,CHENNAI VAC,13 Aug 2026,10
2026-06-18 01:32:39,Consular,HYDERABAD,30 Jun 2026,2
2026-06-18 01:32:39,OFC,HYDERABAD VAC,03 Sep 2026,1
2026-06-18 01:32:39,OFC,NEW DELHI VAC,21 Jun 2026,5
2026-06-18 01:32:55,OFC,CHENNAI VAC,13 Aug 2026,10
2026-06-18 01:32:55,Consular,HYDERABAD,30 Jun 2026,2
2026-06-18 01:32:55,OFC,HYDERABAD VAC,03 Sep 2026,1
2026-06-18 01:32:55,OFC,NEW DELHI VAC,21 Jun 2026,5
2026-06-18 01:33:15,OFC,CHENNAI VAC,21 Jun 2026,17
2026-06-18 01:33:15,OFC,HYDERABAD VAC,26 Jun 2026,6
2026-06-18 01:33:15,OFC,NEW DELHI VAC,21 Jun 2026,5
2026-06-18 01:33:35,OFC,CHENNAI VAC,13 Aug 2026,9
2026-06-18 01:33:35,OFC,HYDERABAD VAC,03 Sep 2026,1
2026-06-18 01:33:35,OFC,NEW DELHI VAC,21 Jun 2026,5
2026-06-18 01:33:55,OFC,CHENNAI VAC,13 Aug 2026,9
2026-06-18 01:33:55,OFC,HYDERABAD VAC,17 Aug 2026,3
2026-06-18 01:33:55,OFC,NEW DELHI VAC,21 Jun 2026,5
2026-06-18 01:34:15,OFC,CHENNAI VAC,21 Jun 2026,16
2026-06-18 01:34:15,OFC,HYDERABAD VAC,17 Aug 2026,3
2026-06-18 01:34:15,Consular,NEW DELHI,11 Sep 2026,1
2026-06-18 01:34:15,OFC,NEW DELHI VAC,21 Jun 2026,5
2026-06-18 01:34:33,OFC,CHENNAI VAC,21 Jun 2026,16
2026-06-18 01:34:33,OFC,HYDERABAD VAC,17 Aug 2026,3
2026-06-18 01:34:54,OFC,CHENNAI VAC,21 Jun 2026,17
2026-06-18 01:34:54,OFC,NEW DELHI VAC,21 Jun 2026,5
2026-06-18 01:35:13,OFC,CHENNAI VAC,21 Jun 2026,17
2026-06-18 01:35:30,OFC,CHENNAI VAC,04 Jan 2027,2
2026-06-18 01:36:24,OFC,CHENNAI VAC,04 Jan 2027,2
2026-06-18 01:36:41,OFC,CHENNAI VAC,04 Jan 2027,2
2026-06-18 01:37:01,OFC,CHENNAI VAC,04 Jan 2027,2
2026-06-18 01:37:20,OFC,CHENNAI VAC,04 Jan 2027,2
2026-06-18 01:37:39,OFC,CHENNAI VAC,04 Jan 2027,2
2026-06-18 01:37:58,OFC,CHENNAI VAC,04 Jan 2027,2
2026-06-18 01:38:17,OFC,CHENNAI VAC,04 Jan 2027,2
2026-06-18 01:38:33,OFC,CHENNAI VAC,04 Jan 2027,2
2026-06-18 01:38:50,OFC,CHENNAI VAC,04 Jan 2027,2
2026-06-18 01:39:09,OFC,CHENNAI VAC,05 Jan 2027,1
2026-06-18 01:39:27,OFC,CHENNAI VAC,05 Jan 2027,1
2026-06-18 01:56:01,OFC,CHENNAI VAC,04 Jan 2027,3
2026-06-18 01:56:17,OFC,CHENNAI VAC,04 Jan 2027,3
2026-06-18 01:56:38,OFC,CHENNAI VAC,04 Jan 2027,3
2026-06-18 01:56:55,OFC,CHENNAI VAC,04 Jan 2027,3
2026-06-18 01:57:14,OFC,CHENNAI VAC,04 Jan 2027,3
2026-06-18 01:57:33,OFC,CHENNAI VAC,04 Jan 2027,3
2026-06-18 01:57:53,OFC,CHENNAI VAC,04 Jan 2027,3
2026-06-18 01:58:11,OFC,CHENNAI VAC,04 Jan 2027,3
2026-06-18 01:58:30,OFC,CHENNAI VAC,04 Jan 2027,3
2026-06-18 01:58:49,OFC,CHENNAI VAC,04 Jan 2027,3
2026-06-18 01:59:05,OFC,CHENNAI VAC,04 Jan 2027,3
2026-06-18 01:59:25,OFC,CHENNAI VAC,04 Jan 2027,3
2026-06-18 01:59:44,OFC,CHENNAI VAC,04 Jan 2027,3
2026-06-18 02:00:04,OFC,CHENNAI VAC,04 Jan 2027,3
2026-06-18 02:00:23,OFC,CHENNAI VAC,21 Jun 2026,8
2026-06-18 02:00:23,Consular,HYDERABAD,13 Jul 2026,3
2026-06-18 02:00:40,Consular,HYDERABAD,13 Jul 2026,3
2026-06-18 02:00:40,OFC,HYDERABAD VAC,24 Jun 2026,2
2026-06-18 02:00:40,OFC,NEW DELHI VAC,30 Jun 2026,3
2026-06-18 02:00:57,Consular,HYDERABAD,13 Jul 2026,3
2026-06-18 02:00:57,OFC,HYDERABAD VAC,24 Jun 2026,2
2026-06-18 02:00:57,OFC,NEW DELHI VAC,30 Jun 2026,3
2026-06-18 02:01:16,OFC,CHENNAI VAC,21 Jun 2026,7
2026-06-18 02:01:16,Consular,HYDERABAD,13 Jul 2026,3
2026-06-18 02:01:16,OFC,HYDERABAD VAC,24 Jun 2026,2
2026-06-18 02:01:16,OFC,NEW DELHI VAC,13 Jul 2026,2
2026-06-18 02:01:31,OFC,CHENNAI VAC,21 Jun 2026,8
2026-06-18 02:01:31,Consular,HYDERABAD,13 Jul 2026,3
2026-06-18 02:01:31,OFC,HYDERABAD VAC,24 Jun 2026,2
2026-06-18 02:01:31,OFC,NEW DELHI VAC,13 Jul 2026,2
2026-06-18 02:01:52,OFC,CHENNAI VAC,24 Sep 2026,4
2026-06-18 02:01:52,Consular,HYDERABAD,13 Jul 2026,3
2026-06-18 02:01:52,OFC,HYDERABAD VAC,24 Jun 2026,2
2026-06-18 02:01:52,OFC,NEW DELHI VAC,13 Jul 2026,2
2026-06-18 02:02:11,OFC,CHENNAI VAC,21 Jun 2026,7
2026-06-18 02:02:11,OFC,NEW DELHI VAC,18 Sep 2026,1
2026-06-18 02:02:29,OFC,CHENNAI VAC,21 Jun 2026,7
2026-06-18 02:02:29,OFC,NEW DELHI VAC,18 Sep 2026,1
2026-06-18 02:02:47,OFC,CHENNAI VAC,21 Jun 2026,7
2026-06-18 02:02:47,OFC,NEW DELHI VAC,18 Sep 2026,1
2026-06-18 02:03:05,OFC,CHENNAI VAC,21 Jun 2026,7
2026-06-18 02:03:26,OFC,CHENNAI VAC,04 Jan 2027,3
2026-06-18 02:03:59,OFC,CHENNAI VAC,04 Jan 2027,3
2026-06-18 02:04:19,OFC,CHENNAI VAC,04 Jan 2027,3
2026-06-18 02:04:39,OFC,CHENNAI VAC,04 Jan 2027,3
2026-06-18 02:04:59,OFC,CHENNAI VAC,04 Jan 2027,3
2026-06-18 02:05:19,OFC,CHENNAI VAC,04 Jan 2027,3
2026-06-18 02:07:06,OFC,CHENNAI VAC,05 Jan 2027,2
2026-06-18 02:07:24,OFC,CHENNAI VAC,05 Jan 2027,2
2026-06-18 02:07:40,OFC,CHENNAI VAC,05 Jan 2027,2
2026-06-18 02:07:58,OFC,CHENNAI VAC,05 Jan 2027,2
2026-06-18 02:08:18,OFC,CHENNAI VAC,05 Jan 2027,2
2026-06-18 02:09:14,OFC,CHENNAI VAC,05 Jan 2027,2
2026-06-18 02:09:34,OFC,CHENNAI VAC,05 Jan 2027,2
2026-06-18 02:09:52,OFC,CHENNAI VAC,05 Jan 2027,2
2026-06-18 02:10:09,OFC,CHENNAI VAC,05 Jan 2027,2
2026-06-18 02:10:28,OFC,CHENNAI VAC,05 Jan 2027,2
2026-06-18 02:10:48,OFC,CHENNAI VAC,05 Jan 2027,2
2026-06-18 02:11:08,OFC,CHENNAI VAC,05 Jan 2027,2
2026-06-18 02:11:26,OFC,CHENNAI VAC,05 Jan 2027,2
2026-06-18 02:11:45,OFC,CHENNAI VAC,05 Jan 2027,2
2026-06-18 02:12:01,OFC,CHENNAI VAC,05 Jan 2027,2
2026-06-18 02:12:22,OFC,CHENNAI VAC,05 Jan 2027,2
2026-06-18 02:12:38,OFC,CHENNAI VAC,05 Jan 2027,1
2026-06-18 02:12:58,OFC,CHENNAI VAC,05 Jan 2027,1
2026-06-18 02:13:16,OFC,CHENNAI VAC,05 Jan 2027,1
2026-06-18 02:13:35,OFC,CHENNAI VAC,05 Jan 2027,1
2026-06-18 02:13:51,OFC,CHENNAI VAC,05 Jan 2027,1
2026-06-18 02:14:08,OFC,CHENNAI VAC,05 Jan 2027,1
2026-06-18 02:14:25,OFC,CHENNAI VAC,05 Jan 2027,1
2026-06-18 02:14:42,OFC,CHENNAI VAC,05 Jan 2027,1
2026-06-18 02:15:00,OFC,CHENNAI VAC,05 Jan 2027,1
2026-06-18 02:26:00,OFC,CHENNAI VAC,04 Jan 2027,3
2026-06-18 02:26:15,OFC,CHENNAI VAC,04 Jan 2027,3
2026-06-18 02:26:15,OFC,HYDERABAD VAC,09 Dec 2026,1
2026-06-18 02:26:35,OFC,CHENNAI VAC,04 Jan 2027,3
2026-06-18 02:26:35,OFC,HYDERABAD VAC,09 Dec 2026,1
2026-06-18 02:26:51,OFC,CHENNAI VAC,04 Jan 2027,3
2026-06-18 02:26:51,OFC,HYDERABAD VAC,09 Dec 2026,1
2026-06-18 02:27:10,OFC,CHENNAI VAC,04 Jan 2027,3
2026-06-18 02:27:10,OFC,HYDERABAD VAC,09 Dec 2026,1
2026-06-18 02:27:27,OFC,CHENNAI VAC,04 Jan 2027,3
2026-06-18 02:27:27,OFC,HYDERABAD VAC,09 Dec 2026,1
2026-06-18 02:27:45,OFC,CHENNAI VAC,04 Jan 2027,3
2026-06-18 02:27:45,OFC,HYDERABAD VAC,09 Dec 2026,1
2026-06-18 02:28:02,OFC,CHENNAI VAC,04 Jan 2027,3
2026-06-18 02:28:02,OFC,HYDERABAD VAC,09 Dec 2026,1
2026-06-18 02:28:22,OFC,CHENNAI VAC,04 Jan 2027,3
2026-06-18 02:28:22,OFC,HYDERABAD VAC,09 Dec 2026,1
2026-06-18 02:28:39,OFC,CHENNAI VAC,04 Jan 2027,3
2026-06-18 02:28:39,OFC,HYDERABAD VAC,09 Dec 2026,1
2026-06-18 02:28:58,OFC,CHENNAI VAC,04 Jan 2027,3
2026-06-18 02:28:58,OFC,HYDERABAD VAC,09 Dec 2026,1
2026-06-18 02:29:16,OFC,CHENNAI VAC,04 Jan 2027,3
2026-06-18 02:29:32,OFC,CHENNAI VAC,04 Jan 2027,3
2026-06-18 02:29:49,OFC,CHENNAI VAC,04 Jan 2027,3
2026-06-18 02:30:07,OFC,CHENNAI VAC,04 Jan 2027,3
2026-06-18 02:30:26,OFC,CHENNAI VAC,04 Jan 2027,3
2026-06-18 02:30:44,OFC,CHENNAI VAC,04 Jan 2027,3
2026-06-18 02:30:44,Consular,NEW DELHI,29 Jun 2026,4
2026-06-18 02:30:44,OFC,NEW DELHI VAC,21 Jun 2026,7
2026-06-18 02:31:02,OFC,CHENNAI VAC,04 Jan 2027,3
2026-06-18 02:31:02,OFC,HYDERABAD VAC,26 Jun 2026,7
2026-06-18 02:31:02,Consular,NEW DELHI,29 Jun 2026,4
2026-06-18 02:31:02,OFC,NEW DELHI VAC,21 Jun 2026,7
2026-06-18 02:31:20,OFC,CHENNAI VAC,04 Jan 2027,3
2026-06-18 02:31:20,OFC,HYDERABAD VAC,26 Jun 2026,7
2026-06-18 02:31:20,Consular,NEW DELHI,29 Jun 2026,4
2026-06-18 02:31:20,OFC,NEW DELHI VAC,21 Jun 2026,7
2026-06-18 02:31:38,OFC,CHENNAI VAC,04 Jan 2027,3
2026-06-18 02:31:38,OFC,HYDERABAD VAC,26 Jun 2026,7
2026-06-18 02:31:38,Consular,NEW DELHI,29 Jun 2026,4
2026-06-18 02:31:59,OFC,CHENNAI VAC,21 Jun 2026,14
2026-06-18 02:31:59,OFC,HYDERABAD VAC,26 Jun 2026,7
2026-06-18 02:31:59,Consular,NEW DELHI,29 Jun 2026,4
2026-06-18 02:32:16,OFC,CHENNAI VAC,21 Jun 2026,14
2026-06-18 02:32:16,OFC,HYDERABAD VAC,26 Jun 2026,7
2026-06-18 02:32:16,Consular,NEW DELHI,10 Jul 2026,1
2026-06-18 02:32:16,OFC,NEW DELHI VAC,21 Jun 2026,7
2026-06-18 02:32:36,OFC,CHENNAI VAC,21 Jun 2026,14
2026-06-18 02:32:36,OFC,HYDERABAD VAC,17 Aug 2026,3
2026-06-18 02:32:36,Consular,NEW DELHI,06 Jul 2026,3
2026-06-18 02:32:36,OFC,NEW DELHI VAC,21 Jun 2026,7
2026-06-18 02:32:57,OFC,CHENNAI VAC,13 Aug 2026,11
2026-06-18 02:32:57,OFC,HYDERABAD VAC,17 Aug 2026,3
2026-06-18 02:32:57,Consular,NEW DELHI,10 Jul 2026,1
2026-06-18 02:32:57,OFC,NEW DELHI VAC,21 Jun 2026,7
2026-06-18 02:33:15,OFC,CHENNAI VAC,13 Aug 2026,11
2026-06-18 02:33:15,OFC,HYDERABAD VAC,26 Jun 2026,7
2026-06-18 02:33:33,OFC,CHENNAI VAC,13 Aug 2026,11
2026-06-18 02:33:33,OFC,HYDERABAD VAC,20 Aug 2026,2
2026-06-18 02:33:50,OFC,CHENNAI VAC,13 Aug 2026,11
2026-06-18 02:34:07,OFC,CHENNAI VAC,19 Aug 2026,9
2026-06-18 02:34:07,OFC,NEW DELHI VAC,21 Jun 2026,7
2026-06-18 02:34:23,OFC,CHENNAI VAC,19 Aug 2026,9
2026-06-18 02:34:44,OFC,CHENNAI VAC,17 Aug 2026,10
2026-06-18 02:35:00,OFC,CHENNAI VAC,20 Aug 2026,8
2026-06-18 02:35:16,OFC,CHENNAI VAC,17 Aug 2026,10
2026-06-18 02:35:32,OFC,CHENNAI VAC,17 Aug 2026,10
2026-06-18 02:35:52,OFC,CHENNAI VAC,17 Aug 2026,10
2026-06-18 02:36:11,OFC,CHENNAI VAC,17 Aug 2026,10
2026-06-18 02:36:29,OFC,CHENNAI VAC,17 Aug 2026,10
2026-06-18 02:36:47,OFC,CHENNAI VAC,17 Aug 2026,10
2026-06-18 02:37:05,OFC,CHENNAI VAC,17 Aug 2026,10
2026-06-18 02:37:21,OFC,CHENNAI VAC,17 Aug 2026,10
2026-06-18 02:37:40,OFC,CHENNAI VAC,17 Aug 2026,10
2026-06-18 02:37:59,OFC,CHENNAI VAC,17 Aug 2026,10
2026-06-18 02:38:18,OFC,CHENNAI VAC,17 Aug 2026,10
2026-06-18 02:39:31,OFC,CHENNAI VAC,04 Jan 2027,3
2026-06-18 02:39:49,OFC,CHENNAI VAC,04 Jan 2027,3
2026-06-18 02:40:06,OFC,CHENNAI VAC,04 Jan 2027,3
2026-06-18 02:40:26,OFC,CHENNAI VAC,04 Jan 2027,3
2026-06-18 02:40:45,OFC,CHENNAI VAC,04 Jan 2027,3
2026-06-18 02:41:06,OFC,CHENNAI VAC,04 Jan 2027,3
2026-06-18 02:41:27,OFC,CHENNAI VAC,04 Jan 2027,3
2026-06-18 02:41:45,OFC,CHENNAI VAC,04 Jan 2027,3
2026-06-18 02:42:03,OFC,CHENNAI VAC,04 Jan 2027,3
2026-06-18 02:42:20,OFC,CHENNAI VAC,04 Jan 2027,3
2026-06-18 02:42:41,OFC,CHENNAI VAC,04 Jan 2027,3
2026-06-18 02:42:58,OFC,CHENNAI VAC,04 Jan 2027,3
2026-06-18 02:43:15,OFC,CHENNAI VAC,04 Jan 2027,3
2026-06-18 02:43:35,OFC,CHENNAI VAC,04 Jan 2027,3
2026-06-18 02:43:53,OFC,CHENNAI VAC,04 Jan 2027,3
2026-06-18 02:44:12,OFC,CHENNAI VAC,04 Jan 2027,3
2026-06-18 02:44:30,OFC,CHENNAI VAC,04 Jan 2027,3
2026-06-18 02:52:29,OFC,CHENNAI VAC,06 Jan 2027,1
2026-06-18 02:52:48,OFC,CHENNAI VAC,06 Jan 2027,1
2026-06-18 02:53:06,OFC,CHENNAI VAC,06 Jan 2027,1
2026-06-18 02:53:25,OFC,CHENNAI VAC,06 Jan 2027,1
2026-06-18 02:53:44,OFC,CHENNAI VAC,06 Jan 2027,1
2026-06-18 02:54:04,OFC,CHENNAI VAC,06 Jan 2027,1
2026-06-18 02:54:22,OFC,CHENNAI VAC,06 Jan 2027,1
2026-06-18 02:54:42,OFC,CHENNAI VAC,06 Jan 2027,1
2026-06-18 02:55:01,OFC,CHENNAI VAC,06 Jan 2027,1
2026-06-18 02:55:17,OFC,CHENNAI VAC,06 Jan 2027,1
2026-06-18 02:55:35,OFC,CHENNAI VAC,06 Jan 2027,1
2026-06-18 02:55:54,OFC,CHENNAI VAC,06 Jan 2027,1
2026-06-18 02:56:10,OFC,CHENNAI VAC,06 Jan 2027,1
2026-06-18 02:56:10,OFC,HYDERABAD VAC,16 Nov 2026,9
2026-06-18 02:56:27,OFC,CHENNAI VAC,04 Dec 2026,4
2026-06-18 02:56:27,OFC,HYDERABAD VAC,16 Nov 2026,9
2026-06-18 02:56:27,OFC,NEW DELHI VAC,01 Dec 2026,3
2026-06-18 02:56:48,OFC,CHENNAI VAC,04 Dec 2026,4
2026-06-18 02:56:48,OFC,HYDERABAD VAC,16 Nov 2026,9
2026-06-18 02:56:48,OFC,NEW DELHI VAC,01 Dec 2026,3
2026-06-18 02:57:05,OFC,CHENNAI VAC,04 Dec 2026,4
2026-06-18 02:57:05,OFC,HYDERABAD VAC,16 Nov 2026,9
2026-06-18 02:57:05,OFC,NEW DELHI VAC,03 Dec 2026,2
2026-06-18 02:57:24,OFC,CHENNAI VAC,04 Dec 2026,4
2026-06-18 02:57:24,OFC,HYDERABAD VAC,16 Nov 2026,9
2026-06-18 02:57:24,OFC,NEW DELHI VAC,03 Dec 2026,2
2026-06-18 02:57:40,OFC,CHENNAI VAC,04 Dec 2026,4
2026-06-18 02:57:40,OFC,HYDERABAD VAC,16 Nov 2026,9
2026-06-18 02:57:40,OFC,NEW DELHI VAC,03 Dec 2026,2
2026-06-18 02:57:58,OFC,CHENNAI VAC,04 Dec 2026,4
2026-06-18 02:57:58,OFC,HYDERABAD VAC,16 Nov 2026,9
2026-06-18 02:57:58,OFC,NEW DELHI VAC,03 Dec 2026,2
2026-06-18 02:58:17,OFC,CHENNAI VAC,04 Dec 2026,4
2026-06-18 02:58:17,OFC,HYDERABAD VAC,16 Nov 2026,9
2026-06-18 02:58:17,OFC,NEW DELHI VAC,03 Dec 2026,2
2026-06-18 02:58:34,OFC,HYDERABAD VAC,16 Nov 2026,9
2026-06-18 02:58:34,OFC,NEW DELHI VAC,03 Dec 2026,2
2026-06-18 02:59:27,OFC,CHENNAI VAC,04 Jan 2027,3
2026-06-18 02:59:45,OFC,CHENNAI VAC,04 Jan 2027,3
2026-06-18 03:00:59,OFC,CHENNAI VAC,21 Jun 2026,7
2026-06-18 03:00:59,Consular,NEW DELHI,15 Jul 2026,1
2026-06-18 03:01:19,OFC,CHENNAI VAC,21 Jun 2026,7
2026-06-18 03:01:19,OFC,HYDERABAD VAC,26 Jun 2026,2
2026-06-18 03:01:19,Consular,NEW DELHI,15 Jul 2026,1
2026-06-18 03:01:19,OFC,NEW DELHI VAC,30 Jun 2026,3
2026-06-18 03:01:35,OFC,CHENNAI VAC,21 Jun 2026,7
2026-06-18 03:01:35,OFC,HYDERABAD VAC,26 Jun 2026,2
2026-06-18 03:01:35,OFC,NEW DELHI VAC,30 Jun 2026,3
2026-06-18 03:01:55,OFC,CHENNAI VAC,21 Jun 2026,7
2026-06-18 03:01:55,OFC,HYDERABAD VAC,26 Jun 2026,2
2026-06-18 03:01:55,Consular,NEW DELHI,15 Jul 2026,1
2026-06-18 03:01:55,OFC,NEW DELHI VAC,30 Jun 2026,3
2026-06-18 03:02:15,OFC,CHENNAI VAC,21 Jun 2026,7
2026-06-18 03:02:15,OFC,HYDERABAD VAC,26 Jun 2026,2
2026-06-18 03:02:15,OFC,NEW DELHI VAC,30 Jun 2026,3
2026-06-18 03:02:33,OFC,NEW DELHI VAC,30 Jun 2026,3
2026-06-18 03:02:53,OFC,CHENNAI VAC,21 Jun 2026,7
2026-06-18 03:02:53,OFC,HYDERABAD VAC,26 Jun 2026,2
2026-06-18 03:02:53,OFC,NEW DELHI VAC,30 Jun 2026,3
2026-06-18 03:03:10,OFC,CHENNAI VAC,21 Jun 2026,7
2026-06-18 03:03:10,OFC,HYDERABAD VAC,26 Jun 2026,2
2026-06-18 03:03:10,OFC,NEW DELHI VAC,30 Jun 2026,3
2026-06-18 03:03:28,OFC,CHENNAI VAC,21 Jun 2026,7
2026-06-18 03:03:28,OFC,HYDERABAD VAC,26 Jun 2026,2
2026-06-18 03:03:28,OFC,NEW DELHI VAC,30 Jun 2026,3
2026-06-18 03:03:49,OFC,CHENNAI VAC,21 Jun 2026,7
2026-06-18 03:03:49,OFC,HYDERABAD VAC,26 Jun 2026,2
2026-06-18 03:04:09,OFC,CHENNAI VAC,04 Jan 2027,3
2026-06-18 03:04:25,OFC,CHENNAI VAC,21 Jun 2026,6
2026-06-18 03:04:41,OFC,CHENNAI VAC,04 Jan 2027,3
2026-06-18 03:04:59,OFC,CHENNAI VAC,04 Jan 2027,3
2026-06-18 03:05:16,OFC,CHENNAI VAC,04 Jan 2027,3
2026-06-18 03:05:33,OFC,CHENNAI VAC,04 Jan 2027,3
2026-06-18 03:11:57,OFC,CHENNAI VAC,05 Jan 2027,2
2026-06-18 03:12:14,OFC,CHENNAI VAC,05 Jan 2027,2
2026-06-18 03:12:32,OFC,CHENNAI VAC,05 Jan 2027,2
2026-06-18 03:12:52,OFC,CHENNAI VAC,05 Jan 2027,2
2026-06-18 03:13:08,OFC,CHENNAI VAC,05 Jan 2027,2
2026-06-18 03:13:27,OFC,CHENNAI VAC,05 Jan 2027,2
2026-06-18 03:13:47,OFC,CHENNAI VAC,05 Jan 2027,2
2026-06-18 03:14:04,OFC,CHENNAI VAC,05 Jan 2027,2
2026-06-18 03:20:00,OFC,CHENNAI VAC,05 Jan 2027,2
2026-06-18 03:20:19,OFC,CHENNAI VAC,05 Jan 2027,2
2026-06-18 03:20:39,OFC,CHENNAI VAC,05 Jan 2027,2
2026-06-18 03:20:55,OFC,CHENNAI VAC,05 Jan 2027,2
2026-06-18 03:21:15,OFC,CHENNAI VAC,05 Jan 2027,2
2026-06-18 03:21:32,OFC,CHENNAI VAC,05 Jan 2027,2
2026-06-18 03:21:53,OFC,CHENNAI VAC,05 Jan 2027,2
2026-06-18 03:22:10,OFC,CHENNAI VAC,05 Jan 2027,2
2026-06-18 03:22:28,OFC,CHENNAI VAC,05 Jan 2027,2
2026-06-18 03:22:47,OFC,CHENNAI VAC,05 Jan 2027,2
2026-06-18 03:23:04,OFC,CHENNAI VAC,05 Jan 2027,2
2026-06-18 03:23:21,OFC,CHENNAI VAC,05 Jan 2027,2
2026-06-18 03:23:40,OFC,CHENNAI VAC,06 Jan 2027,1
2026-06-18 03:23:59,OFC,CHENNAI VAC,06 Jan 2027,1
2026-06-18 03:24:18,OFC,CHENNAI VAC,06 Jan 2027,1
2026-06-18 03:24:34,OFC,CHENNAI VAC,06 Jan 2027,1
2026-06-18 03:24:50,OFC,CHENNAI VAC,06 Jan 2027,1
2026-06-18 03:25:08,OFC,CHENNAI VAC,06 Jan 2027,1
2026-06-18 03:25:29,OFC,CHENNAI VAC,06 Jan 2027,1
2026-06-18 03:25:49,OFC,CHENNAI VAC,06 Jan 2027,1
2026-06-18 03:26:07,OFC,CHENNAI VAC,04 Jan 2027,3
2026-06-18 03:26:26,OFC,CHENNAI VAC,04 Jan 2027,3
2026-06-18 03:26:26,OFC,HYDERABAD VAC,09 Dec 2026,1
2026-06-18 03:26:46,OFC,CHENNAI VAC,04 Jan 2027,3
2026-06-18 03:26:46,OFC,HYDERABAD VAC,09 Dec 2026,1
2026-06-18 03:27:02,OFC,CHENNAI VAC,04 Jan 2027,3
2026-06-18 03:27:02,OFC,HYDERABAD VAC,09 Dec 2026,1
2026-06-18 03:27:20,OFC,CHENNAI VAC,04 Jan 2027,3
2026-06-18 03:27:20,OFC,HYDERABAD VAC,09 Dec 2026,1
2026-06-18 03:28:33,OFC,CHENNAI VAC,04 Jan 2027,3
2026-06-18 03:28:49,OFC,CHENNAI VAC,04 Jan 2027,3
2026-06-18 03:29:07,OFC,CHENNAI VAC,04 Jan 2027,3
2026-06-18 03:29:23,OFC,CHENNAI VAC,04 Jan 2027,3
2026-06-18 03:29:42,OFC,CHENNAI VAC,04 Jan 2027,3
2026-06-18 03:30:03,OFC,CHENNAI VAC,04 Jan 2027,3
2026-06-18 03:30:22,OFC,CHENNAI VAC,04 Jan 2027,3
2026-06-18 03:30:22,OFC,NEW DELHI VAC,21 Jun 2026,6
2026-06-18 03:30:38,OFC,CHENNAI VAC,04 Jan 2027,3
2026-06-18 03:30:38,OFC,NEW DELHI VAC,21 Jun 2026,6
2026-06-18 03:30:56,OFC,CHENNAI VAC,04 Jan 2027,3
2026-06-18 03:30:56,OFC,NEW DELHI VAC,21 Jun 2026,6
2026-06-18 03:31:12,OFC,CHENNAI VAC,04 Jan 2027,3
2026-06-18 03:31:12,OFC,NEW DELHI VAC,21 Jun 2026,6
2026-06-18 03:31:30,OFC,CHENNAI VAC,21 Jun 2026,9
2026-06-18 03:31:30,OFC,NEW DELHI VAC,21 Jun 2026,6
2026-06-18 03:31:50,OFC,CHENNAI VAC,21 Jun 2026,9
2026-06-18 03:32:11,OFC,CHENNAI VAC,21 Jun 2026,9
2026-06-18 03:32:31,OFC,CHENNAI VAC,21 Jun 2026,9
2026-06-18 03:32:31,OFC,HYDERABAD VAC,26 Jun 2026,4
2026-06-18 03:32:31,OFC,NEW DELHI VAC,21 Jun 2026,6
2026-06-18 03:32:48,OFC,CHENNAI VAC,21 Jun 2026,9
2026-06-18 03:32:48,OFC,HYDERABAD VAC,26 Jun 2026,4
2026-06-18 03:32:48,OFC,NEW DELHI VAC,23 Jul 2026,2
2026-06-18 03:33:04,OFC,CHENNAI VAC,21 Jun 2026,9
2026-06-18 03:33:04,OFC,HYDERABAD VAC,26 Jun 2026,4
2026-06-18 03:33:04,OFC,NEW DELHI VAC,23 Jul 2026,2
2026-06-18 03:33:21,OFC,CHENNAI VAC,21 Jun 2026,9
2026-06-18 03:33:37,OFC,CHENNAI VAC,21 Jun 2026,9
2026-06-18 03:33:37,OFC,NEW DELHI VAC,21 Jun 2026,6
2026-06-18 03:33:53,OFC,CHENNAI VAC,21 Jun 2026,9
2026-06-18 03:34:11,OFC,CHENNAI VAC,04 Jan 2027,3
2026-06-18 03:34:11,OFC,NEW DELHI VAC,21 Jun 2026,6
2026-06-18 03:34:31,OFC,CHENNAI VAC,04 Jan 2027,3
2026-06-18 03:34:48,OFC,CHENNAI VAC,04 Jan 2027,3
2026-06-18 03:34:48,OFC,NEW DELHI VAC,21 Jun 2026,6
2026-06-18 03:35:04,OFC,CHENNAI VAC,04 Jan 2027,3
2026-06-18 03:35:04,OFC,NEW DELHI VAC,21 Jun 2026,6
2026-06-18 03:35:21,OFC,CHENNAI VAC,04 Jan 2027,3
2026-06-18 03:35:37,OFC,CHENNAI VAC,04 Jan 2027,3
2026-06-18 03:35:56,OFC,CHENNAI VAC,04 Jan 2027,3
2026-06-18 03:36:15,OFC,CHENNAI VAC,04 Jan 2027,3
2026-06-18 03:36:34,OFC,CHENNAI VAC,04 Jan 2027,3
2026-06-18 03:36:51,OFC,CHENNAI VAC,04 Jan 2027,3
2026-06-18 03:37:11,OFC,CHENNAI VAC,04 Jan 2027,3
2026-06-18 03:37:32,OFC,CHENNAI VAC,04 Jan 2027,3
2026-06-18 03:37:52,OFC,CHENNAI VAC,04 Jan 2027,3
2026-06-18 03:38:09,OFC,CHENNAI VAC,04 Jan 2027,3
2026-06-18 03:38:26,OFC,CHENNAI VAC,04 Jan 2027,3
2026-06-18 03:38:47,OFC,CHENNAI VAC,04 Jan 2027,3
2026-06-18 03:39:04,OFC,CHENNAI VAC,04 Jan 2027,3
2026-06-18 03:39:23,OFC,CHENNAI VAC,04 Jan 2027,3
2026-06-18 03:39:40,OFC,CHENNAI VAC,04 Jan 2027,3
2026-06-18 03:39:59,OFC,CHENNAI VAC,04 Jan 2027,3
2026-06-18 03:40:16,OFC,CHENNAI VAC,04 Jan 2027,3
2026-06-18 03:40:34,OFC,CHENNAI VAC,04 Jan 2027,3
2026-06-18 03:40:54,OFC,CHENNAI VAC,04 Jan 2027,3
2026-06-18 03:41:12,OFC,CHENNAI VAC,04 Jan 2027,3
2026-06-18 03:41:31,OFC,CHENNAI VAC,04 Jan 2027,3
2026-06-18 03:41:50,OFC,CHENNAI VAC,04 Jan 2027,3
2026-06-18 03:42:06,OFC,CHENNAI VAC,04 Jan 2027,3
2026-06-18 03:42:23,OFC,CHENNAI VAC,04 Jan 2027,3
2026-06-18 03:42:41,OFC,CHENNAI VAC,04 Jan 2027,3
2026-06-18 03:43:00,OFC,CHENNAI VAC,04 Jan 2027,3
2026-06-18 03:43:21,OFC,CHENNAI VAC,04 Jan 2027,3
2026-06-18 03:43:39,OFC,CHENNAI VAC,04 Jan 2027,3
2026-06-18 03:43:56,OFC,CHENNAI VAC,04 Jan 2027,3
2026-06-18 03:44:15,OFC,CHENNAI VAC,04 Jan 2027,3
2026-06-18 03:44:33,OFC,CHENNAI VAC,04 Jan 2027,3
2026-06-18 03:56:03,OFC,NEW DELHI VAC,14 Jan 2027,9
2026-06-18 03:56:20,OFC,CHENNAI VAC,04 Jan 2027,13
2026-06-18 03:56:20,OFC,NEW DELHI VAC,14 Jan 2027,9
2026-06-18 03:56:40,OFC,CHENNAI VAC,04 Jan 2027,13
2026-06-18 03:57:00,OFC,CHENNAI VAC,04 Jan 2027,13
2026-06-18 03:57:20,OFC,CHENNAI VAC,04 Jan 2027,13
2026-06-18 03:57:20,OFC,NEW DELHI VAC,14 Jan 2027,9
2026-06-18 03:57:39,OFC,NEW DELHI VAC,14 Jan 2027,9
2026-06-18 03:58:17,OFC,CHENNAI VAC,04 Jan 2027,13
2026-06-18 03:59:24,OFC,CHENNAI VAC,04 Jan 2027,13
2026-06-18 04:00:04,OFC,CHENNAI VAC,04 Jan 2027,13
2026-06-18 04:00:24,OFC,CHENNAI VAC,04 Jan 2027,13
2026-06-18 04:00:42,OFC,CHENNAI VAC,21 Jun 2026,16
2026-06-18 04:00:42,Consular,NEW DELHI,30 Jun 2026,2
2026-06-18 04:00:59,OFC,CHENNAI VAC,21 Jun 2026,16
2026-06-18 04:00:59,Consular,NEW DELHI,30 Jun 2026,2
2026-06-18 04:01:17,OFC,CHENNAI VAC,21 Jun 2026,15
2026-06-18 04:01:37,OFC,CHENNAI VAC,21 Jun 2026,16
2026-06-18 04:01:37,Consular,HYDERABAD,09 Jul 2026,1
2026-06-18 04:01:37,Consular,NEW DELHI,30 Jun 2026,2
2026-06-18 04:01:37,OFC,NEW DELHI VAC,30 Jun 2026,11
2026-06-18 04:01:54,OFC,CHENNAI VAC,21 Jun 2026,16
2026-06-18 04:01:54,Consular,HYDERABAD,09 Jul 2026,1
2026-06-18 04:01:54,Consular,NEW DELHI,30 Jun 2026,2
2026-06-18 04:01:54,OFC,NEW DELHI VAC,30 Jun 2026,11
2026-06-18 04:02:11,OFC,CHENNAI VAC,21 Jun 2026,15
2026-06-18 04:02:11,Consular,HYDERABAD,09 Jul 2026,1
2026-06-18 04:02:11,Consular,NEW DELHI,30 Jun 2026,2
2026-06-18 04:02:11,OFC,NEW DELHI VAC,07 Dec 2026,10
2026-06-18 04:02:31,OFC,CHENNAI VAC,21 Jun 2026,15
2026-06-18 04:02:31,OFC,NEW DELHI VAC,07 Dec 2026,10
2026-06-18 04:02:48,OFC,CHENNAI VAC,21 Jun 2026,15
2026-06-18 04:02:48,Consular,NEW DELHI,30 Jun 2026,2
2026-06-18 04:02:48,OFC,NEW DELHI VAC,07 Dec 2026,10
2026-06-18 04:03:08,OFC,CHENNAI VAC,21 Jun 2026,15
2026-06-18 04:03:08,Consular,NEW DELHI,30 Jun 2026,2
2026-06-18 04:03:08,OFC,NEW DELHI VAC,07 Dec 2026,10
2026-06-18 04:03:27,OFC,CHENNAI VAC,21 Jun 2026,15
2026-06-18 04:03:27,OFC,NEW DELHI VAC,07 Dec 2026,10
2026-06-18 04:03:43,OFC,CHENNAI VAC,21 Jun 2026,15
2026-06-18 04:03:43,OFC,NEW DELHI VAC,07 Dec 2026,10
2026-06-18 04:04:01,OFC,CHENNAI VAC,04 Jan 2027,13
2026-06-18 04:04:01,OFC,NEW DELHI VAC,07 Dec 2026,10
2026-06-18 04:04:19,OFC,CHENNAI VAC,04 Jan 2027,13
2026-06-18 04:04:19,OFC,NEW DELHI VAC,07 Dec 2026,10
2026-06-18 04:04:35,OFC,CHENNAI VAC,04 Jan 2027,13
2026-06-18 04:04:35,OFC,NEW DELHI VAC,07 Dec 2026,10
2026-06-18 04:04:54,OFC,CHENNAI VAC,04 Jan 2027,13
2026-06-18 04:04:54,OFC,NEW DELHI VAC,07 Dec 2026,10
2026-06-18 04:05:14,OFC,CHENNAI VAC,04 Jan 2027,3
2026-06-18 04:05:33,OFC,CHENNAI VAC,04 Jan 2027,3
2026-06-18 04:05:51,OFC,CHENNAI VAC,04 Jan 2027,3
2026-06-18 04:06:10,OFC,CHENNAI VAC,04 Jan 2027,3
2026-06-18 04:06:26,OFC,CHENNAI VAC,04 Jan 2027,3
2026-06-18 04:06:44,OFC,CHENNAI VAC,04 Jan 2027,3
2026-06-18 04:07:02,OFC,CHENNAI VAC,04 Jan 2027,3
2026-06-18 04:07:21,OFC,CHENNAI VAC,04 Jan 2027,3
2026-06-18 04:07:38,OFC,CHENNAI VAC,04 Jan 2027,3
2026-06-18 04:07:56,OFC,CHENNAI VAC,04 Jan 2027,3
2026-06-18 04:08:14,OFC,CHENNAI VAC,04 Jan 2027,3
2026-06-18 04:08:34,OFC,CHENNAI VAC,04 Jan 2027,3
2026-06-18 04:08:53,OFC,CHENNAI VAC,04 Jan 2027,3
2026-06-18 04:09:14,OFC,CHENNAI VAC,04 Jan 2027,3
2026-06-18 04:09:33,OFC,CHENNAI VAC,05 Jan 2027,2
2026-06-18 04:09:50,OFC,CHENNAI VAC,05 Jan 2027,2
2026-06-18 04:11:55,OFC,CHENNAI VAC,05 Jan 2027,2
2026-06-18 04:12:14,OFC,CHENNAI VAC,05 Jan 2027,2
2026-06-18 04:12:35,OFC,CHENNAI VAC,05 Jan 2027,2
2026-06-18 04:12:55,OFC,CHENNAI VAC,05 Jan 2027,2
2026-06-18 04:13:15,OFC,CHENNAI VAC,05 Jan 2027,2
2026-06-18 04:13:33,OFC,CHENNAI VAC,05 Jan 2027,2
2026-06-18 04:13:54,OFC,CHENNAI VAC,05 Jan 2027,2
2026-06-18 04:14:13,OFC,CHENNAI VAC,05 Jan 2027,2
2026-06-18 04:14:31,OFC,CHENNAI VAC,05 Jan 2027,2
2026-06-18 04:14:49,OFC,CHENNAI VAC,05 Jan 2027,2
2026-06-18 04:15:08,OFC,CHENNAI VAC,05 Jan 2027,2
2026-06-18 04:15:27,OFC,CHENNAI VAC,05 Jan 2027,2
2026-06-18 04:15:44,OFC,CHENNAI VAC,05 Jan 2027,2
2026-06-18 04:16:02,OFC,CHENNAI VAC,05 Jan 2027,2
2026-06-18 04:16:21,OFC,CHENNAI VAC,05 Jan 2027,2
2026-06-18 04:16:41,OFC,CHENNAI VAC,05 Jan 2027,2
2026-06-18 04:17:00,OFC,CHENNAI VAC,05 Jan 2027,2
2026-06-18 04:17:18,OFC,CHENNAI VAC,05 Jan 2027,2
2026-06-18 04:17:38,OFC,CHENNAI VAC,05 Jan 2027,2
2026-06-18 04:17:58,OFC,CHENNAI VAC,05 Jan 2027,2
2026-06-18 04:18:16,OFC,CHENNAI VAC,05 Jan 2027,2
2026-06-18 04:18:34,OFC,CHENNAI VAC,05 Jan 2027,2
2026-06-18 04:20:01,OFC,CHENNAI VAC,06 Jan 2027,1
2026-06-18 04:20:21,OFC,CHENNAI VAC,06 Jan 2027,1
2026-06-18 04:25:56,OFC,HYDERABAD VAC,04 Nov 2026,15
2026-06-18 04:26:12,OFC,CHENNAI VAC,04 Jan 2027,3
2026-06-18 04:26:12,OFC,KOLKATA VAC,06 Nov 2026,12
2026-06-18 04:26:12,OFC,NEW DELHI VAC,03 Dec 2026,1
2026-06-18 04:26:31,OFC,CHENNAI VAC,04 Jan 2027,3
2026-06-18 04:26:31,OFC,KOLKATA VAC,06 Nov 2026,12
2026-06-18 04:26:49,OFC,CHENNAI VAC,04 Jan 2027,3
2026-06-18 04:26:49,OFC,HYDERABAD VAC,04 Nov 2026,16
2026-06-18 04:26:49,OFC,KOLKATA VAC,06 Nov 2026,12
2026-06-18 04:27:09,OFC,CHENNAI VAC,04 Jan 2027,3
2026-06-18 04:27:09,OFC,HYDERABAD VAC,04 Nov 2026,16
2026-06-18 04:27:09,OFC,KOLKATA VAC,06 Nov 2026,12
2026-06-18 04:27:28,OFC,CHENNAI VAC,04 Jan 2027,3
2026-06-18 04:27:28,OFC,KOLKATA VAC,06 Nov 2026,12
2026-06-18 04:27:46,OFC,KOLKATA VAC,06 Nov 2026,12
2026-06-18 04:28:05,OFC,CHENNAI VAC,04 Jan 2027,3
2026-06-18 04:28:05,OFC,HYDERABAD VAC,04 Nov 2026,16
2026-06-18 04:28:05,OFC,KOLKATA VAC,06 Nov 2026,12
2026-06-18 04:28:22,OFC,CHENNAI VAC,04 Jan 2027,3
2026-06-18 04:28:22,OFC,KOLKATA VAC,06 Nov 2026,12
2026-06-18 04:28:43,OFC,KOLKATA VAC,06 Nov 2026,12
2026-06-18 04:29:00,OFC,KOLKATA VAC,06 Nov 2026,12
2026-06-18 04:29:53,OFC,CHENNAI VAC,04 Jan 2027,3
2026-06-18 04:30:14,OFC,CHENNAI VAC,04 Jan 2027,3
2026-06-18 04:30:30,OFC,CHENNAI VAC,04 Jan 2027,3
2026-06-18 04:30:30,OFC,HYDERABAD VAC,09 Dec 2026,1
2026-06-18 04:30:46,OFC,CHENNAI VAC,04 Jan 2027,3
2026-06-18 04:30:46,OFC,HYDERABAD VAC,09 Dec 2026,1
2026-06-18 04:31:07,OFC,CHENNAI VAC,04 Jan 2027,3
2026-06-18 04:31:07,OFC,HYDERABAD VAC,09 Dec 2026,1
2026-06-18 04:31:27,OFC,CHENNAI VAC,04 Jan 2027,3
2026-06-18 04:31:27,OFC,HYDERABAD VAC,09 Dec 2026,1
2026-06-18 04:31:46,OFC,CHENNAI VAC,04 Jan 2027,3
2026-06-18 04:32:23,OFC,CHENNAI VAC,04 Jan 2027,3
2026-06-18 04:32:40,OFC,CHENNAI VAC,04 Jan 2027,3
2026-06-18 04:32:40,OFC,HYDERABAD VAC,09 Dec 2026,1
2026-06-18 04:32:58,OFC,HYDERABAD VAC,09 Dec 2026,1
2026-06-18 04:33:16,OFC,HYDERABAD VAC,09 Dec 2026,1
2026-06-18 04:37:38,OFC,CHENNAI VAC,04 Jan 2027,3
2026-06-18 04:37:55,OFC,CHENNAI VAC,04 Jan 2027,3
2026-06-18 04:38:11,OFC,CHENNAI VAC,04 Jan 2027,3
2026-06-18 04:38:29,OFC,CHENNAI VAC,04 Jan 2027,3
2026-06-18 04:38:47,OFC,CHENNAI VAC,04 Jan 2027,3
2026-06-18 04:39:06,OFC,CHENNAI VAC,04 Jan 2027,3
2026-06-18 04:39:27,OFC,CHENNAI VAC,04 Jan 2027,3
2026-06-18 04:39:47,OFC,CHENNAI VAC,04 Jan 2027,3
2026-06-18 04:40:05,OFC,CHENNAI VAC,04 Jan 2027,3
2026-06-18 04:40:23,OFC,CHENNAI VAC,04 Jan 2027,3
2026-06-18 04:40:41,OFC,CHENNAI VAC,04 Jan 2027,3
2026-06-18 04:41:00,OFC,CHENNAI VAC,04 Jan 2027,3
2026-06-18 04:41:16,OFC,CHENNAI VAC,04 Jan 2027,3
2026-06-18 04:41:36,OFC,CHENNAI VAC,04 Jan 2027,3
2026-06-18 04:41:54,OFC,CHENNAI VAC,04 Jan 2027,3
2026-06-18 04:42:14,OFC,CHENNAI VAC,04 Jan 2027,3
2026-06-18 04:42:33,OFC,CHENNAI VAC,04 Jan 2027,3
2026-06-18 04:42:52,OFC,CHENNAI VAC,04 Jan 2027,3
2026-06-18 04:43:12,OFC,CHENNAI VAC,04 Jan 2027,3
2026-06-18 04:43:29,OFC,CHENNAI VAC,04 Jan 2027,3
2026-06-18 04:43:49,OFC,CHENNAI VAC,05 Jan 2027,2
2026-06-18 04:44:06,OFC,CHENNAI VAC,05 Jan 2027,2
2026-06-18 04:44:24,OFC,CHENNAI VAC,05 Jan 2027,2
2026-06-18 04:44:40,OFC,CHENNAI VAC,05 Jan 2027,2
2026-06-18 04:44:59,OFC,CHENNAI VAC,05 Jan 2027,2
2026-06-18 04:45:18,OFC,CHENNAI VAC,05 Jan 2027,2
2026-06-18 04:45:34,OFC,CHENNAI VAC,05 Jan 2027,2
2026-06-18 04:45:53,OFC,CHENNAI VAC,05 Jan 2027,2
2026-06-18 04:46:12,OFC,CHENNAI VAC,05 Jan 2027,2
2026-06-18 04:46:29,OFC,CHENNAI VAC,05 Jan 2027,2
2026-06-18 04:46:47,OFC,CHENNAI VAC,05 Jan 2027,2
2026-06-18 04:47:05,OFC,CHENNAI VAC,05 Jan 2027,2
2026-06-18 04:47:23,OFC,CHENNAI VAC,05 Jan 2027,2
2026-06-18 04:47:40,OFC,CHENNAI VAC,05 Jan 2027,2
2026-06-18 04:47:58,OFC,CHENNAI VAC,05 Jan 2027,2
2026-06-18 04:48:16,OFC,CHENNAI VAC,05 Jan 2027,2
2026-06-18 04:48:36,OFC,CHENNAI VAC,05 Jan 2027,2
2026-06-18 04:48:54,OFC,CHENNAI VAC,05 Jan 2027,2
2026-06-18 04:49:31,OFC,CHENNAI VAC,05 Jan 2027,2
2026-06-18 04:49:52,OFC,CHENNAI VAC,05 Jan 2027,2
2026-06-18 04:50:11,OFC,CHENNAI VAC,06 Jan 2027,1
2026-06-18 04:50:30,OFC,CHENNAI VAC,06 Jan 2027,1
2026-06-18 04:50:47,OFC,CHENNAI VAC,06 Jan 2027,1
2026-06-18 04:51:05,OFC,CHENNAI VAC,06 Jan 2027,1
2026-06-18 04:51:24,OFC,CHENNAI VAC,06 Jan 2027,1
2026-06-18 04:51:43,OFC,CHENNAI VAC,06 Jan 2027,1
2026-06-18 04:52:00,OFC,CHENNAI VAC,06 Jan 2027,1
2026-06-18 04:52:18,OFC,CHENNAI VAC,06 Jan 2027,1
2026-06-18 04:52:39,OFC,CHENNAI VAC,06 Jan 2027,1
2026-06-18 04:52:59,OFC,CHENNAI VAC,06 Jan 2027,1
2026-06-18 04:53:20,OFC,CHENNAI VAC,06 Jan 2027,1
2026-06-18 04:53:39,OFC,CHENNAI VAC,06 Jan 2027,1
2026-06-18 04:53:56,OFC,CHENNAI VAC,06 Jan 2027,1
2026-06-18 04:54:15,OFC,CHENNAI VAC,06 Jan 2027,1
2026-06-18 04:54:31,OFC,CHENNAI VAC,06 Jan 2027,1
2026-06-18 04:54:50,OFC,CHENNAI VAC,06 Jan 2027,1
2026-06-18 04:55:08,OFC,CHENNAI VAC,06 Jan 2027,1
2026-06-18 04:55:29,OFC,CHENNAI VAC,06 Jan 2027,1
2026-06-18 04:55:46,OFC,CHENNAI VAC,06 Jan 2027,1
2026-06-18 04:56:06,OFC,CHENNAI VAC,06 Jan 2027,1
2026-06-18 04:56:26,OFC,CHENNAI VAC,04 Jan 2027,3
2026-06-18 04:56:42,OFC,CHENNAI VAC,04 Jan 2027,3
2026-06-18 04:56:59,OFC,CHENNAI VAC,04 Jan 2027,3
2026-06-18 04:57:18,OFC,CHENNAI VAC,04 Jan 2027,3
2026-06-18 04:57:39,OFC,CHENNAI VAC,04 Jan 2027,3
2026-06-18 04:57:56,OFC,CHENNAI VAC,04 Jan 2027,3
2026-06-18 04:58:12,OFC,CHENNAI VAC,04 Jan 2027,3
2026-06-18 04:58:28,OFC,CHENNAI VAC,04 Jan 2027,3
2026-06-18 04:58:46,OFC,CHENNAI VAC,04 Jan 2027,3
2026-06-18 04:59:03,OFC,CHENNAI VAC,04 Jan 2027,3
2026-06-18 04:59:19,OFC,CHENNAI VAC,04 Jan 2027,3
2026-06-18 04:59:39,OFC,CHENNAI VAC,04 Jan 2027,3
2026-06-18 05:00:00,OFC,CHENNAI VAC,04 Jan 2027,3
2026-06-18 05:00:18,OFC,CHENNAI VAC,04 Jan 2027,3
2026-06-18 05:00:36,OFC,CHENNAI VAC,04 Jan 2027,3
2026-06-18 05:00:56,OFC,CHENNAI VAC,21 Jun 2026,10
2026-06-18 05:01:13,OFC,CHENNAI VAC,21 Jun 2026,10
2026-06-18 05:01:13,OFC,NEW DELHI VAC,21 Jun 2026,4
2026-06-18 05:01:29,OFC,CHENNAI VAC,21 Jun 2026,10
2026-06-18 05:01:48,OFC,CHENNAI VAC,21 Jun 2026,10
2026-06-18 05:01:48,OFC,NEW DELHI VAC,21 Jun 2026,5
2026-06-18 05:02:05,OFC,CHENNAI VAC,21 Jun 2026,10
2026-06-18 05:02:05,OFC,HYDERABAD VAC,26 Jun 2026,4
2026-06-18 05:02:05,Consular,NEW DELHI,15 Jul 2026,1
2026-06-18 05:02:26,OFC,HYDERABAD VAC,26 Jun 2026,4
2026-06-18 05:02:26,OFC,KOLKATA VAC,13 Jul 2026,1
2026-06-18 05:02:26,OFC,NEW DELHI VAC,21 Jun 2026,5
2026-06-18 05:02:45,OFC,CHENNAI VAC,04 Jan 2027,3
2026-06-18 05:02:45,OFC,HYDERABAD VAC,26 Jun 2026,4
2026-06-18 05:02:45,OFC,KOLKATA VAC,13 Jul 2026,1
2026-06-18 05:02:45,OFC,NEW DELHI VAC,21 Jun 2026,5
2026-06-18 05:03:01,OFC,CHENNAI VAC,04 Jan 2027,3
2026-06-18 05:03:01,OFC,HYDERABAD VAC,26 Jun 2026,4
2026-06-18 05:03:01,OFC,KOLKATA VAC,13 Jul 2026,1
2026-06-18 05:03:01,OFC,NEW DELHI VAC,21 Jun 2026,5
2026-06-18 05:03:18,OFC,CHENNAI VAC,04 Jan 2027,3
2026-06-18 05:03:18,OFC,HYDERABAD VAC,26 Jun 2026,4
2026-06-18 05:03:18,OFC,KOLKATA VAC,13 Jul 2026,1
2026-06-18 05:03:18,OFC,NEW DELHI VAC,21 Jun 2026,5
2026-06-18 05:03:38,OFC,CHENNAI VAC,04 Jan 2027,3
2026-06-18 05:03:38,OFC,HYDERABAD VAC,26 Jun 2026,4
2026-06-18 05:03:38,OFC,KOLKATA VAC,13 Jul 2026,1
2026-06-18 05:03:38,OFC,NEW DELHI VAC,21 Jun 2026,5
2026-06-18 05:03:54,OFC,CHENNAI VAC,04 Jan 2027,3
2026-06-18 05:03:54,OFC,HYDERABAD VAC,26 Jun 2026,4
2026-06-18 05:03:54,OFC,KOLKATA VAC,13 Jul 2026,1
2026-06-18 05:03:54,OFC,NEW DELHI VAC,21 Jun 2026,5
2026-06-18 05:04:12,OFC,CHENNAI VAC,04 Jan 2027,3
2026-06-18 05:04:12,OFC,HYDERABAD VAC,26 Jun 2026,4
2026-06-18 05:04:12,OFC,KOLKATA VAC,13 Jul 2026,1
2026-06-18 05:04:12,OFC,NEW DELHI VAC,21 Jun 2026,5
2026-06-18 05:04:31,OFC,CHENNAI VAC,04 Jan 2027,3
2026-06-18 05:04:31,OFC,HYDERABAD VAC,26 Jun 2026,4
2026-06-18 05:04:31,OFC,KOLKATA VAC,13 Jul 2026,1
2026-06-18 05:04:31,OFC,NEW DELHI VAC,21 Jun 2026,5
2026-06-18 05:04:49,OFC,CHENNAI VAC,04 Jan 2027,3
2026-06-18 05:04:49,OFC,HYDERABAD VAC,26 Jun 2026,4
2026-06-18 05:04:49,OFC,KOLKATA VAC,13 Jul 2026,1
2026-06-18 05:04:49,OFC,NEW DELHI VAC,21 Jun 2026,5
2026-06-18 05:05:05,OFC,CHENNAI VAC,04 Jan 2027,3
2026-06-18 05:05:05,OFC,HYDERABAD VAC,26 Jun 2026,4
2026-06-18 05:05:05,OFC,KOLKATA VAC,13 Jul 2026,1
2026-06-18 05:05:22,OFC,CHENNAI VAC,04 Jan 2027,3
2026-06-18 05:05:22,OFC,HYDERABAD VAC,26 Jun 2026,4
2026-06-18 05:05:40,OFC,CHENNAI VAC,04 Jan 2027,3
2026-06-18 05:05:40,OFC,HYDERABAD VAC,26 Jun 2026,4
2026-06-18 05:05:59,OFC,CHENNAI VAC,04 Jan 2027,3
2026-06-18 05:05:59,OFC,HYDERABAD VAC,26 Jun 2026,4
2026-06-18 05:06:20,OFC,CHENNAI VAC,04 Jan 2027,3
2026-06-18 05:06:20,OFC,HYDERABAD VAC,26 Jun 2026,4
2026-06-18 05:06:39,OFC,CHENNAI VAC,04 Jan 2027,3
2026-06-18 05:06:39,OFC,HYDERABAD VAC,26 Jun 2026,4
2026-06-18 05:06:54,OFC,CHENNAI VAC,04 Jan 2027,3
2026-06-18 05:06:54,OFC,HYDERABAD VAC,26 Jun 2026,4
2026-06-18 05:07:13,OFC,CHENNAI VAC,04 Jan 2027,3
2026-06-18 05:07:13,OFC,HYDERABAD VAC,26 Jun 2026,4
2026-06-18 05:07:31,OFC,CHENNAI VAC,04 Jan 2027,3
2026-06-18 05:07:31,OFC,HYDERABAD VAC,26 Jun 2026,4
2026-06-18 05:07:52,OFC,CHENNAI VAC,04 Jan 2027,3
2026-06-18 05:07:52,OFC,HYDERABAD VAC,26 Jun 2026,4
2026-06-18 05:08:10,OFC,CHENNAI VAC,04 Jan 2027,3
2026-06-18 05:08:10,OFC,HYDERABAD VAC,26 Jun 2026,4
2026-06-18 05:08:29,OFC,CHENNAI VAC,04 Jan 2027,3
2026-06-18 05:08:29,OFC,HYDERABAD VAC,26 Jun 2026,4
2026-06-18 05:08:49,OFC,CHENNAI VAC,04 Jan 2027,3
2026-06-18 05:08:49,OFC,HYDERABAD VAC,26 Jun 2026,4
2026-06-18 05:09:05,OFC,CHENNAI VAC,04 Jan 2027,3
2026-06-18 05:09:05,OFC,HYDERABAD VAC,26 Jun 2026,4
2026-06-18 05:09:25,OFC,CHENNAI VAC,04 Jan 2027,3
2026-06-18 05:09:25,OFC,HYDERABAD VAC,26 Jun 2026,4
2026-06-18 05:09:43,OFC,CHENNAI VAC,21 Jun 2026,10
2026-06-18 05:09:43,OFC,HYDERABAD VAC,26 Jun 2026,4
2026-06-18 05:10:00,OFC,CHENNAI VAC,21 Jun 2026,10
2026-06-18 05:10:00,OFC,HYDERABAD VAC,26 Jun 2026,4
2026-06-18 05:10:20,OFC,CHENNAI VAC,21 Jun 2026,10
2026-06-18 05:10:20,OFC,HYDERABAD VAC,26 Jun 2026,4
2026-06-18 05:10:38,OFC,CHENNAI VAC,04 Jan 2027,3
2026-06-18 05:10:38,OFC,HYDERABAD VAC,26 Jun 2026,4
2026-06-18 05:10:58,OFC,CHENNAI VAC,04 Jan 2027,3
2026-06-18 05:10:58,OFC,HYDERABAD VAC,26 Jun 2026,4
2026-06-18 05:11:15,OFC,CHENNAI VAC,04 Jan 2027,3
2026-06-18 05:11:15,OFC,HYDERABAD VAC,26 Jun 2026,4
2026-06-18 05:11:34,OFC,CHENNAI VAC,04 Jan 2027,3
2026-06-18 05:11:34,OFC,HYDERABAD VAC,26 Jun 2026,4
2026-06-18 05:11:52,OFC,CHENNAI VAC,04 Jan 2027,3
2026-06-18 05:11:52,OFC,HYDERABAD VAC,26 Jun 2026,4
2026-06-18 05:12:10,OFC,CHENNAI VAC,04 Jan 2027,3
2026-06-18 05:12:10,OFC,HYDERABAD VAC,26 Jun 2026,4
2026-06-18 05:12:28,OFC,CHENNAI VAC,04 Jan 2027,3
2026-06-18 05:12:28,OFC,HYDERABAD VAC,26 Jun 2026,4
2026-06-18 05:12:49,OFC,CHENNAI VAC,04 Jan 2027,3
2026-06-18 05:12:49,OFC,HYDERABAD VAC,26 Jun 2026,4
2026-06-18 05:13:07,OFC,CHENNAI VAC,04 Jan 2027,3
2026-06-18 05:13:07,OFC,HYDERABAD VAC,26 Jun 2026,4
2026-06-18 05:13:24,OFC,CHENNAI VAC,04 Jan 2027,3
2026-06-18 05:13:43,OFC,CHENNAI VAC,04 Jan 2027,3
2026-06-18 05:14:03,OFC,CHENNAI VAC,04 Jan 2027,3
2026-06-18 05:14:41,OFC,CHENNAI VAC,04 Jan 2027,3
2026-06-18 05:14:58,OFC,CHENNAI VAC,04 Jan 2027,3
2026-06-18 05:15:16,OFC,CHENNAI VAC,04 Jan 2027,3
2026-06-18 05:15:33,OFC,CHENNAI VAC,04 Jan 2027,3
2026-06-18 05:15:52,OFC,CHENNAI VAC,04 Jan 2027,3
2026-06-18 05:16:13,OFC,CHENNAI VAC,05 Jan 2027,2
2026-06-18 05:16:32,OFC,CHENNAI VAC,05 Jan 2027,2
2026-06-18 05:16:49,OFC,CHENNAI VAC,05 Jan 2027,2
2026-06-18 05:17:06,OFC,CHENNAI VAC,05 Jan 2027,2
2026-06-18 05:17:27,OFC,CHENNAI VAC,05 Jan 2027,2
2026-06-18 05:17:43,OFC,CHENNAI VAC,05 Jan 2027,2
2026-06-18 05:18:02,OFC,CHENNAI VAC,05 Jan 2027,2
2026-06-18 05:18:23,OFC,CHENNAI VAC,05 Jan 2027,2
2026-06-18 05:18:41,OFC,CHENNAI VAC,05 Jan 2027,2
2026-06-18 05:19:00,OFC,CHENNAI VAC,05 Jan 2027,2
2026-06-18 05:19:19,OFC,CHENNAI VAC,05 Jan 2027,2
2026-06-18 05:19:36,OFC,CHENNAI VAC,05 Jan 2027,2
2026-06-18 05:19:55,OFC,CHENNAI VAC,05 Jan 2027,2
2026-06-18 05:20:16,OFC,CHENNAI VAC,05 Jan 2027,1
2026-06-18 05:20:35,OFC,CHENNAI VAC,05 Jan 2027,1
2026-06-18 05:20:55,OFC,CHENNAI VAC,05 Jan 2027,1
2026-06-18 05:21:11,OFC,CHENNAI VAC,05 Jan 2027,1
2026-06-18 05:21:28,OFC,CHENNAI VAC,05 Jan 2027,1
2026-06-18 05:21:44,OFC,CHENNAI VAC,05 Jan 2027,1
2026-06-18 05:22:02,OFC,CHENNAI VAC,05 Jan 2027,1
2026-06-18 05:22:19,OFC,CHENNAI VAC,05 Jan 2027,1
2026-06-18 05:22:36,OFC,CHENNAI VAC,05 Jan 2027,1
2026-06-18 05:23:31,OFC,CHENNAI VAC,05 Jan 2027,1
2026-06-18 05:26:14,OFC,CHENNAI VAC,04 Jan 2027,3
2026-06-18 05:26:14,OFC,HYDERABAD VAC,09 Dec 2026,1
2026-06-18 05:26:30,OFC,CHENNAI VAC,04 Jan 2027,3
2026-06-18 05:26:30,OFC,HYDERABAD VAC,09 Dec 2026,1
2026-06-18 05:26:48,OFC,CHENNAI VAC,04 Jan 2027,3
2026-06-18 05:26:48,OFC,HYDERABAD VAC,09 Dec 2026,1
2026-06-18 05:27:04,OFC,CHENNAI VAC,04 Jan 2027,3
2026-06-18 05:27:04,OFC,HYDERABAD VAC,09 Dec 2026,1
2026-06-18 05:27:21,OFC,CHENNAI VAC,04 Jan 2027,3
2026-06-18 05:27:21,OFC,HYDERABAD VAC,09 Dec 2026,1
2026-06-18 05:27:41,OFC,CHENNAI VAC,04 Jan 2027,3
2026-06-18 05:28:00,OFC,CHENNAI VAC,04 Jan 2027,3
2026-06-18 05:28:19,OFC,CHENNAI VAC,04 Jan 2027,3
2026-06-18 05:28:37,OFC,CHENNAI VAC,04 Jan 2027,3
2026-06-18 05:28:53,OFC,CHENNAI VAC,04 Jan 2027,3
2026-06-18 05:29:51,OFC,CHENNAI VAC,04 Jan 2027,3
2026-06-18 05:30:30,OFC,CHENNAI VAC,04 Jan 2027,3
2026-06-18 05:30:47,OFC,CHENNAI VAC,04 Jan 2027,3
2026-06-18 05:31:04,OFC,CHENNAI VAC,04 Jan 2027,3
2026-06-18 05:31:39,OFC,CHENNAI VAC,04 Jan 2027,3
2026-06-18 05:31:55,OFC,CHENNAI VAC,04 Jan 2027,3
2026-06-18 05:32:11,OFC,CHENNAI VAC,04 Jan 2027,3
2026-06-18 05:32:30,OFC,CHENNAI VAC,04 Jan 2027,3
2026-06-18 05:32:49,OFC,CHENNAI VAC,04 Jan 2027,3
2026-06-18 05:33:07,OFC,CHENNAI VAC,04 Jan 2027,3
2026-06-18 05:33:22,OFC,CHENNAI VAC,04 Jan 2027,3
2026-06-18 05:33:41,OFC,CHENNAI VAC,04 Jan 2027,3
2026-06-18 05:33:58,OFC,CHENNAI VAC,04 Jan 2027,3
2026-06-18 05:34:17,OFC,CHENNAI VAC,04 Jan 2027,3
2026-06-18 05:34:35,OFC,CHENNAI VAC,04 Jan 2027,3
2026-06-18 05:35:29,OFC,CHENNAI VAC,04 Jan 2027,3
2026-06-18 05:35:48,OFC,CHENNAI VAC,04 Jan 2027,3
2026-06-18 05:36:05,OFC,CHENNAI VAC,04 Jan 2027,3
2026-06-18 05:36:22,OFC,CHENNAI VAC,04 Jan 2027,3
2026-06-18 05:36:38,OFC,CHENNAI VAC,04 Jan 2027,3
2026-06-18 05:36:54,OFC,CHENNAI VAC,04 Jan 2027,3
2026-06-18 05:37:11,OFC,CHENNAI VAC,04 Jan 2027,3
2026-06-18 05:37:29,OFC,CHENNAI VAC,04 Jan 2027,3
2026-06-18 05:37:48,OFC,CHENNAI VAC,04 Jan 2027,3
2026-06-18 05:38:08,OFC,CHENNAI VAC,04 Jan 2027,3
2026-06-18 05:38:28,OFC,CHENNAI VAC,04 Jan 2027,3
2026-06-18 05:38:46,OFC,CHENNAI VAC,04 Jan 2027,3
2026-06-18 05:39:05,OFC,CHENNAI VAC,04 Jan 2027,3
2026-06-18 05:39:23,OFC,CHENNAI VAC,04 Jan 2027,3
2026-06-18 05:39:41,OFC,CHENNAI VAC,04 Jan 2027,3
2026-06-18 05:39:58,OFC,CHENNAI VAC,04 Jan 2027,3
2026-06-18 05:40:16,OFC,CHENNAI VAC,04 Jan 2027,3
2026-06-18 05:40:33,OFC,CHENNAI VAC,04 Jan 2027,3
2026-06-18 05:40:49,OFC,CHENNAI VAC,04 Jan 2027,3
2026-06-18 05:41:09,OFC,CHENNAI VAC,04 Jan 2027,3
2026-06-18 05:41:26,OFC,CHENNAI VAC,04 Jan 2027,3
2026-06-18 05:41:46,OFC,CHENNAI VAC,04 Jan 2027,3
2026-06-18 05:42:05,OFC,CHENNAI VAC,04 Jan 2027,3
2026-06-18 05:42:25,OFC,CHENNAI VAC,04 Jan 2027,3
2026-06-18 05:42:43,OFC,CHENNAI VAC,04 Jan 2027,3
2026-06-18 05:43:01,OFC,CHENNAI VAC,04 Jan 2027,3
2026-06-18 05:43:19,OFC,CHENNAI VAC,04 Jan 2027,3
2026-06-18 05:43:35,OFC,CHENNAI VAC,04 Jan 2027,3
2026-06-18 05:43:54,OFC,CHENNAI VAC,04 Jan 2027,3
2026-06-18 05:44:12,OFC,CHENNAI VAC,04 Jan 2027,3
2026-06-18 05:44:28,OFC,CHENNAI VAC,04 Jan 2027,3
2026-06-18 05:44:47,OFC,CHENNAI VAC,04 Jan 2027,3
2026-06-18 05:45:05,OFC,CHENNAI VAC,04 Jan 2027,3
2026-06-18 05:45:25,OFC,CHENNAI VAC,04 Jan 2027,3
2026-06-18 05:45:44,OFC,CHENNAI VAC,04 Jan 2027,3
2026-06-18 05:46:39,OFC,CHENNAI VAC,04 Jan 2027,3
2026-06-18 05:46:57,OFC,CHENNAI VAC,05 Jan 2027,2
2026-06-18 05:47:16,OFC,CHENNAI VAC,05 Jan 2027,2
2026-06-18 05:47:33,OFC,CHENNAI VAC,05 Jan 2027,2
2026-06-18 05:47:53,OFC,CHENNAI VAC,05 Jan 2027,2
2026-06-18 05:48:09,OFC,CHENNAI VAC,05 Jan 2027,2
2026-06-18 05:48:28,OFC,CHENNAI VAC,05 Jan 2027,2
2026-06-18 05:48:44,OFC,CHENNAI VAC,05 Jan 2027,2
2026-06-18 05:49:00,OFC,CHENNAI VAC,05 Jan 2027,2
2026-06-18 05:49:18,OFC,CHENNAI VAC,05 Jan 2027,2
2026-06-18 05:49:38,OFC,CHENNAI VAC,05 Jan 2027,2
2026-06-18 05:49:59,OFC,CHENNAI VAC,05 Jan 2027,2
2026-06-18 05:50:18,OFC,CHENNAI VAC,05 Jan 2027,2
2026-06-18 05:50:38,OFC,CHENNAI VAC,05 Jan 2027,2
2026-06-18 05:50:58,OFC,CHENNAI VAC,05 Jan 2027,2
2026-06-18 05:51:16,OFC,CHENNAI VAC,05 Jan 2027,2
2026-06-18 05:51:35,OFC,CHENNAI VAC,05 Jan 2027,2
2026-06-18 05:51:53,OFC,CHENNAI VAC,05 Jan 2027,2
2026-06-18 05:52:09,OFC,CHENNAI VAC,05 Jan 2027,2
2026-06-18 05:52:26,OFC,CHENNAI VAC,05 Jan 2027,2
2026-06-18 05:52:46,OFC,CHENNAI VAC,06 Jan 2027,1
2026-06-18 05:53:04,OFC,CHENNAI VAC,06 Jan 2027,1
2026-06-18 05:53:24,OFC,CHENNAI VAC,06 Jan 2027,1
2026-06-18 05:53:40,OFC,CHENNAI VAC,06 Jan 2027,1
2026-06-18 05:54:00,OFC,CHENNAI VAC,06 Jan 2027,1
2026-06-18 05:54:19,OFC,CHENNAI VAC,06 Jan 2027,1
2026-06-18 05:54:38,OFC,CHENNAI VAC,06 Jan 2027,1
2026-06-18 05:56:21,OFC,CHENNAI VAC,07 Jan 2027,10
2026-06-18 05:56:39,OFC,CHENNAI VAC,04 Jan 2027,13
2026-06-18 05:56:39,OFC,NEW DELHI VAC,08 Jan 2027,9
2026-06-18 05:56:56,OFC,CHENNAI VAC,04 Jan 2027,13
2026-06-18 05:56:56,OFC,NEW DELHI VAC,08 Jan 2027,9
2026-06-18 05:57:12,OFC,CHENNAI VAC,04 Jan 2027,13
2026-06-18 05:57:30,OFC,CHENNAI VAC,04 Jan 2027,13
2026-06-18 05:57:46,OFC,CHENNAI VAC,04 Jan 2027,13
2026-06-18 05:58:05,OFC,CHENNAI VAC,04 Jan 2027,13
2026-06-18 05:59:17,OFC,CHENNAI VAC,04 Jan 2027,3
2026-06-18 05:59:33,OFC,CHENNAI VAC,04 Jan 2027,3
2026-06-18 05:59:50,OFC,CHENNAI VAC,04 Jan 2027,3
2026-06-18 06:00:10,OFC,CHENNAI VAC,04 Jan 2027,3
2026-06-18 06:00:27,OFC,CHENNAI VAC,04 Jan 2027,3
2026-06-18 06:00:27,OFC,HYDERABAD VAC,26 Jun 2026,1
2026-06-18 06:00:46,OFC,CHENNAI VAC,04 Jan 2027,3
2026-06-18 06:00:46,OFC,HYDERABAD VAC,26 Jun 2026,1
2026-06-18 06:01:03,OFC,NEW DELHI VAC,21 Jun 2026,2
2026-06-18 06:01:23,OFC,CHENNAI VAC,21 Jun 2026,8
2026-06-18 06:01:23,OFC,NEW DELHI VAC,21 Jun 2026,2
2026-06-18 06:01:41,OFC,CHENNAI VAC,21 Jun 2026,8
2026-06-18 06:02:00,OFC,CHENNAI VAC,21 Jun 2026,7
2026-06-18 06:02:17,OFC,CHENNAI VAC,21 Jun 2026,7
2026-06-18 06:02:35,OFC,CHENNAI VAC,04 Jan 2027,3
2026-06-18 06:02:35,OFC,NEW DELHI VAC,21 Jun 2026,2
2026-06-18 06:02:51,OFC,CHENNAI VAC,04 Jan 2027,3
2026-06-18 06:02:51,OFC,NEW DELHI VAC,21 Jun 2026,2
2026-06-18 06:03:11,OFC,CHENNAI VAC,04 Jan 2027,3
2026-06-18 06:03:30,OFC,CHENNAI VAC,21 Jun 2026,8
2026-06-18 06:03:30,OFC,HYDERABAD VAC,26 Jun 2026,1
2026-06-18 06:03:46,OFC,CHENNAI VAC,04 Jan 2027,3
2026-06-18 06:03:46,OFC,HYDERABAD VAC,26 Jun 2026,1
2026-06-18 06:04:05,OFC,CHENNAI VAC,04 Jan 2027,3
2026-06-18 06:04:05,OFC,HYDERABAD VAC,26 Jun 2026,1
2026-06-18 06:04:23,OFC,CHENNAI VAC,04 Jan 2027,3
2026-06-18 06:04:41,OFC,CHENNAI VAC,04 Jan 2027,3
2026-06-18 06:04:58,OFC,CHENNAI VAC,04 Jan 2027,3
2026-06-18 06:05:15,OFC,CHENNAI VAC,04 Jan 2027,3
2026-06-18 06:05:31,OFC,CHENNAI VAC,04 Jan 2027,3
2026-06-18 06:05:31,OFC,NEW DELHI VAC,21 Jun 2026,2
2026-06-18 06:05:49,OFC,CHENNAI VAC,04 Jan 2027,3
2026-06-18 06:05:49,OFC,NEW DELHI VAC,21 Jun 2026,2
2026-06-18 06:06:08,OFC,CHENNAI VAC,04 Jan 2027,3
2026-06-18 06:06:08,OFC,NEW DELHI VAC,21 Jun 2026,2
2026-06-18 06:06:24,OFC,CHENNAI VAC,04 Jan 2027,3
2026-06-18 06:06:24,OFC,NEW DELHI VAC,21 Jun 2026,2
2026-06-18 06:06:42,OFC,CHENNAI VAC,04 Jan 2027,3
2026-06-18 06:06:42,OFC,NEW DELHI VAC,21 Jun 2026,2
2026-06-18 06:07:01,OFC,CHENNAI VAC,04 Jan 2027,3
2026-06-18 06:07:01,OFC,NEW DELHI VAC,21 Jun 2026,2
2026-06-18 06:07:18,OFC,CHENNAI VAC,05 Jan 2027,2
2026-06-18 06:07:35,OFC,CHENNAI VAC,05 Jan 2027,2
2026-06-18 06:07:51,OFC,CHENNAI VAC,06 Jan 2027,1
2026-06-18 06:08:11,OFC,CHENNAI VAC,06 Jan 2027,1
2026-06-18 06:08:11,OFC,NEW DELHI VAC,21 Jun 2026,2
2026-06-18 06:08:30,OFC,CHENNAI VAC,06 Jan 2027,1
2026-06-18 06:08:30,OFC,NEW DELHI VAC,21 Jun 2026,2
2026-06-18 06:08:47,OFC,CHENNAI VAC,06 Jan 2027,1
2026-06-18 06:08:47,OFC,NEW DELHI VAC,21 Jun 2026,2
2026-06-18 06:09:05,OFC,CHENNAI VAC,06 Jan 2027,1
2026-06-18 06:09:22,OFC,CHENNAI VAC,06 Jan 2027,1
2026-06-18 06:09:22,OFC,NEW DELHI VAC,21 Jun 2026,2
2026-06-18 06:09:42,OFC,CHENNAI VAC,06 Jan 2027,1
2026-06-18 06:09:42,OFC,NEW DELHI VAC,21 Jun 2026,2
2026-06-18 06:09:59,OFC,CHENNAI VAC,06 Jan 2027,1
2026-06-18 06:10:18,OFC,CHENNAI VAC,06 Jan 2027,1
2026-06-18 06:10:36,OFC,CHENNAI VAC,06 Jan 2027,1
2026-06-18 06:10:36,OFC,NEW DELHI VAC,21 Jun 2026,2
2026-06-18 06:10:54,OFC,CHENNAI VAC,06 Jan 2027,1
2026-06-18 06:11:11,OFC,CHENNAI VAC,06 Jan 2027,1
2026-06-18 06:11:30,OFC,CHENNAI VAC,06 Jan 2027,1
2026-06-18 06:11:30,OFC,NEW DELHI VAC,21 Jun 2026,2
2026-06-18 06:11:48,OFC,CHENNAI VAC,06 Jan 2027,1
2026-06-18 06:12:05,OFC,CHENNAI VAC,06 Jan 2027,1
2026-06-18 06:12:21,OFC,CHENNAI VAC,06 Jan 2027,1
2026-06-18 06:12:41,OFC,CHENNAI VAC,06 Jan 2027,1
2026-06-18 06:13:01,OFC,CHENNAI VAC,06 Jan 2027,1
2026-06-18 06:13:19,OFC,CHENNAI VAC,06 Jan 2027,1
2026-06-18 06:13:39,OFC,CHENNAI VAC,06 Jan 2027,1
2026-06-18 06:13:58,OFC,CHENNAI VAC,06 Jan 2027,1
2026-06-18 06:14:17,OFC,CHENNAI VAC,06 Jan 2027,1
2026-06-18 06:14:36,OFC,CHENNAI VAC,06 Jan 2027,1
2026-06-18 06:14:54,OFC,CHENNAI VAC,06 Jan 2027,1
2026-06-18 06:15:12,OFC,CHENNAI VAC,06 Jan 2027,1
2026-06-18 06:15:29,OFC,CHENNAI VAC,06 Jan 2027,1
2026-06-18 06:15:48,OFC,CHENNAI VAC,06 Jan 2027,1
2026-06-18 06:16:07,OFC,CHENNAI VAC,06 Jan 2027,1
2026-06-18 06:16:25,OFC,CHENNAI VAC,06 Jan 2027,1
2026-06-18 06:16:43,OFC,CHENNAI VAC,06 Jan 2027,1
2026-06-18 06:17:03,OFC,CHENNAI VAC,06 Jan 2027,1
2026-06-18 06:17:21,OFC,CHENNAI VAC,06 Jan 2027,1
2026-06-18 06:17:39,OFC,CHENNAI VAC,06 Jan 2027,1
2026-06-18 06:17:56,OFC,CHENNAI VAC,06 Jan 2027,1
2026-06-18 06:18:16,OFC,CHENNAI VAC,06 Jan 2027,1
2026-06-18 06:18:35,OFC,CHENNAI VAC,06 Jan 2027,1
2026-06-18 06:18:54,OFC,CHENNAI VAC,06 Jan 2027,1
2026-06-18 06:19:12,OFC,CHENNAI VAC,06 Jan 2027,1
2026-06-18 06:19:28,OFC,CHENNAI VAC,06 Jan 2027,1
2026-06-18 06:26:17,OFC,NEW DELHI VAC,21 Oct 2026,10
2026-06-18 06:26:33,OFC,CHENNAI VAC,04 Jan 2027,12
2026-06-18 06:26:33,OFC,HYDERABAD VAC,27 Oct 2026,12
2026-06-18 06:26:33,OFC,NEW DELHI VAC,21 Oct 2026,10
2026-06-18 06:26:52,OFC,CHENNAI VAC,04 Jan 2027,12
2026-06-18 06:26:52,OFC,HYDERABAD VAC,30 Oct 2026,11
2026-06-18 06:27:09,OFC,CHENNAI VAC,04 Jan 2027,12
2026-06-18 06:27:09,OFC,HYDERABAD VAC,30 Oct 2026,11
2026-06-18 06:27:27,OFC,CHENNAI VAC,04 Jan 2027,12
2026-06-18 06:27:27,OFC,KOLKATA VAC,27 Oct 2026,6
2026-06-18 06:27:43,OFC,CHENNAI VAC,04 Jan 2027,12
2026-06-18 06:27:43,OFC,KOLKATA VAC,27 Oct 2026,6
2026-06-18 06:28:04,OFC,CHENNAI VAC,04 Jan 2027,12
2026-06-18 06:28:04,OFC,KOLKATA VAC,27 Oct 2026,6
2026-06-18 06:28:22,OFC,CHENNAI VAC,04 Jan 2027,12
2026-06-18 06:28:38,OFC,CHENNAI VAC,04 Jan 2027,12
2026-06-18 06:28:59,OFC,CHENNAI VAC,04 Jan 2027,12
2026-06-18 06:29:18,OFC,CHENNAI VAC,04 Jan 2027,12
2026-06-18 06:29:18,OFC,NEW DELHI VAC,23 Oct 2026,9
2026-06-18 06:29:38,OFC,CHENNAI VAC,04 Jan 2027,12
2026-06-18 06:29:38,OFC,NEW DELHI VAC,23 Oct 2026,9
2026-06-18 06:29:57,OFC,CHENNAI VAC,04 Jan 2027,12
2026-06-18 06:30:13,OFC,CHENNAI VAC,04 Jan 2027,3
2026-06-18 06:30:33,OFC,CHENNAI VAC,04 Jan 2027,3
2026-06-18 06:30:49,OFC,CHENNAI VAC,04 Jan 2027,3
2026-06-18 06:30:49,OFC,NEW DELHI VAC,30 Jun 2026,2
2026-06-18 06:31:06,OFC,CHENNAI VAC,04 Jan 2027,3
2026-06-18 06:31:06,Consular,HYDERABAD,26 Jun 2026,2
2026-06-18 06:31:26,OFC,CHENNAI VAC,04 Jan 2027,3
2026-06-18 06:31:26,Consular,HYDERABAD,26 Jun 2026,2
2026-06-18 06:31:26,OFC,NEW DELHI VAC,30 Jun 2026,2
2026-06-18 06:31:47,OFC,CHENNAI VAC,04 Jan 2027,3
2026-06-18 06:31:47,Consular,HYDERABAD,26 Jun 2026,2
2026-06-18 06:31:47,OFC,NEW DELHI VAC,30 Jun 2026,2
2026-06-18 06:32:07,OFC,CHENNAI VAC,21 Jun 2026,7
2026-06-18 06:32:07,OFC,HYDERABAD VAC,29 Jun 2026,2
2026-06-18 06:32:07,OFC,NEW DELHI VAC,30 Jun 2026,2
2026-06-18 06:32:24,OFC,CHENNAI VAC,21 Jun 2026,7
2026-06-18 06:32:24,OFC,HYDERABAD VAC,29 Jun 2026,2
2026-06-18 06:32:24,OFC,NEW DELHI VAC,30 Jun 2026,2
2026-06-18 06:32:44,OFC,CHENNAI VAC,21 Jun 2026,7
2026-06-18 06:32:44,OFC,HYDERABAD VAC,29 Jun 2026,2
2026-06-18 06:32:44,OFC,NEW DELHI VAC,30 Jun 2026,2
2026-06-18 06:33:05,OFC,CHENNAI VAC,21 Jun 2026,7
2026-06-18 06:33:05,OFC,NEW DELHI VAC,30 Jun 2026,2
2026-06-18 06:33:23,OFC,CHENNAI VAC,21 Jun 2026,7
2026-06-18 06:33:23,Consular,HYDERABAD,26 Jun 2026,2
2026-06-18 06:33:23,Consular,MUMBAI,13 Jul 2026,1
2026-06-18 06:33:23,OFC,NEW DELHI VAC,30 Jun 2026,2
2026-06-18 06:33:40,OFC,CHENNAI VAC,21 Jun 2026,7
2026-06-18 06:33:40,Consular,MUMBAI,13 Jul 2026,1
2026-06-18 06:33:40,OFC,NEW DELHI VAC,30 Jun 2026,2
2026-06-18 06:33:57,OFC,CHENNAI VAC,21 Jun 2026,7
2026-06-18 06:33:57,Consular,HYDERABAD,26 Jun 2026,2
2026-06-18 06:33:57,Consular,MUMBAI,13 Jul 2026,1
2026-06-18 06:33:57,OFC,NEW DELHI VAC,30 Jun 2026,2
2026-06-18 06:34:15,OFC,CHENNAI VAC,21 Jun 2026,7
2026-06-18 06:34:15,Consular,HYDERABAD,26 Jun 2026,2
2026-06-18 06:34:15,OFC,NEW DELHI VAC,30 Jun 2026,2
2026-06-18 06:34:35,OFC,CHENNAI VAC,21 Jun 2026,7
2026-06-18 06:34:35,OFC,NEW DELHI VAC,30 Jun 2026,2
2026-06-18 06:34:54,OFC,CHENNAI VAC,21 Jun 2026,7
2026-06-18 06:34:54,OFC,NEW DELHI VAC,30 Jun 2026,2
2026-06-18 06:35:14,OFC,CHENNAI VAC,04 Jan 2027,3
2026-06-18 06:35:33,OFC,CHENNAI VAC,04 Jan 2027,3
2026-06-18 06:35:51,OFC,CHENNAI VAC,04 Jan 2027,3
2026-06-18 06:36:07,OFC,CHENNAI VAC,04 Jan 2027,3
2026-06-18 06:36:24,OFC,CHENNAI VAC,04 Jan 2027,3
2026-06-18 06:36:40,OFC,CHENNAI VAC,04 Jan 2027,3
2026-06-18 06:36:56,OFC,CHENNAI VAC,04 Jan 2027,3
2026-06-18 06:37:12,OFC,CHENNAI VAC,04 Jan 2027,3
2026-06-18 06:37:31,OFC,CHENNAI VAC,04 Jan 2027,3
2026-06-18 06:37:52,OFC,CHENNAI VAC,04 Jan 2027,3
2026-06-18 06:45:36,OFC,CHENNAI VAC,04 Jan 2027,3
2026-06-18 06:45:54,OFC,CHENNAI VAC,04 Jan 2027,3
2026-06-18 06:46:09,OFC,CHENNAI VAC,04 Jan 2027,3
2026-06-18 06:46:27,OFC,CHENNAI VAC,04 Jan 2027,3
2026-06-18 06:46:47,OFC,CHENNAI VAC,04 Jan 2027,3
2026-06-18 06:47:04,OFC,CHENNAI VAC,04 Jan 2027,3
2026-06-18 06:47:24,OFC,CHENNAI VAC,04 Jan 2027,3
2026-06-18 06:48:59,OFC,CHENNAI VAC,05 Jan 2027,1
2026-06-18 06:49:16,OFC,CHENNAI VAC,05 Jan 2027,1
2026-06-18 06:49:32,OFC,CHENNAI VAC,05 Jan 2027,1
2026-06-18 06:49:51,OFC,CHENNAI VAC,05 Jan 2027,1
2026-06-18 06:50:08,OFC,CHENNAI VAC,05 Jan 2027,1
2026-06-18 06:50:26,OFC,CHENNAI VAC,05 Jan 2027,1
2026-06-18 06:50:42,OFC,CHENNAI VAC,05 Jan 2027,1
2026-06-18 06:51:00,OFC,CHENNAI VAC,05 Jan 2027,1
2026-06-18 06:57:02,OFC,CHENNAI VAC,04 Jan 2027,3
2026-06-18 06:57:18,OFC,CHENNAI VAC,04 Jan 2027,3
2026-06-18 06:57:37,OFC,CHENNAI VAC,04 Jan 2027,3
2026-06-18 06:57:54,OFC,CHENNAI VAC,04 Jan 2027,3
2026-06-18 06:58:11,OFC,CHENNAI VAC,04 Jan 2027,3
2026-06-18 06:58:28,OFC,CHENNAI VAC,04 Jan 2027,3
2026-06-18 06:58:48,OFC,CHENNAI VAC,04 Jan 2027,3
2026-06-18 06:59:07,OFC,CHENNAI VAC,04 Jan 2027,3
2026-06-18 06:59:23,OFC,CHENNAI VAC,04 Jan 2027,3
2026-06-18 06:59:43,OFC,CHENNAI VAC,04 Jan 2027,3
2026-06-18 07:00:23,OFC,CHENNAI VAC,21 Jun 2026,10
2026-06-18 07:00:42,OFC,CHENNAI VAC,21 Jun 2026,10
2026-06-18 07:01:00,OFC,CHENNAI VAC,21 Jun 2026,10
2026-06-18 07:01:00,OFC,NEW DELHI VAC,21 Jun 2026,4
2026-06-18 07:01:16,OFC,CHENNAI VAC,17 Jul 2026,5
2026-06-18 07:01:16,OFC,NEW DELHI VAC,21 Jun 2026,4
2026-06-18 07:01:34,OFC,CHENNAI VAC,21 Jun 2026,10
2026-06-18 07:01:34,OFC,HYDERABAD VAC,26 Jun 2026,4
2026-06-18 07:01:34,OFC,NEW DELHI VAC,21 Jun 2026,4
2026-06-18 07:01:51,OFC,CHENNAI VAC,21 Jun 2026,10
2026-06-18 07:01:51,OFC,NEW DELHI VAC,21 Jun 2026,4
2026-06-18 07:02:11,OFC,CHENNAI VAC,30 Jul 2026,4
2026-06-18 07:02:11,OFC,NEW DELHI VAC,21 Jun 2026,4
2026-06-18 07:02:31,OFC,CHENNAI VAC,30 Jul 2026,4
2026-06-18 07:02:31,OFC,NEW DELHI VAC,21 Jun 2026,4
2026-06-18 07:02:49,OFC,CHENNAI VAC,21 Jun 2026,9
2026-06-18 07:02:49,OFC,HYDERABAD VAC,26 Jun 2026,3
2026-06-18 07:02:49,OFC,NEW DELHI VAC,21 Jun 2026,4
2026-06-18 07:03:08,OFC,CHENNAI VAC,21 Jun 2026,9
2026-06-18 07:03:08,OFC,HYDERABAD VAC,26 Jun 2026,3
2026-06-18 07:03:08,Consular,NEW DELHI,05 Aug 2026,1
2026-06-18 07:03:08,OFC,NEW DELHI VAC,21 Jun 2026,4
2026-06-18 07:03:27,OFC,CHENNAI VAC,21 Jun 2026,9
2026-06-18 07:03:27,OFC,HYDERABAD VAC,26 Jun 2026,3
2026-06-18 07:03:27,Consular,NEW DELHI,05 Aug 2026,1
2026-06-18 07:03:27,OFC,NEW DELHI VAC,21 Jun 2026,4
2026-06-18 07:03:42,OFC,CHENNAI VAC,04 Jan 2027,3
2026-06-18 07:03:42,OFC,HYDERABAD VAC,26 Jun 2026,3
2026-06-18 07:03:42,Consular,NEW DELHI,05 Aug 2026,1
2026-06-18 07:04:01,OFC,CHENNAI VAC,04 Jan 2027,3
2026-06-18 07:04:18,OFC,CHENNAI VAC,21 Jun 2026,10
2026-06-18 07:04:18,OFC,NEW DELHI VAC,04 Jan 2027,3
2026-06-18 07:04:39,OFC,CHENNAI VAC,04 Jan 2027,3
2026-06-18 07:04:58,OFC,CHENNAI VAC,05 Jan 2027,2
2026-06-18 07:05:16,OFC,CHENNAI VAC,05 Jan 2027,2
2026-06-18 07:05:35,OFC,CHENNAI VAC,05 Jan 2027,2
2026-06-18 07:05:51,OFC,CHENNAI VAC,05 Jan 2027,2
2026-06-18 07:06:07,OFC,CHENNAI VAC,05 Jan 2027,2
2026-06-18 07:06:24,OFC,CHENNAI VAC,05 Jan 2027,2
2026-06-18 07:06:41,OFC,CHENNAI VAC,05 Jan 2027,2
2026-06-18 07:06:57,OFC,CHENNAI VAC,05 Jan 2027,2
2026-06-18 07:07:14,OFC,CHENNAI VAC,05 Jan 2027,2
2026-06-18 07:07:30,OFC,CHENNAI VAC,05 Jan 2027,2
2026-06-18 07:07:46,OFC,CHENNAI VAC,05 Jan 2027,2
2026-06-18 07:08:05,OFC,CHENNAI VAC,05 Jan 2027,2
2026-06-18 07:08:23,OFC,CHENNAI VAC,05 Jan 2027,2
2026-06-18 07:08:42,OFC,CHENNAI VAC,05 Jan 2027,2
2026-06-18 07:08:58,OFC,CHENNAI VAC,05 Jan 2027,2
2026-06-18 07:09:15,OFC,CHENNAI VAC,05 Jan 2027,2
2026-06-18 07:09:34,OFC,CHENNAI VAC,05 Jan 2027,2
2026-06-18 07:09:51,OFC,CHENNAI VAC,05 Jan 2027,2
2026-06-18 07:10:47,OFC,CHENNAI VAC,06 Jan 2027,1
2026-06-18 07:11:03,OFC,CHENNAI VAC,06 Jan 2027,1
2026-06-18 07:11:22,OFC,CHENNAI VAC,06 Jan 2027,1
2026-06-18 07:11:41,OFC,CHENNAI VAC,06 Jan 2027,1
2026-06-18 07:12:00,OFC,CHENNAI VAC,06 Jan 2027,1
2026-06-18 07:12:18,OFC,CHENNAI VAC,06 Jan 2027,1
2026-06-18 07:12:36,OFC,CHENNAI VAC,06 Jan 2027,1
2026-06-18 07:12:55,OFC,CHENNAI VAC,06 Jan 2027,1
2026-06-18 07:14:06,OFC,CHENNAI VAC,06 Jan 2027,1
2026-06-18 07:14:23,OFC,CHENNAI VAC,06 Jan 2027,1
2026-06-18 09:22:58,Consular,NEW DELHI,26 Jun 2026,1
2026-06-18 09:24:13,Consular,NEW DELHI,26 Jun 2026,1
2026-06-18 09:25:04,Consular,NEW DELHI,26 Jun 2026,1
2026-06-18 09:25:23,Consular,NEW DELHI,26 Jun 2026,1
2026-06-18 09:25:39,Consular,NEW DELHI,26 Jun 2026,1
2026-06-18 09:25:57,Consular,NEW DELHI,26 Jun 2026,1
2026-06-18 09:26:54,OFC,CHENNAI VAC,04 Jan 2027,2
2026-06-18 09:27:11,OFC,CHENNAI VAC,04 Jan 2027,2
2026-06-18 09:27:29,OFC,CHENNAI VAC,04 Jan 2027,2
2026-06-18 09:27:45,OFC,CHENNAI VAC,04 Jan 2027,2
2026-06-18 09:28:04,OFC,CHENNAI VAC,04 Jan 2027,2
2026-06-18 09:28:23,OFC,CHENNAI VAC,04 Jan 2027,2
2026-06-18 09:28:59,OFC,CHENNAI VAC,05 Jan 2027,1
2026-06-18 09:29:18,OFC,CHENNAI VAC,05 Jan 2027,1
2026-06-18 09:56:54,OFC,CHENNAI VAC,21 Jun 2026,7
2026-06-18 09:57:10,OFC,CHENNAI VAC,21 Jun 2026,5
2026-06-18 09:57:29,OFC,CHENNAI VAC,04 Jan 2027,3
2026-06-18 09:58:05,OFC,CHENNAI VAC,21 Jun 2026,7
2026-06-18 09:58:24,OFC,CHENNAI VAC,04 Jan 2027,3
2026-06-18 09:58:24,Consular,NEW DELHI,26 Jun 2026,1
2026-06-18 09:58:42,OFC,CHENNAI VAC,04 Jan 2027,3
2026-06-18 09:59:02,OFC,CHENNAI VAC,04 Jan 2027,3
2026-06-18 09:59:19,Consular,NEW DELHI,26 Jun 2026,1
2026-06-18 09:59:36,Consular,NEW DELHI,26 Jun 2026,1
2026-06-18 09:59:53,OFC,CHENNAI VAC,04 Jan 2027,3
2026-06-18 10:00:49,OFC,CHENNAI VAC,04 Jan 2027,3
2026-06-18 10:01:10,OFC,CHENNAI VAC,28 Jun 2026,5
2026-06-18 10:01:10,OFC,KOLKATA VAC,13 Jul 2026,1
2026-06-18 10:01:28,OFC,CHENNAI VAC,28 Jun 2026,4
2026-06-18 10:01:28,Consular,HYDERABAD,09 Jul 2026,1
2026-06-18 10:01:28,OFC,KOLKATA VAC,13 Jul 2026,1
2026-06-18 10:01:47,Consular,HYDERABAD,09 Jul 2026,1
2026-06-18 10:01:47,Consular,MUMBAI,17 Jul 2026,1
2026-06-18 10:02:07,OFC,CHENNAI VAC,28 Jun 2026,4
2026-06-18 10:02:25,OFC,CHENNAI VAC,28 Jun 2026,5
2026-06-18 10:03:17,OFC,CHENNAI VAC,04 Jan 2027,3
2026-06-18 10:03:17,OFC,HYDERABAD VAC,13 Jul 2026,1
2026-06-18 10:03:36,OFC,CHENNAI VAC,28 Jun 2026,5
2026-06-18 10:03:54,OFC,CHENNAI VAC,28 Jun 2026,5
2026-06-18 10:04:14,OFC,CHENNAI VAC,04 Jan 2027,3
2026-06-18 10:04:32,OFC,CHENNAI VAC,04 Jan 2027,3
2026-06-18 10:04:52,OFC,CHENNAI VAC,04 Jan 2027,3
2026-06-18 10:05:10,OFC,CHENNAI VAC,05 Jan 2027,2
2026-06-18 10:05:27,OFC,CHENNAI VAC,05 Jan 2027,2
2026-06-18 10:07:08,OFC,CHENNAI VAC,06 Jan 2027,1
2026-06-18 10:18:12,Consular,NEW DELHI,26 Jun 2026,1
2026-06-18 10:18:31,Consular,NEW DELHI,26 Jun 2026,1
2026-06-18 10:19:41,Consular,NEW DELHI,26 Jun 2026,1
2026-06-18 10:20:01,Consular,NEW DELHI,26 Jun 2026,1
2026-06-18 10:20:19,Consular,NEW DELHI,26 Jun 2026,1
2026-06-18 10:21:15,Consular,NEW DELHI,26 Jun 2026,1
2026-06-18 10:21:30,Consular,NEW DELHI,26 Jun 2026,1
2026-06-18 10:21:50,Consular,NEW DELHI,26 Jun 2026,1
2026-06-18 10:22:09,Consular,NEW DELHI,26 Jun 2026,1
2026-06-18 10:22:28,Consular,NEW DELHI,26 Jun 2026,1
2026-06-18 10:22:45,Consular,NEW DELHI,26 Jun 2026,1
2026-06-18 10:26:58,Consular,NEW DELHI,26 Jun 2026,1
2026-06-18 10:27:14,OFC,CHENNAI VAC,04 Jan 2027,2
2026-06-18 10:27:14,OFC,NEW DELHI VAC,04 Jan 2027,1
2026-06-18 10:27:32,OFC,CHENNAI VAC,04 Jan 2027,2
2026-06-18 10:27:51,OFC,CHENNAI VAC,04 Jan 2027,2
2026-06-18 10:27:51,Consular,NEW DELHI,26 Jun 2026,1
2026-06-18 10:28:07,OFC,CHENNAI VAC,04 Jan 2027,2
2026-06-18 10:28:27,OFC,CHENNAI VAC,04 Jan 2027,2
2026-06-18 10:28:46,OFC,CHENNAI VAC,04 Jan 2027,2
2026-06-18 10:29:22,OFC,CHENNAI VAC,04 Jan 2027,2
2026-06-18 10:29:22,Consular,NEW DELHI,26 Jun 2026,1
2026-06-18 10:29:40,OFC,CHENNAI VAC,04 Jan 2027,2
2026-06-18 10:29:40,Consular,NEW DELHI,26 Jun 2026,1
2026-06-18 10:29:57,OFC,CHENNAI VAC,04 Jan 2027,2
2026-06-18 10:30:14,OFC,CHENNAI VAC,04 Jan 2027,2
2026-06-18 10:30:33,OFC,CHENNAI VAC,04 Jan 2027,2
2026-06-18 10:30:49,OFC,CHENNAI VAC,04 Jan 2027,2
2026-06-18 10:31:07,OFC,CHENNAI VAC,04 Jan 2027,2
2026-06-18 10:31:26,OFC,CHENNAI VAC,04 Jan 2027,2
2026-06-18 10:31:43,OFC,CHENNAI VAC,04 Jan 2027,2
2026-06-18 10:32:02,Consular,CHENNAI,26 Jun 2026,1
2026-06-18 10:32:02,OFC,CHENNAI VAC,04 Jan 2027,2
2026-06-18 10:32:21,Consular,CHENNAI,26 Jun 2026,1
2026-06-18 10:32:21,OFC,CHENNAI VAC,04 Jan 2027,2
2026-06-18 10:32:37,Consular,CHENNAI,26 Jun 2026,1
2026-06-18 10:32:37,OFC,CHENNAI VAC,04 Jan 2027,2
2026-06-18 10:32:53,Consular,CHENNAI,26 Jun 2026,1
2026-06-18 10:32:53,OFC,CHENNAI VAC,04 Jan 2027,2
2026-06-18 10:32:53,Consular,NEW DELHI,26 Jun 2026,1
2026-06-18 10:33:14,OFC,CHENNAI VAC,04 Jan 2027,2
2026-06-18 10:33:14,Consular,NEW DELHI,26 Jun 2026,1
2026-06-18 10:33:30,OFC,CHENNAI VAC,05 Jan 2027,1
2026-06-18 10:34:24,OFC,CHENNAI VAC,05 Jan 2027,1
2026-06-18 10:34:24,Consular,NEW DELHI,26 Jun 2026,1
2026-06-18 10:36:12,Consular,NEW DELHI,26 Jun 2026,1
2026-06-18 10:37:58,Consular,NEW DELHI,26 Jun 2026,1
2026-06-18 10:41:04,Consular,NEW DELHI,26 Jun 2026,1
2026-06-18 10:41:22,Consular,NEW DELHI,26 Jun 2026,1
2026-06-18 10:41:38,Consular,NEW DELHI,26 Jun 2026,1
2026-06-18 10:42:34,Consular,NEW DELHI,26 Jun 2026,1
2026-06-18 10:45:02,Consular,NEW DELHI,26 Jun 2026,1
2026-06-18 10:45:18,Consular,NEW DELHI,26 Jun 2026,1
2026-06-18 10:48:01,Consular,NEW DELHI,26 Jun 2026,1
2026-06-18 10:48:21,Consular,NEW DELHI,26 Jun 2026,1
2026-06-18 10:48:40,Consular,NEW DELHI,26 Jun 2026,1
2026-06-18 10:48:56,Consular,NEW DELHI,26 Jun 2026,1
2026-06-18 10:49:17,Consular,NEW DELHI,26 Jun 2026,1
2026-06-18 10:49:37,Consular,NEW DELHI,26 Jun 2026,1
2026-06-18 10:49:54,Consular,NEW DELHI,26 Jun 2026,1
2026-06-18 10:50:10,Consular,NEW DELHI,26 Jun 2026,1
2026-06-18 10:50:28,Consular,NEW DELHI,26 Jun 2026,1
2026-06-18 10:50:47,Consular,NEW DELHI,26 Jun 2026,1
2026-06-18 10:51:05,Consular,NEW DELHI,26 Jun 2026,1
2026-06-18 10:51:22,Consular,NEW DELHI,26 Jun 2026,1
2026-06-18 10:51:41,Consular,NEW DELHI,26 Jun 2026,1
2026-06-18 10:52:01,Consular,NEW DELHI,26 Jun 2026,1
2026-06-18 10:52:22,Consular,NEW DELHI,26 Jun 2026,1
2026-06-18 10:52:42,Consular,NEW DELHI,26 Jun 2026,1
2026-06-18 10:55:25,Consular,NEW DELHI,26 Jun 2026,1
2026-06-18 10:55:44,Consular,NEW DELHI,26 Jun 2026,1
2026-06-18 10:56:02,Consular,NEW DELHI,26 Jun 2026,1
2026-06-18 10:56:20,Consular,NEW DELHI,26 Jun 2026,1
2026-06-18 10:56:38,Consular,NEW DELHI,26 Jun 2026,1
2026-06-18 10:56:55,Consular,NEW DELHI,26 Jun 2026,1
2026-06-18 10:57:13,Consular,NEW DELHI,26 Jun 2026,1
2026-06-18 10:57:29,Consular,NEW DELHI,26 Jun 2026,1
2026-06-18 10:57:45,OFC,CHENNAI VAC,21 Jun 2026,20
2026-06-18 10:57:45,Consular,NEW DELHI,26 Jun 2026,1
2026-06-18 10:57:45,OFC,NEW DELHI VAC,20 Jan 2027,8
2026-06-18 10:58:05,OFC,CHENNAI VAC,04 Jan 2027,17
2026-06-18 10:58:05,Consular,NEW DELHI,26 Jun 2026,1
2026-06-18 10:58:05,OFC,NEW DELHI VAC,21 Jun 2026,9
2026-06-18 10:58:24,OFC,CHENNAI VAC,21 Jun 2026,20
2026-06-18 10:58:24,Consular,NEW DELHI,26 Jun 2026,1
2026-06-18 10:58:24,OFC,NEW DELHI VAC,20 Jan 2027,8
2026-06-18 10:58:41,OFC,CHENNAI VAC,04 Jan 2027,17
2026-06-18 10:58:41,Consular,NEW DELHI,26 Jun 2026,1
2026-06-18 10:58:41,OFC,NEW DELHI VAC,20 Jan 2027,8
2026-06-18 10:59:00,OFC,CHENNAI VAC,04 Jan 2027,17
2026-06-18 10:59:00,Consular,NEW DELHI,26 Jun 2026,1
2026-06-18 10:59:20,OFC,CHENNAI VAC,04 Jan 2027,17
2026-06-18 10:59:20,Consular,NEW DELHI,26 Jun 2026,1
2026-06-18 10:59:37,OFC,CHENNAI VAC,04 Jan 2027,3
2026-06-18 10:59:37,Consular,NEW DELHI,26 Jun 2026,1
2026-06-18 10:59:56,Consular,NEW DELHI,26 Jun 2026,1
2026-06-18 11:00:16,OFC,CHENNAI VAC,05 Jan 2027,2
2026-06-18 11:00:16,Consular,NEW DELHI,26 Jun 2026,1
2026-06-18 11:00:16,OFC,NEW DELHI VAC,28 Jun 2026,2
2026-06-18 11:00:34,OFC,CHENNAI VAC,28 Jun 2026,4
2026-06-18 11:00:34,OFC,HYDERABAD VAC,26 Jun 2026,2
2026-06-18 11:00:34,Consular,NEW DELHI,26 Jun 2026,1
2026-06-18 11:00:51,OFC,CHENNAI VAC,28 Jun 2026,4
2026-06-18 11:00:51,OFC,NEW DELHI VAC,28 Jun 2026,2
2026-06-18 11:01:08,OFC,CHENNAI VAC,28 Jun 2026,3
2026-06-18 11:01:08,OFC,KOLKATA VAC,13 Jul 2026,2
2026-06-18 11:01:08,Consular,NEW DELHI,26 Jun 2026,1
2026-06-18 11:01:28,OFC,CHENNAI VAC,05 Jan 2027,2
2026-06-18 11:01:28,OFC,HYDERABAD VAC,26 Jun 2026,3
2026-06-18 11:01:28,OFC,KOLKATA VAC,13 Jul 2026,2
2026-06-18 11:01:28,Consular,NEW DELHI,26 Jun 2026,1
2026-06-18 11:01:44,OFC,CHENNAI VAC,05 Jan 2027,2
2026-06-18 11:02:04,OFC,CHENNAI VAC,28 Jun 2026,3
2026-06-18 11:02:04,OFC,HYDERABAD VAC,26 Jun 2026,2
2026-06-18 11:02:21,OFC,CHENNAI VAC,05 Jan 2027,2
2026-06-18 11:02:37,OFC,CHENNAI VAC,05 Jan 2027,2
2026-06-18 11:02:37,OFC,HYDERABAD VAC,26 Jun 2026,3
2026-06-18 11:02:37,OFC,NEW DELHI VAC,28 Jun 2026,2
2026-06-18 11:02:53,OFC,CHENNAI VAC,28 Jun 2026,4
2026-06-18 11:03:11,OFC,HYDERABAD VAC,26 Jun 2026,2
2026-06-18 11:03:11,Consular,NEW DELHI,26 Jun 2026,1
2026-06-18 11:03:29,OFC,CHENNAI VAC,06 Jan 2027,1
2026-06-18 11:03:45,OFC,CHENNAI VAC,06 Jan 2027,1
2026-06-18 11:04:02,OFC,CHENNAI VAC,06 Jan 2027,1
2026-06-18 11:07:46,Consular,NEW DELHI,26 Jun 2026,1
2026-06-18 11:08:03,Consular,NEW DELHI,26 Jun 2026,1
2026-06-18 11:08:23,Consular,NEW DELHI,26 Jun 2026,1
2026-06-18 11:08:40,Consular,NEW DELHI,26 Jun 2026,1
2026-06-18 11:08:57,Consular,NEW DELHI,26 Jun 2026,1
2026-06-18 11:09:18,Consular,NEW DELHI,26 Jun 2026,1
2026-06-18 11:09:36,Consular,NEW DELHI,26 Jun 2026,1
2026-06-18 11:09:56,Consular,NEW DELHI,26 Jun 2026,1
2026-06-18 11:12:55,OFC,MUMBAI VAC,21 Jun 2026,1
2026-06-18 11:15:45,Consular,NEW DELHI,26 Jun 2026,1
2026-06-18 11:16:03,Consular,NEW DELHI,26 Jun 2026,1
2026-06-18 11:16:54,Consular,NEW DELHI,26 Jun 2026,1
2026-06-18 11:19:37,Consular,NEW DELHI,26 Jun 2026,1
2026-06-18 11:19:58,Consular,NEW DELHI,26 Jun 2026,1
2026-06-18 11:21:09,Consular,NEW DELHI,26 Jun 2026,1
2026-06-18 11:21:47,Consular,NEW DELHI,26 Jun 2026,1
2026-06-18 11:22:05,Consular,NEW DELHI,26 Jun 2026,1
2026-06-18 11:22:42,Consular,NEW DELHI,26 Jun 2026,1
2026-06-18 11:23:00,Consular,NEW DELHI,26 Jun 2026,1
2026-06-18 11:23:18,Consular,NEW DELHI,26 Jun 2026,1
2026-06-18 11:23:57,Consular,NEW DELHI,26 Jun 2026,1
2026-06-18 11:24:13,Consular,NEW DELHI,26 Jun 2026,1
2026-06-18 11:25:09,Consular,NEW DELHI,26 Jun 2026,1
2026-06-18 11:26:58,OFC,CHENNAI VAC,04 Jan 2027,2
2026-06-18 11:27:15,OFC,NEW DELHI VAC,04 Jan 2027,1
2026-06-18 11:27:34,OFC,CHENNAI VAC,04 Jan 2027,2
2026-06-18 11:27:54,OFC,CHENNAI VAC,04 Jan 2027,2
2026-06-18 11:28:11,OFC,CHENNAI VAC,04 Jan 2027,2
2026-06-18 11:28:28,OFC,CHENNAI VAC,04 Jan 2027,2
2026-06-18 11:28:28,Consular,NEW DELHI,26 Jun 2026,1
2026-06-18 11:28:47,OFC,CHENNAI VAC,04 Jan 2027,2
2026-06-18 11:28:47,Consular,NEW DELHI,26 Jun 2026,1
2026-06-18 11:29:04,OFC,CHENNAI VAC,04 Jan 2027,2
2026-06-18 11:29:38,OFC,CHENNAI VAC,04 Jan 2027,2
2026-06-18 11:30:33,OFC,HYDERABAD VAC,26 Jun 2026,2
2026-06-18 11:30:51,Consular,HYDERABAD,10 Jul 2026,2
2026-06-18 11:30:51,OFC,HYDERABAD VAC,26 Jun 2026,2
2026-06-18 11:31:11,Consular,HYDERABAD,10 Jul 2026,2
2026-06-18 11:31:29,OFC,CHENNAI VAC,05 Jan 2027,1
2026-06-18 11:31:29,Consular,HYDERABAD,10 Jul 2026,2
2026-06-18 11:31:29,OFC,HYDERABAD VAC,26 Jun 2026,2
2026-06-18 11:31:46,OFC,CHENNAI VAC,05 Jan 2027,1
2026-06-18 11:31:46,Consular,HYDERABAD,10 Jul 2026,1
2026-06-18 11:31:46,OFC,HYDERABAD VAC,11 Dec 2026,1
2026-06-18 11:32:02,Consular,HYDERABAD,10 Jul 2026,2
2026-06-18 11:32:02,OFC,HYDERABAD VAC,11 Dec 2026,1
2026-06-18 11:32:18,OFC,CHENNAI VAC,05 Jan 2027,1
2026-06-18 11:32:18,OFC,NEW DELHI VAC,11 Dec 2026,1
2026-06-18 11:32:38,Consular,HYDERABAD,10 Jul 2026,2
2026-06-18 11:32:57,OFC,CHENNAI VAC,05 Jan 2027,1
2026-06-18 11:32:57,Consular,HYDERABAD,10 Jul 2026,2
2026-06-18 11:32:57,OFC,HYDERABAD VAC,11 Dec 2026,1
2026-06-18 11:32:57,Consular,NEW DELHI,26 Jun 2026,1
2026-06-18 11:33:36,OFC,HYDERABAD VAC,11 Dec 2026,1
2026-06-18 11:39:55,Consular,NEW DELHI,26 Jun 2026,1
2026-06-18 11:40:14,Consular,NEW DELHI,26 Jun 2026,1
2026-06-18 11:40:33,Consular,NEW DELHI,26 Jun 2026,1
2026-06-18 11:40:54,Consular,NEW DELHI,26 Jun 2026,1
2026-06-18 11:41:27,Consular,NEW DELHI,26 Jun 2026,1
2026-06-18 11:41:43,Consular,NEW DELHI,26 Jun 2026,1
2026-06-18 11:41:59,Consular,NEW DELHI,26 Jun 2026,1
2026-06-18 11:44:47,Consular,NEW DELHI,26 Jun 2026,1
2026-06-18 11:51:38,Consular,NEW DELHI,26 Jun 2026,1
2026-06-18 11:51:55,Consular,NEW DELHI,26 Jun 2026,1
2026-06-18 11:52:15,Consular,NEW DELHI,26 Jun 2026,1
2026-06-18 11:52:35,Consular,NEW DELHI,26 Jun 2026,1
2026-06-18 11:53:29,Consular,NEW DELHI,26 Jun 2026,1
2026-06-18 11:53:49,Consular,NEW DELHI,26 Jun 2026,1
2026-06-18 11:54:06,Consular,NEW DELHI,26 Jun 2026,1
2026-06-18 11:54:43,Consular,NEW DELHI,26 Jun 2026,1
2026-06-18 11:55:00,Consular,NEW DELHI,26 Jun 2026,1
2026-06-18 11:55:18,Consular,NEW DELHI,26 Jun 2026,1
2026-06-18 11:55:33,Consular,NEW DELHI,26 Jun 2026,1
2026-06-18 11:55:49,Consular,NEW DELHI,26 Jun 2026,1
2026-06-18 11:56:08,Consular,NEW DELHI,26 Jun 2026,1
2026-06-18 11:56:08,OFC,NEW DELHI VAC,21 Jun 2026,1
2026-06-18 11:59:39,OFC,CHENNAI VAC,04 Jan 2027,3
2026-06-18 11:59:39,Consular,NEW DELHI,26 Jun 2026,1
2026-06-18 11:59:57,Consular,NEW DELHI,26 Jun 2026,1
2026-06-18 12:00:16,OFC,CHENNAI VAC,04 Jan 2027,3
2026-06-18 12:00:16,Consular,NEW DELHI,26 Jun 2026,1
2026-06-18 12:00:32,OFC,CHENNAI VAC,28 Jun 2026,7
2026-06-18 12:00:32,Consular,NEW DELHI,26 Jun 2026,1
2026-06-18 12:01:10,OFC,CHENNAI VAC,04 Jan 2027,3
2026-06-18 12:01:10,OFC,HYDERABAD VAC,26 Jun 2026,6
2026-06-18 12:01:10,OFC,NEW DELHI VAC,30 Jul 2026,1
2026-06-18 12:01:30,OFC,CHENNAI VAC,28 Jun 2026,6
2026-06-18 12:01:30,OFC,HYDERABAD VAC,26 Jun 2026,6
2026-06-18 12:01:30,OFC,KOLKATA VAC,13 Jul 2026,2
2026-06-18 12:01:30,OFC,MUMBAI VAC,27 Jul 2026,1
2026-06-18 12:01:46,OFC,CHENNAI VAC,28 Jun 2026,7
2026-06-18 12:01:46,OFC,HYDERABAD VAC,26 Jun 2026,6
2026-06-18 12:01:46,OFC,KOLKATA VAC,13 Jul 2026,2
2026-06-18 12:01:46,Consular,MUMBAI,17 Jul 2026,1
2026-06-18 12:02:02,OFC,CHENNAI VAC,28 Jun 2026,4
2026-06-18 12:02:02,OFC,HYDERABAD VAC,26 Jun 2026,6
2026-06-18 12:02:20,OFC,CHENNAI VAC,28 Jun 2026,4
2026-06-18 12:02:39,OFC,CHENNAI VAC,28 Jun 2026,4
2026-06-18 12:02:58,OFC,CHENNAI VAC,28 Jun 2026,5
2026-06-18 12:02:58,Consular,NEW DELHI,26 Jun 2026,1
2026-06-18 12:03:19,OFC,CHENNAI VAC,04 Jan 2027,3
2026-06-18 12:03:19,OFC,MUMBAI VAC,27 Jul 2026,1
2026-06-18 12:03:37,OFC,HYDERABAD VAC,26 Jun 2026,6
2026-06-18 12:03:57,OFC,HYDERABAD VAC,26 Jun 2026,6
2026-06-18 12:04:51,OFC,HYDERABAD VAC,26 Jun 2026,6
2026-06-18 12:04:51,Consular,NEW DELHI,26 Jun 2026,1
2026-06-18 12:05:07,OFC,CHENNAI VAC,05 Jan 2027,2
2026-06-18 12:05:26,OFC,CHENNAI VAC,05 Jan 2027,2
2026-06-18 12:05:26,Consular,NEW DELHI,26 Jun 2026,1
2026-06-18 12:05:42,OFC,CHENNAI VAC,05 Jan 2027,2
2026-06-18 12:06:17,OFC,CHENNAI VAC,05 Jan 2027,2
2026-06-18 12:06:55,OFC,CHENNAI VAC,06 Jan 2027,1
2026-06-18 12:07:13,OFC,CHENNAI VAC,06 Jan 2027,1
2026-06-18 12:07:29,Consular,NEW DELHI,26 Jun 2026,1
2026-06-18 12:07:45,OFC,CHENNAI VAC,06 Jan 2027,1
2026-06-18 12:08:22,Consular,NEW DELHI,26 Jun 2026,1
2026-06-18 12:08:42,Consular,NEW DELHI,26 Jun 2026,1
2026-06-18 12:09:02,Consular,NEW DELHI,26 Jun 2026,1
2026-06-18 12:15:48,Consular,NEW DELHI,26 Jun 2026,1
2026-06-18 12:16:09,Consular,NEW DELHI,26 Jun 2026,1
2026-06-18 12:16:29,Consular,NEW DELHI,26 Jun 2026,1
2026-06-18 12:16:48,Consular,NEW DELHI,26 Jun 2026,1
2026-06-18 12:17:08,Consular,NEW DELHI,26 Jun 2026,1
2026-06-18 12:17:28,Consular,NEW DELHI,26 Jun 2026,1
2026-06-18 12:17:47,Consular,NEW DELHI,26 Jun 2026,1
2026-06-18 12:18:06,Consular,NEW DELHI,26 Jun 2026,1
2026-06-18 12:18:25,Consular,NEW DELHI,26 Jun 2026,1
2026-06-18 12:18:41,Consular,NEW DELHI,26 Jun 2026,1
2026-06-18 12:27:49,OFC,CHENNAI VAC,04 Jan 2027,2
2026-06-18 12:28:08,OFC,CHENNAI VAC,04 Jan 2027,2
2026-06-18 12:28:08,OFC,NEW DELHI VAC,04 Jan 2027,1
2026-06-18 12:28:28,OFC,HYDERABAD VAC,11 Dec 2026,1
2026-06-18 12:28:28,OFC,NEW DELHI VAC,04 Jan 2027,1
2026-06-18 12:29:07,OFC,CHENNAI VAC,04 Jan 2027,2
2026-06-18 12:29:25,OFC,CHENNAI VAC,04 Jan 2027,2
2026-06-18 12:29:44,OFC,CHENNAI VAC,04 Jan 2027,2
2026-06-18 12:30:04,OFC,CHENNAI VAC,04 Jan 2027,2
2026-06-18 12:30:24,OFC,CHENNAI VAC,04 Jan 2027,2
2026-06-18 12:31:02,OFC,CHENNAI VAC,04 Jan 2027,2
2026-06-18 12:31:18,OFC,CHENNAI VAC,04 Jan 2027,2
2026-06-18 12:31:34,OFC,CHENNAI VAC,04 Jan 2027,2
2026-06-18 12:31:51,Consular,MUMBAI,06 Jul 2026,2
2026-06-18 12:32:08,OFC,CHENNAI VAC,04 Jan 2027,2
2026-06-18 12:32:26,OFC,CHENNAI VAC,04 Jan 2027,2
2026-06-18 12:32:26,Consular,MUMBAI,17 Jul 2026,1
2026-06-18 12:32:26,Consular,NEW DELHI,26 Jun 2026,1
2026-06-18 12:32:44,OFC,CHENNAI VAC,04 Jan 2027,2
2026-06-18 12:35:33,Consular,NEW DELHI,26 Jun 2026,1
2026-06-18 12:35:54,Consular,NEW DELHI,26 Jun 2026,1
2026-06-18 12:36:14,Consular,NEW DELHI,26 Jun 2026,1
2026-06-18 12:36:34,Consular,NEW DELHI,26 Jun 2026,1
2026-06-18 12:36:52,Consular,NEW DELHI,26 Jun 2026,1
2026-06-18 12:37:10,Consular,NEW DELHI,26 Jun 2026,1
2026-06-18 12:37:26,Consular,NEW DELHI,26 Jun 2026,1
2026-06-18 12:37:45,Consular,NEW DELHI,26 Jun 2026,1
2026-06-18 12:38:06,Consular,NEW DELHI,26 Jun 2026,1
2026-06-18 12:38:46,Consular,NEW DELHI,26 Jun 2026,1
2026-06-18 12:39:21,Consular,NEW DELHI,26 Jun 2026,1
2026-06-18 12:39:41,Consular,NEW DELHI,26 Jun 2026,1
2026-06-18 12:40:00,Consular,NEW DELHI,26 Jun 2026,1
2026-06-18 12:40:18,Consular,NEW DELHI,26 Jun 2026,1
2026-06-18 12:43:58,Consular,NEW DELHI,26 Jun 2026,1
2026-06-18 12:44:14,Consular,NEW DELHI,26 Jun 2026,1
2026-06-18 12:44:31,Consular,NEW DELHI,26 Jun 2026,1
2026-06-18 12:47:41,Consular,NEW DELHI,26 Jun 2026,1
2026-06-18 12:48:01,Consular,NEW DELHI,26 Jun 2026,1
2026-06-18 12:53:03,Consular,NEW DELHI,26 Jun 2026,1
2026-06-18 12:53:22,Consular,NEW DELHI,26 Jun 2026,1
2026-06-18 12:53:41,Consular,NEW DELHI,26 Jun 2026,1
2026-06-18 12:54:00,Consular,NEW DELHI,26 Jun 2026,1
2026-06-18 12:54:21,Consular,NEW DELHI,26 Jun 2026,1
2026-06-18 12:54:36,Consular,NEW DELHI,26 Jun 2026,1
2026-06-18 12:54:36,OFC,NEW DELHI VAC,21 Jun 2026,1
2026-06-18 12:54:54,Consular,NEW DELHI,26 Jun 2026,1
2026-06-18 12:55:14,Consular,NEW DELHI,26 Jun 2026,1
2026-06-18 12:55:34,Consular,NEW DELHI,26 Jun 2026,1
2026-06-18 12:55:51,Consular,NEW DELHI,26 Jun 2026,1
2026-06-18 12:56:08,OFC,CHENNAI VAC,23 Jun 2026,15
2026-06-18 12:56:08,Consular,NEW DELHI,26 Jun 2026,1
2026-06-18 12:56:26,OFC,CHENNAI VAC,08 Oct 2026,13
2026-06-18 12:56:26,OFC,HYDERABAD VAC,06 Oct 2026,5
2026-06-18 12:56:26,OFC,KOLKATA VAC,14 Oct 2026,2
2026-06-18 12:56:26,Consular,NEW DELHI,26 Jun 2026,1
2026-06-18 12:56:26,OFC,NEW DELHI VAC,16 Oct 2026,13
2026-06-18 12:56:46,OFC,CHENNAI VAC,08 Oct 2026,12
2026-06-18 12:56:46,OFC,KOLKATA VAC,14 Oct 2026,2
2026-06-18 12:56:46,Consular,NEW DELHI,26 Jun 2026,1
2026-06-18 12:56:46,OFC,NEW DELHI VAC,16 Oct 2026,13
2026-06-18 12:57:05,OFC,CHENNAI VAC,19 Jan 2027,11
2026-06-18 12:57:05,OFC,HYDERABAD VAC,15 Oct 2026,3
2026-06-18 12:57:05,OFC,KOLKATA VAC,14 Oct 2026,2
2026-06-18 12:57:05,Consular,NEW DELHI,26 Jun 2026,1
2026-06-18 12:57:05,OFC,NEW DELHI VAC,16 Oct 2026,13
2026-06-18 12:57:22,OFC,CHENNAI VAC,19 Jan 2027,11
2026-06-18 12:57:22,OFC,KOLKATA VAC,14 Oct 2026,2
2026-06-18 12:57:22,Consular,NEW DELHI,26 Jun 2026,1
2026-06-18 12:57:22,OFC,NEW DELHI VAC,16 Oct 2026,12
2026-06-18 12:57:39,OFC,CHENNAI VAC,19 Jan 2027,11
2026-06-18 12:57:39,OFC,HYDERABAD VAC,15 Oct 2026,3
2026-06-18 12:57:39,Consular,NEW DELHI,05 Nov 2026,1
2026-06-18 12:57:39,OFC,NEW DELHI VAC,23 Oct 2026,11
2026-06-18 12:57:59,OFC,CHENNAI VAC,19 Jan 2027,11
2026-06-18 12:57:59,Consular,NEW DELHI,05 Nov 2026,1
2026-06-18 12:58:17,OFC,CHENNAI VAC,19 Jan 2027,11
2026-06-18 12:58:17,OFC,NEW DELHI VAC,14 Jan 2027,9
2026-06-18 12:58:53,OFC,CHENNAI VAC,19 Jan 2027,11
2026-06-18 12:59:11,OFC,CHENNAI VAC,19 Jan 2027,11
2026-06-18 12:59:11,OFC,NEW DELHI VAC,20 Jan 2027,8
2026-06-18 12:59:28,OFC,CHENNAI VAC,19 Jan 2027,11
2026-06-18 12:59:28,Consular,NEW DELHI,26 Jun 2026,1
2026-06-18 12:59:28,OFC,NEW DELHI VAC,20 Jan 2027,8
2026-06-18 12:59:48,OFC,CHENNAI VAC,19 Jan 2027,11
2026-06-18 12:59:48,Consular,NEW DELHI,26 Jun 2026,1
2026-06-18 13:00:09,Consular,NEW DELHI,26 Jun 2026,1
2026-06-18 13:00:24,Consular,NEW DELHI,26 Jun 2026,1
2026-06-18 13:00:24,OFC,NEW DELHI VAC,20 Jan 2027,8
2026-06-18 13:00:43,OFC,CHENNAI VAC,19 Jan 2027,11
2026-06-18 13:00:43,Consular,NEW DELHI,26 Jun 2026,1
2026-06-18 13:01:02,OFC,CHENNAI VAC,28 Jun 2026,5
2026-06-18 13:01:02,Consular,NEW DELHI,26 Jun 2026,1
2026-06-18 13:01:21,OFC,CHENNAI VAC,28 Jun 2026,17
2026-06-18 13:01:21,Consular,NEW DELHI,26 Jun 2026,1
2026-06-18 13:01:40,OFC,CHENNAI VAC,28 Jun 2026,17
2026-06-18 13:01:40,OFC,HYDERABAD VAC,26 Jun 2026,4
2026-06-18 13:01:40,OFC,KOLKATA VAC,13 Jul 2026,2
2026-06-18 13:01:40,Consular,NEW DELHI,26 Jun 2026,1
2026-06-18 13:01:40,OFC,NEW DELHI VAC,30 Jun 2026,9
2026-06-18 13:01:59,OFC,CHENNAI VAC,04 Jan 2027,4
2026-06-18 13:01:59,Consular,HYDERABAD,15 Jul 2026,2
2026-06-18 13:01:59,OFC,HYDERABAD VAC,26 Jun 2026,4
2026-06-18 13:01:59,Consular,NEW DELHI,26 Jun 2026,1
2026-06-18 13:02:20,OFC,CHENNAI VAC,28 Jun 2026,17
2026-06-18 13:02:20,Consular,NEW DELHI,26 Jun 2026,1
2026-06-18 13:02:37,OFC,HYDERABAD VAC,26 Jun 2026,3
2026-06-18 13:02:58,OFC,CHENNAI VAC,04 Jan 2027,4
2026-06-18 13:03:17,OFC,CHENNAI VAC,28 Jun 2026,5
2026-06-18 13:04:09,OFC,CHENNAI VAC,04 Jan 2027,4
2026-06-18 13:04:27,OFC,CHENNAI VAC,05 Jan 2027,3
2026-06-18 13:04:44,OFC,CHENNAI VAC,05 Jan 2027,3
2026-06-18 13:05:03,OFC,CHENNAI VAC,04 Jan 2027,4
2026-06-18 13:05:21,OFC,CHENNAI VAC,05 Jan 2027,3
2026-06-18 13:05:56,OFC,CHENNAI VAC,28 Jun 2026,17
2026-06-18 13:05:56,Consular,NEW DELHI,26 Jun 2026,1
2026-06-18 13:06:14,OFC,CHENNAI VAC,05 Jan 2027,3
2026-06-18 13:06:14,Consular,NEW DELHI,26 Jun 2026,1
2026-06-18 13:06:51,OFC,CHENNAI VAC,05 Jan 2027,3
2026-06-18 13:07:09,OFC,CHENNAI VAC,05 Jan 2027,3
2026-06-18 13:07:29,OFC,CHENNAI VAC,06 Jan 2027,2
2026-06-18 13:07:29,Consular,NEW DELHI,26 Jun 2026,1
2026-06-18 13:07:46,Consular,NEW DELHI,26 Jun 2026,1
2026-06-18 13:08:03,OFC,CHENNAI VAC,28 Jun 2026,17
2026-06-18 13:08:03,Consular,NEW DELHI,26 Jun 2026,1
2026-06-18 13:08:22,OFC,CHENNAI VAC,06 Jan 2027,2
2026-06-18 13:08:41,OFC,CHENNAI VAC,06 Jan 2027,2
2026-06-18 13:08:41,Consular,NEW DELHI,26 Jun 2026,1
2026-06-18 13:08:58,OFC,CHENNAI VAC,07 Jan 2027,1
2026-06-18 13:09:16,OFC,CHENNAI VAC,07 Jan 2027,1
2026-06-18 13:09:16,Consular,NEW DELHI,26 Jun 2026,1
2026-06-18 13:09:31,OFC,CHENNAI VAC,07 Jan 2027,1
2026-06-18 13:09:31,Consular,NEW DELHI,26 Jun 2026,1
2026-06-18 13:10:06,Consular,NEW DELHI,26 Jun 2026,1
2026-06-18 13:10:26,Consular,NEW DELHI,26 Jun 2026,1
2026-06-18 13:10:45,Consular,NEW DELHI,26 Jun 2026,1
2026-06-18 13:11:05,Consular,NEW DELHI,26 Jun 2026,1
2026-06-18 13:13:47,Consular,NEW DELHI,26 Jun 2026,1
2026-06-18 13:14:04,Consular,NEW DELHI,26 Jun 2026,1
2026-06-18 13:14:25,Consular,NEW DELHI,26 Jun 2026,1
2026-06-18 13:14:45,Consular,NEW DELHI,26 Jun 2026,1
2026-06-18 13:15:05,Consular,NEW DELHI,26 Jun 2026,1
2026-06-18 13:15:26,Consular,NEW DELHI,26 Jun 2026,1
2026-06-18 13:15:43,OFC,NEW DELHI VAC,21 Jun 2026,1
2026-06-18 13:18:58,Consular,NEW DELHI,26 Jun 2026,1
2026-06-18 13:19:14,Consular,NEW DELHI,26 Jun 2026,1
2026-06-18 13:19:30,Consular,NEW DELHI,26 Jun 2026,1
2026-06-18 13:21:05,Consular,NEW DELHI,26 Jun 2026,1
2026-06-18 13:21:11,Consular,NEW DELHI,26 Jun 2026,1
2026-06-18 13:21:30,Consular,NEW DELHI,26 Jun 2026,1
2026-06-18 13:21:48,Consular,NEW DELHI,26 Jun 2026,1
2026-06-18 13:22:05,Consular,NEW DELHI,26 Jun 2026,1
2026-06-18 13:22:38,Consular,NEW DELHI,26 Jun 2026,1
2026-06-18 13:22:56,Consular,NEW DELHI,26 Jun 2026,1
2026-06-18 13:23:16,Consular,NEW DELHI,26 Jun 2026,1
2026-06-18 13:23:37,Consular,NEW DELHI,26 Jun 2026,1
2026-06-18 13:23:56,Consular,NEW DELHI,26 Jun 2026,1
2026-06-18 13:23:56,OFC,NEW DELHI VAC,21 Jun 2026,1
2026-06-18 13:24:12,Consular,NEW DELHI,26 Jun 2026,1
2026-06-18 13:24:28,Consular,NEW DELHI,26 Jun 2026,1
2026-06-18 13:24:46,OFC,NEW DELHI VAC,21 Jun 2026,1
2026-06-18 13:25:23,OFC,NEW DELHI VAC,21 Jun 2026,1
2026-06-18 13:25:42,OFC,NEW DELHI VAC,21 Jun 2026,1
2026-06-18 13:27:12,OFC,CHENNAI VAC,04 Jan 2027,2
2026-06-18 13:27:30,OFC,CHENNAI VAC,04 Jan 2027,2
2026-06-18 13:27:48,OFC,CHENNAI VAC,04 Jan 2027,2
2026-06-18 13:27:48,Consular,NEW DELHI,26 Jun 2026,1
2026-06-18 13:28:28,OFC,CHENNAI VAC,04 Jan 2027,2
2026-06-18 13:28:46,OFC,CHENNAI VAC,04 Jan 2027,2
2026-06-18 13:28:46,Consular,NEW DELHI,26 Jun 2026,1
2026-06-18 13:29:05,OFC,CHENNAI VAC,04 Jan 2027,2
2026-06-18 13:29:05,Consular,NEW DELHI,26 Jun 2026,1
2026-06-18 13:29:21,OFC,CHENNAI VAC,04 Jan 2027,2
2026-06-18 13:29:40,OFC,CHENNAI VAC,04 Jan 2027,2
2026-06-18 13:29:40,Consular,NEW DELHI,26 Jun 2026,1
2026-06-18 13:30:00,OFC,CHENNAI VAC,05 Jan 2027,1
2026-06-18 13:30:18,OFC,CHENNAI VAC,28 Jun 2026,1
2026-06-18 13:30:18,Consular,HYDERABAD,20 Jul 2026,1
2026-06-18 13:30:18,OFC,HYDERABAD VAC,26 Jun 2026,3
2026-06-18 13:30:18,Consular,MUMBAI,15 Jul 2026,2
2026-06-18 13:30:18,Consular,NEW DELHI,09 Jul 2026,1
2026-06-18 13:30:38,Consular,MUMBAI,16 Jul 2026,1
2026-06-18 13:33:06,Consular,NEW DELHI,26 Jun 2026,1
2026-06-18 13:33:23,Consular,NEW DELHI,26 Jun 2026,1
2026-06-18 13:34:17,Consular,NEW DELHI,26 Jun 2026,1
2026-06-18 13:34:35,Consular,NEW DELHI,26 Jun 2026,1
2026-06-18 13:36:05,Consular,NEW DELHI,26 Jun 2026,1
2026-06-18 13:41:30,Consular,NEW DELHI,26 Jun 2026,1
2026-06-18 13:43:54,Consular,NEW DELHI,26 Jun 2026,1
2026-06-18 13:44:12,Consular,NEW DELHI,26 Jun 2026,1
2026-06-18 13:44:32,Consular,NEW DELHI,26 Jun 2026,1
2026-06-18 13:49:54,Consular,NEW DELHI,26 Jun 2026,1
2026-06-18 13:50:10,Consular,NEW DELHI,26 Jun 2026,1
2026-06-18 13:50:30,Consular,NEW DELHI,26 Jun 2026,1
2026-06-18 13:50:47,Consular,NEW DELHI,26 Jun 2026,1
2026-06-18 13:51:06,Consular,NEW DELHI,26 Jun 2026,1
2026-06-18 13:51:24,Consular,NEW DELHI,26 Jun 2026,1
2026-06-18 13:51:44,Consular,NEW DELHI,26 Jun 2026,1
2026-06-18 13:52:03,Consular,NEW DELHI,26 Jun 2026,1
2026-06-18 13:52:23,Consular,NEW DELHI,26 Jun 2026,1
2026-06-18 13:52:42,Consular,NEW DELHI,26 Jun 2026,1
2026-06-18 13:53:01,Consular,NEW DELHI,26 Jun 2026,1
2026-06-18 13:53:19,Consular,NEW DELHI,26 Jun 2026,1
2026-06-18 13:53:39,Consular,NEW DELHI,26 Jun 2026,1
2026-06-18 13:53:56,Consular,NEW DELHI,26 Jun 2026,1
2026-06-18 13:54:13,Consular,NEW DELHI,26 Jun 2026,1
2026-06-18 13:54:31,Consular,NEW DELHI,26 Jun 2026,1
2026-06-18 13:54:49,Consular,NEW DELHI,26 Jun 2026,1
2026-06-18 13:55:05,Consular,NEW DELHI,26 Jun 2026,1
2026-06-18 13:55:22,Consular,NEW DELHI,26 Jun 2026,1
2026-06-18 13:55:40,Consular,NEW DELHI,26 Jun 2026,1
2026-06-18 13:55:56,Consular,NEW DELHI,26 Jun 2026,1
2026-06-18 13:56:14,OFC,HYDERABAD VAC,03 Nov 2026,14
2026-06-18 13:56:14,OFC,KOLKATA VAC,06 Nov 2026,11
2026-06-18 13:56:14,Consular,NEW DELHI,26 Jun 2026,1
2026-06-18 13:56:31,OFC,CHENNAI VAC,16 Nov 2026,8
2026-06-18 13:56:31,OFC,HYDERABAD VAC,03 Nov 2026,14
2026-06-18 13:56:31,OFC,KOLKATA VAC,06 Nov 2026,11
2026-06-18 13:56:31,OFC,MUMBAI VAC,21 Jun 2026,1
2026-06-18 13:56:49,OFC,CHENNAI VAC,04 Jan 2027,7
2026-06-18 13:56:49,OFC,HYDERABAD VAC,04 Nov 2026,13
2026-06-18 13:56:49,OFC,KOLKATA VAC,06 Nov 2026,11
2026-06-18 13:56:49,OFC,MUMBAI VAC,21 Jun 2026,1
2026-06-18 13:56:49,Consular,NEW DELHI,26 Jun 2026,1
2026-06-18 13:57:06,OFC,CHENNAI VAC,04 Jan 2027,7
2026-06-18 13:57:06,OFC,HYDERABAD VAC,04 Nov 2026,13
2026-06-18 13:57:06,OFC,KOLKATA VAC,06 Nov 2026,11
2026-06-18 13:57:06,OFC,MUMBAI VAC,21 Jun 2026,1
2026-06-18 13:57:06,Consular,NEW DELHI,26 Jun 2026,1
2026-06-18 13:57:06,OFC,NEW DELHI VAC,02 Nov 2026,2
2026-06-18 13:57:21,OFC,CHENNAI VAC,04 Jan 2027,7
2026-06-18 13:57:21,OFC,MUMBAI VAC,21 Jun 2026,1
2026-06-18 13:57:21,Consular,NEW DELHI,26 Jun 2026,1
2026-06-18 13:57:38,OFC,CHENNAI VAC,04 Jan 2027,7
2026-06-18 13:57:38,OFC,HYDERABAD VAC,04 Nov 2026,13
2026-06-18 13:57:38,OFC,KOLKATA VAC,09 Nov 2026,10
2026-06-18 13:57:38,OFC,MUMBAI VAC,21 Jun 2026,1
2026-06-18 13:57:38,Consular,NEW DELHI,26 Jun 2026,1
2026-06-18 13:57:38,OFC,NEW DELHI VAC,14 Jan 2027,1
2026-06-18 13:57:58,OFC,CHENNAI VAC,04 Jan 2027,7
2026-06-18 13:57:58,OFC,HYDERABAD VAC,05 Nov 2026,12
2026-06-18 13:57:58,OFC,KOLKATA VAC,09 Nov 2026,10
2026-06-18 13:57:58,OFC,MUMBAI VAC,21 Jun 2026,1
2026-06-18 13:57:58,Consular,NEW DELHI,26 Jun 2026,1
2026-06-18 13:58:16,OFC,CHENNAI VAC,04 Jan 2027,7
2026-06-18 13:58:16,OFC,HYDERABAD VAC,05 Nov 2026,12
2026-06-18 13:58:16,OFC,KOLKATA VAC,09 Nov 2026,10
2026-06-18 13:58:16,OFC,MUMBAI VAC,21 Jun 2026,1
2026-06-18 13:58:16,Consular,NEW DELHI,26 Jun 2026,1
2026-06-18 13:58:36,OFC,CHENNAI VAC,04 Jan 2027,7
2026-06-18 13:58:36,OFC,MUMBAI VAC,21 Jun 2026,1
2026-06-18 13:58:36,Consular,NEW DELHI,26 Jun 2026,1
2026-06-18 13:58:54,OFC,CHENNAI VAC,04 Jan 2027,7
2026-06-18 13:58:54,OFC,MUMBAI VAC,21 Jun 2026,1
2026-06-18 13:59:12,OFC,CHENNAI VAC,04 Jan 2027,4
2026-06-18 13:59:12,Consular,NEW DELHI,26 Jun 2026,1
2026-06-18 13:59:29,OFC,CHENNAI VAC,04 Jan 2027,4
2026-06-18 13:59:29,OFC,MUMBAI VAC,21 Jun 2026,1
2026-06-18 13:59:47,OFC,MUMBAI VAC,21 Jun 2026,1
2026-06-18 14:00:05,OFC,CHENNAI VAC,04 Jan 2027,4
2026-06-18 14:00:05,OFC,MUMBAI VAC,21 Jun 2026,1
2026-06-18 14:00:05,Consular,NEW DELHI,26 Jun 2026,1
2026-06-18 14:00:23,OFC,CHENNAI VAC,04 Jan 2027,4
2026-06-18 14:00:23,Consular,MUMBAI,16 Jul 2026,1
2026-06-18 14:00:23,OFC,MUMBAI VAC,21 Jun 2026,1
2026-06-18 14:00:23,OFC,NEW DELHI VAC,30 Jun 2026,6
2026-06-18 14:00:42,OFC,MUMBAI VAC,21 Jun 2026,1
2026-06-18 14:00:42,OFC,NEW DELHI VAC,30 Jun 2026,6
2026-06-18 14:01:00,OFC,CHENNAI VAC,24 Sep 2026,7
2026-06-18 14:01:00,Consular,MUMBAI,16 Jul 2026,1
2026-06-18 14:01:00,OFC,MUMBAI VAC,18 Sep 2026,3
2026-06-18 14:01:00,Consular,NEW DELHI,26 Jun 2026,1
2026-06-18 14:01:00,OFC,NEW DELHI VAC,28 Jun 2026,7
2026-06-18 14:01:16,OFC,CHENNAI VAC,24 Sep 2026,7
2026-06-18 14:01:16,OFC,HYDERABAD VAC,30 Jul 2026,5
2026-06-18 14:01:16,OFC,MUMBAI VAC,21 Jun 2026,1
2026-06-18 14:01:16,Consular,NEW DELHI,26 Jun 2026,1
2026-06-18 14:01:16,OFC,NEW DELHI VAC,30 Jul 2026,5
2026-06-18 14:01:33,OFC,CHENNAI VAC,08 Oct 2026,5
2026-06-18 14:01:33,OFC,HYDERABAD VAC,26 Jun 2026,8
2026-06-18 14:01:33,OFC,KOLKATA VAC,14 Oct 2026,1
2026-06-18 14:01:33,OFC,MUMBAI VAC,21 Jun 2026,1
2026-06-18 14:01:33,OFC,NEW DELHI VAC,13 Oct 2026,2
2026-06-18 14:01:54,OFC,HYDERABAD VAC,06 Oct 2026,3
2026-06-18 14:01:54,OFC,KOLKATA VAC,21 Jun 2026,1
2026-06-18 14:01:54,OFC,MUMBAI VAC,21 Jun 2026,1
2026-06-18 14:02:11,OFC,CHENNAI VAC,08 Oct 2026,5
2026-06-18 14:02:11,OFC,KOLKATA VAC,14 Oct 2026,1
2026-06-18 14:02:11,OFC,MUMBAI VAC,21 Jun 2026,1
2026-06-18 14:02:29,OFC,CHENNAI VAC,05 Jan 2027,3
2026-06-18 14:02:29,OFC,HYDERABAD VAC,06 Oct 2026,3
2026-06-18 14:02:29,OFC,MUMBAI VAC,21 Jun 2026,1
2026-06-18 14:02:47,OFC,HYDERABAD VAC,26 Jun 2026,8
2026-06-18 14:02:47,OFC,MUMBAI VAC,21 Jun 2026,1
2026-06-18 14:03:03,OFC,CHENNAI VAC,05 Jan 2027,3
2026-06-18 14:03:03,OFC,HYDERABAD VAC,26 Jun 2026,8
2026-06-18 14:03:03,OFC,MUMBAI VAC,21 Jun 2026,1
2026-06-18 14:03:22,OFC,CHENNAI VAC,05 Jan 2027,3
2026-06-18 14:03:22,OFC,MUMBAI VAC,21 Jun 2026,1
2026-06-18 14:03:39,OFC,CHENNAI VAC,05 Jan 2027,3
2026-06-18 14:03:39,OFC,MUMBAI VAC,21 Jun 2026,1
2026-06-18 14:03:59,OFC,CHENNAI VAC,05 Jan 2027,3
2026-06-18 14:03:59,OFC,MUMBAI VAC,21 Jun 2026,1
2026-06-18 14:04:17,OFC,CHENNAI VAC,05 Jan 2027,3
2026-06-18 14:04:17,OFC,MUMBAI VAC,21 Jun 2026,1
2026-06-18 14:04:35,OFC,CHENNAI VAC,05 Jan 2027,3
2026-06-18 14:04:35,OFC,MUMBAI VAC,21 Jun 2026,1
2026-06-18 14:04:54,OFC,CHENNAI VAC,06 Jan 2027,2
2026-06-18 14:04:54,OFC,MUMBAI VAC,21 Jun 2026,1
2026-06-18 14:05:10,OFC,CHENNAI VAC,06 Jan 2027,2
2026-06-18 14:05:10,OFC,HYDERABAD VAC,06 Oct 2026,3
2026-06-18 14:05:10,OFC,MUMBAI VAC,21 Jun 2026,1
2026-06-18 14:05:26,OFC,MUMBAI VAC,21 Jun 2026,1
2026-06-18 14:05:42,OFC,CHENNAI VAC,06 Jan 2027,2
2026-06-18 14:05:42,OFC,MUMBAI VAC,21 Jun 2026,1
2026-06-18 14:06:03,OFC,MUMBAI VAC,21 Jun 2026,1
2026-06-18 14:06:19,OFC,MUMBAI VAC,21 Jun 2026,1
2026-06-18 14:06:39,OFC,CHENNAI VAC,06 Jan 2027,2
2026-06-18 14:06:39,OFC,MUMBAI VAC,21 Jun 2026,1
2026-06-18 14:06:55,OFC,CHENNAI VAC,07 Jan 2027,1
2026-06-18 14:06:55,OFC,MUMBAI VAC,21 Jun 2026,1
2026-06-18 14:07:15,OFC,MUMBAI VAC,21 Jun 2026,1
2026-06-18 14:07:36,OFC,MUMBAI VAC,21 Jun 2026,1
2026-06-18 14:07:53,OFC,MUMBAI VAC,21 Jun 2026,1
2026-06-18 14:08:12,OFC,MUMBAI VAC,21 Jun 2026,1
2026-06-18 14:08:30,OFC,MUMBAI VAC,21 Jun 2026,1
2026-06-18 14:08:30,Consular,NEW DELHI,26 Jun 2026,1
2026-06-18 14:08:46,OFC,MUMBAI VAC,21 Jun 2026,1
2026-06-18 14:09:05,OFC,MUMBAI VAC,21 Jun 2026,1
2026-06-18 14:09:25,OFC,MUMBAI VAC,21 Jun 2026,1
2026-06-18 14:09:43,OFC,MUMBAI VAC,21 Jun 2026,1
2026-06-18 14:09:43,Consular,NEW DELHI,26 Jun 2026,1
2026-06-18 14:09:59,OFC,MUMBAI VAC,21 Jun 2026,1
2026-06-18 14:09:59,Consular,NEW DELHI,26 Jun 2026,1
2026-06-18 14:10:18,OFC,MUMBAI VAC,21 Jun 2026,1
2026-06-18 14:10:35,OFC,MUMBAI VAC,21 Jun 2026,1
2026-06-18 14:10:51,OFC,MUMBAI VAC,21 Jun 2026,1
2026-06-18 14:11:07,OFC,MUMBAI VAC,21 Jun 2026,1
2026-06-18 14:11:24,OFC,MUMBAI VAC,21 Jun 2026,1
2026-06-18 14:11:42,OFC,MUMBAI VAC,21 Jun 2026,1
2026-06-18 14:12:00,OFC,MUMBAI VAC,21 Jun 2026,1
2026-06-18 14:12:00,Consular,NEW DELHI,26 Jun 2026,1
2026-06-18 14:12:20,Consular,NEW DELHI,26 Jun 2026,1
2026-06-18 14:13:17,Consular,NEW DELHI,26 Jun 2026,1
2026-06-18 14:13:36,Consular,NEW DELHI,26 Jun 2026,1
2026-06-18 14:13:53,OFC,MUMBAI VAC,21 Jun 2026,1
2026-06-18 14:13:53,Consular,NEW DELHI,26 Jun 2026,1
2026-06-18 14:19:47,Consular,NEW DELHI,26 Jun 2026,1
2026-06-18 14:20:05,Consular,NEW DELHI,26 Jun 2026,1
2026-06-18 14:20:23,Consular,NEW DELHI,26 Jun 2026,1
2026-06-18 14:20:43,Consular,NEW DELHI,26 Jun 2026,1
2026-06-18 14:20:59,Consular,NEW DELHI,26 Jun 2026,1
2026-06-18 14:21:15,Consular,NEW DELHI,26 Jun 2026,1
2026-06-18 14:24:41,Consular,NEW DELHI,26 Jun 2026,1
2026-06-18 14:24:58,Consular,NEW DELHI,26 Jun 2026,1
2026-06-18 14:26:12,OFC,CHENNAI VAC,04 Jan 2027,2
2026-06-18 14:26:31,OFC,CHENNAI VAC,04 Jan 2027,2
2026-06-18 14:26:31,OFC,NEW DELHI VAC,04 Jan 2027,1
2026-06-18 14:26:48,Consular,NEW DELHI,26 Jun 2026,1
2026-06-18 14:27:06,OFC,CHENNAI VAC,04 Jan 2027,2
2026-06-18 14:27:06,Consular,NEW DELHI,26 Jun 2026,1
2026-06-18 14:27:24,OFC,CHENNAI VAC,04 Jan 2027,2
2026-06-18 14:28:01,OFC,CHENNAI VAC,04 Jan 2027,2
2026-06-18 14:28:17,OFC,CHENNAI VAC,04 Jan 2027,2
2026-06-18 14:28:38,OFC,CHENNAI VAC,05 Jan 2027,1
2026-06-18 14:28:57,OFC,CHENNAI VAC,05 Jan 2027,1
2026-06-18 14:28:57,Consular,NEW DELHI,26 Jun 2026,1
2026-06-18 14:29:16,Consular,NEW DELHI,26 Jun 2026,1
2026-06-18 14:30:12,OFC,CHENNAI VAC,28 Jun 2026,2
2026-06-18 14:30:28,OFC,CHENNAI VAC,28 Jun 2026,1
2026-06-18 14:30:28,Consular,NEW DELHI,26 Jun 2026,1
2026-06-18 14:30:44,OFC,CHENNAI VAC,22 Jun 2026,3
2026-06-18 14:31:01,OFC,CHENNAI VAC,22 Jun 2026,3
2026-06-18 14:31:21,Consular,HYDERABAD,22 Jul 2026,1
2026-06-18 14:31:58,OFC,CHENNAI VAC,28 Jun 2026,1
2026-06-18 14:32:16,Consular,NEW DELHI,26 Jun 2026,1
2026-06-18 14:32:36,Consular,NEW DELHI,26 Jun 2026,1
2026-06-18 14:33:32,Consular,NEW DELHI,26 Jun 2026,1
2026-06-18 14:33:50,Consular,NEW DELHI,26 Jun 2026,1
2026-06-18 14:34:42,Consular,NEW DELHI,26 Jun 2026,1
2026-06-18 14:34:58,Consular,NEW DELHI,26 Jun 2026,1
2026-06-18 14:35:18,Consular,NEW DELHI,26 Jun 2026,1
2026-06-18 14:35:37,Consular,NEW DELHI,26 Jun 2026,1
2026-06-18 14:42:43,Consular,NEW DELHI,26 Jun 2026,1
2026-06-18 14:42:59,Consular,NEW DELHI,26 Jun 2026,1
2026-06-18 14:43:20,Consular,NEW DELHI,26 Jun 2026,1
2026-06-18 14:43:38,Consular,NEW DELHI,26 Jun 2026,1
2026-06-18 14:46:36,Consular,NEW DELHI,26 Jun 2026,1
2026-06-18 14:46:53,Consular,NEW DELHI,26 Jun 2026,1
2026-06-18 14:47:10,Consular,NEW DELHI,26 Jun 2026,1
2026-06-18 14:47:27,Consular,NEW DELHI,26 Jun 2026,1
2026-06-18 14:47:45,Consular,NEW DELHI,26 Jun 2026,1
2026-06-18 14:48:03,Consular,NEW DELHI,26 Jun 2026,1
2026-06-18 14:48:20,Consular,NEW DELHI,26 Jun 2026,1
2026-06-18 14:48:40,Consular,NEW DELHI,26 Jun 2026,1
2026-06-18 14:49:00,Consular,NEW DELHI,26 Jun 2026,1
2026-06-18 14:49:17,Consular,NEW DELHI,26 Jun 2026,1
2026-06-18 14:49:34,Consular,NEW DELHI,26 Jun 2026,1
2026-06-18 14:49:50,Consular,NEW DELHI,26 Jun 2026,1
2026-06-18 14:50:09,Consular,NEW DELHI,26 Jun 2026,1
2026-06-18 14:50:29,Consular,NEW DELHI,26 Jun 2026,1
2026-06-18 14:50:49,Consular,NEW DELHI,26 Jun 2026,1
2026-06-18 14:51:08,Consular,NEW DELHI,26 Jun 2026,1
2026-06-18 14:51:27,Consular,NEW DELHI,26 Jun 2026,1
2026-06-18 14:51:45,Consular,NEW DELHI,26 Jun 2026,1
2026-06-18 14:56:19,OFC,MUMBAI VAC,21 Jun 2026,2
2026-06-18 14:56:36,OFC,CHENNAI VAC,04 Jan 2027,4
2026-06-18 14:56:54,OFC,CHENNAI VAC,04 Jan 2027,4
2026-06-18 14:56:54,Consular,NEW DELHI,26 Jun 2026,1
2026-06-18 14:57:12,OFC,CHENNAI VAC,04 Jan 2027,4
2026-06-18 14:57:12,Consular,NEW DELHI,26 Jun 2026,1
2026-06-18 14:57:31,OFC,CHENNAI VAC,04 Jan 2027,4
2026-06-18 14:57:31,Consular,NEW DELHI,26 Jun 2026,1
2026-06-18 14:57:51,OFC,CHENNAI VAC,05 Jan 2027,3
2026-06-18 14:57:51,Consular,NEW DELHI,26 Jun 2026,1
2026-06-18 14:58:25,OFC,CHENNAI VAC,05 Jan 2027,3
2026-06-18 14:58:44,OFC,CHENNAI VAC,05 Jan 2027,3
2026-06-18 14:59:00,OFC,CHENNAI VAC,05 Jan 2027,3
2026-06-18 14:59:20,OFC,CHENNAI VAC,05 Jan 2027,3
2026-06-18 14:59:56,OFC,CHENNAI VAC,05 Jan 2027,3
2026-06-18 15:00:15,OFC,CHENNAI VAC,05 Jan 2027,3
2026-06-18 15:00:15,OFC,NEW DELHI VAC,22 Jun 2026,4
2026-06-18 15:00:33,OFC,CHENNAI VAC,05 Jan 2027,3
2026-06-18 15:00:33,OFC,HYDERABAD VAC,26 Jun 2026,1
2026-06-18 15:01:11,OFC,CHENNAI VAC,06 Jan 2027,2
2026-06-18 15:01:31,OFC,CHENNAI VAC,06 Jan 2027,2
2026-06-18 15:01:47,OFC,CHENNAI VAC,28 Jun 2026,5
2026-06-18 15:02:07,OFC,CHENNAI VAC,06 Jan 2027,2
2026-06-18 15:02:26,OFC,CHENNAI VAC,28 Jun 2026,5
2026-06-18 15:02:43,OFC,CHENNAI VAC,28 Jun 2026,5
2026-06-18 15:03:18,OFC,CHENNAI VAC,06 Jan 2027,2
2026-06-18 15:03:34,OFC,CHENNAI VAC,06 Jan 2027,2
2026-06-18 15:03:51,OFC,CHENNAI VAC,28 Jun 2026,5
2026-06-18 15:04:30,OFC,CHENNAI VAC,06 Jan 2027,2
2026-06-18 15:05:05,OFC,CHENNAI VAC,07 Jan 2027,1
2026-06-18 15:25:52,OFC,CHENNAI VAC,16 Nov 2026,3
2026-06-18 15:25:52,OFC,NEW DELHI VAC,03 Dec 2026,3
2026-06-18 15:26:11,OFC,CHENNAI VAC,16 Nov 2026,5
2026-06-18 15:26:11,OFC,HYDERABAD VAC,16 Nov 2026,9
2026-06-18 15:26:11,OFC,KOLKATA VAC,17 Nov 2026,8
2026-06-18 15:26:11,OFC,NEW DELHI VAC,03 Dec 2026,4
2026-06-18 15:26:29,OFC,CHENNAI VAC,04 Dec 2026,4
2026-06-18 15:26:29,OFC,HYDERABAD VAC,16 Nov 2026,9
2026-06-18 15:26:29,OFC,KOLKATA VAC,17 Nov 2026,8
2026-06-18 15:26:29,OFC,NEW DELHI VAC,03 Dec 2026,4
2026-06-18 15:26:45,OFC,CHENNAI VAC,08 Dec 2026,3
2026-06-18 15:26:45,OFC,HYDERABAD VAC,16 Nov 2026,9
2026-06-18 15:26:45,OFC,KOLKATA VAC,17 Nov 2026,8
2026-06-18 15:26:45,OFC,NEW DELHI VAC,03 Dec 2026,4
2026-06-18 15:27:03,OFC,CHENNAI VAC,04 Jan 2027,2
2026-06-18 15:27:03,OFC,HYDERABAD VAC,16 Nov 2026,9
2026-06-18 15:27:03,OFC,KOLKATA VAC,17 Nov 2026,8
2026-06-18 15:27:03,OFC,NEW DELHI VAC,08 Dec 2026,2
2026-06-18 15:27:21,OFC,CHENNAI VAC,04 Jan 2027,2
2026-06-18 15:27:21,OFC,HYDERABAD VAC,16 Nov 2026,9
2026-06-18 15:27:21,Consular,NEW DELHI,15 Dec 2026,1
2026-06-18 15:27:39,OFC,CHENNAI VAC,04 Jan 2027,2
2026-06-18 15:27:39,Consular,NEW DELHI,15 Dec 2026,1
2026-06-18 15:27:59,Consular,NEW DELHI,15 Dec 2026,1
2026-06-18 15:28:18,Consular,NEW DELHI,15 Dec 2026,1
2026-06-18 15:28:34,OFC,CHENNAI VAC,04 Jan 2027,2
2026-06-18 15:28:54,OFC,CHENNAI VAC,05 Jan 2027,1
2026-06-18 15:29:12,OFC,CHENNAI VAC,05 Jan 2027,1
2026-06-18 15:30:29,Consular,NEW DELHI,09 Jul 2026,1
2026-06-18 15:30:49,OFC,CHENNAI VAC,28 Jun 2026,1
2026-06-18 15:31:07,OFC,CHENNAI VAC,22 Jun 2026,3
2026-06-18 15:31:07,OFC,KOLKATA VAC,22 Jun 2026,24
2026-06-18 15:31:28,OFC,CHENNAI VAC,28 Jun 2026,1
2026-06-18 15:31:28,Consular,HYDERABAD,30 Jun 2026,1
2026-06-18 15:31:28,Consular,NEW DELHI,09 Jul 2026,1
2026-06-18 15:31:48,OFC,NEW DELHI VAC,06 Aug 2026,1
2026-06-18 15:57:53,OFC,CHENNAI VAC,05 Jan 2027,5
2026-06-18 15:58:32,OFC,CHENNAI VAC,05 Jan 2027,5
2026-06-18 15:58:53,OFC,CHENNAI VAC,05 Jan 2027,5
2026-06-18 15:59:09,OFC,CHENNAI VAC,05 Jan 2027,3
2026-06-18 15:59:25,OFC,CHENNAI VAC,05 Jan 2027,3
2026-06-18 15:59:45,OFC,CHENNAI VAC,06 Jan 2027,2
2026-06-18 16:00:04,OFC,CHENNAI VAC,06 Jan 2027,2
2026-06-18 16:00:24,OFC,CHENNAI VAC,28 Jun 2026,6
2026-06-18 16:00:24,OFC,MUMBAI VAC,21 Jun 2026,1
2026-06-18 16:00:24,OFC,NEW DELHI VAC,21 Jun 2026,5
2026-06-18 16:00:44,OFC,MUMBAI VAC,21 Jun 2026,1
2026-06-18 16:00:44,OFC,NEW DELHI VAC,21 Jun 2026,5
2026-06-18 16:01:04,OFC,CHENNAI VAC,28 Jun 2026,6
2026-06-18 16:01:04,OFC,HYDERABAD VAC,26 Jun 2026,2
2026-06-18 16:01:04,OFC,MUMBAI VAC,21 Jun 2026,1
2026-06-18 16:01:20,OFC,CHENNAI VAC,28 Jun 2026,3
2026-06-18 16:01:20,OFC,HYDERABAD VAC,26 Jun 2026,2
2026-06-18 16:01:36,OFC,CHENNAI VAC,28 Jun 2026,3
2026-06-18 16:01:56,OFC,CHENNAI VAC,28 Jun 2026,3
2026-06-18 16:02:15,OFC,CHENNAI VAC,28 Jun 2026,3
2026-06-18 16:02:33,OFC,CHENNAI VAC,28 Jun 2026,3
2026-06-18 16:02:33,Consular,NEW DELHI,30 Jun 2026,1
2026-06-18 16:02:49,OFC,CHENNAI VAC,28 Jun 2026,6
2026-06-18 16:03:25,OFC,CHENNAI VAC,06 Jan 2027,2
2026-06-18 16:26:02,OFC,CHENNAI VAC,31 Aug 2026,4
2026-06-18 16:26:22,OFC,CHENNAI VAC,31 Aug 2026,3
2026-06-18 16:26:22,OFC,NEW DELHI VAC,04 Jan 2027,1
2026-06-18 16:26:40,OFC,CHENNAI VAC,31 Aug 2026,3
2026-06-18 16:26:58,OFC,CHENNAI VAC,04 Jan 2027,2
2026-06-18 16:26:58,OFC,NEW DELHI VAC,04 Jan 2027,1
2026-06-18 16:27:15,OFC,CHENNAI VAC,04 Jan 2027,2
2026-06-18 16:27:15,OFC,NEW DELHI VAC,04 Jan 2027,1
2026-06-18 16:27:32,OFC,NEW DELHI VAC,04 Jan 2027,1
2026-06-18 16:27:52,OFC,CHENNAI VAC,04 Jan 2027,2
2026-06-18 16:27:52,OFC,NEW DELHI VAC,04 Jan 2027,1
2026-06-18 16:28:31,OFC,CHENNAI VAC,04 Jan 2027,2
2026-06-18 16:28:49,OFC,CHENNAI VAC,05 Jan 2027,1
2026-06-18 16:29:07,OFC,CHENNAI VAC,05 Jan 2027,1
2026-06-18 16:30:23,Consular,NEW DELHI,10 Jul 2026,1
2026-06-18 16:30:43,OFC,CHENNAI VAC,24 Jun 2026,2
2026-06-18 16:30:43,Consular,MUMBAI,13 Jul 2026,1
2026-06-18 16:30:43,OFC,NEW DELHI VAC,21 Jun 2026,1
2026-06-18 16:30:59,OFC,CHENNAI VAC,28 Jun 2026,1
2026-06-18 16:31:16,OFC,CHENNAI VAC,24 Jun 2026,2
2026-06-18 16:56:00,OFC,CHENNAI VAC,08 Jan 2027,9
2026-06-18 16:56:19,OFC,CHENNAI VAC,04 Jan 2027,13
2026-06-18 16:56:19,OFC,NEW DELHI VAC,12 Jan 2027,8
2026-06-18 16:59:53,OFC,CHENNAI VAC,04 Jan 2027,4
2026-06-18 17:00:11,OFC,CHENNAI VAC,04 Jan 2027,4
2026-06-18 17:00:28,OFC,CHENNAI VAC,04 Jan 2027,4
2026-06-18 17:00:44,OFC,CHENNAI VAC,04 Jan 2027,4
2026-06-18 17:00:44,OFC,HYDERABAD VAC,26 Jun 2026,6
2026-06-18 17:00:44,OFC,MUMBAI VAC,23 Jul 2026,2
2026-06-18 17:00:44,OFC,NEW DELHI VAC,22 Jun 2026,2
2026-06-18 17:01:04,OFC,CHENNAI VAC,28 Jun 2026,6
2026-06-18 17:01:04,OFC,HYDERABAD VAC,26 Jun 2026,6
2026-06-18 17:01:04,OFC,NEW DELHI VAC,22 Jun 2026,4
2026-06-18 17:01:20,OFC,CHENNAI VAC,13 Aug 2026,6
2026-06-18 17:01:20,OFC,NEW DELHI VAC,22 Jun 2026,4
2026-06-18 17:01:38,OFC,CHENNAI VAC,28 Jun 2026,9
2026-06-18 17:01:38,OFC,HYDERABAD VAC,26 Jun 2026,6
2026-06-18 17:01:38,OFC,NEW DELHI VAC,22 Jun 2026,4
2026-06-18 17:01:57,OFC,CHENNAI VAC,13 Aug 2026,5
2026-06-18 17:02:18,OFC,CHENNAI VAC,13 Aug 2026,6
2026-06-18 17:02:36,OFC,CHENNAI VAC,13 Aug 2026,5
2026-06-18 17:02:54,OFC,CHENNAI VAC,13 Aug 2026,5
2026-06-18 17:03:13,OFC,CHENNAI VAC,05 Jan 2027,3
2026-06-18 17:03:34,OFC,CHENNAI VAC,05 Jan 2027,3
2026-06-18 17:04:27,OFC,CHENNAI VAC,06 Jan 2027,2
2026-06-18 17:04:45,OFC,CHENNAI VAC,06 Jan 2027,2
2026-06-18 17:05:03,OFC,CHENNAI VAC,06 Jan 2027,2
2026-06-18 17:06:33,OFC,CHENNAI VAC,07 Jan 2027,1
2026-06-18 17:06:50,OFC,NEW DELHI VAC,22 Jun 2026,4
2026-06-18 17:26:18,OFC,CHENNAI VAC,04 Jan 2027,2
2026-06-18 17:26:36,OFC,NEW DELHI VAC,04 Jan 2027,1
2026-06-18 17:26:52,OFC,CHENNAI VAC,04 Jan 2027,2
2026-06-18 17:27:10,OFC,CHENNAI VAC,04 Jan 2027,2
2026-06-18 17:27:31,OFC,CHENNAI VAC,04 Jan 2027,2
2026-06-18 17:27:49,OFC,CHENNAI VAC,04 Jan 2027,2
2026-06-18 17:28:09,OFC,CHENNAI VAC,04 Jan 2027,2
2026-06-18 18:00:22,OFC,CHENNAI VAC,05 Jan 2027,3
2026-06-18 18:00:42,OFC,CHENNAI VAC,07 Jul 2026,4
2026-06-18 18:01:02,OFC,CHENNAI VAC,05 Jan 2027,3
2026-06-18 18:01:19,OFC,CHENNAI VAC,06 Jan 2027,2
2026-06-18 18:01:38,OFC,CHENNAI VAC,06 Jan 2027,2
2026-06-18 18:01:56,OFC,CHENNAI VAC,07 Jan 2027,1
2026-06-18 18:02:14,OFC,CHENNAI VAC,07 Jan 2027,1
2026-06-18 18:56:02,OFC,CHENNAI VAC,08 Oct 2026,14
2026-06-18 18:56:02,OFC,HYDERABAD VAC,06 Oct 2026,6
2026-06-18 18:56:02,OFC,NEW DELHI VAC,13 Oct 2026,13
2026-06-18 18:56:18,OFC,CHENNAI VAC,08 Oct 2026,14
2026-06-18 18:56:18,OFC,NEW DELHI VAC,16 Oct 2026,12
2026-06-18 18:56:36,OFC,CHENNAI VAC,08 Oct 2026,14
2026-06-18 18:56:36,OFC,HYDERABAD VAC,29 Oct 2026,3
2026-06-18 18:56:36,OFC,KOLKATA VAC,27 Oct 2026,1
2026-06-18 18:56:36,OFC,NEW DELHI VAC,02 Nov 2026,10
2026-06-18 18:56:53,OFC,CHENNAI VAC,04 Jan 2027,13
2026-06-18 18:56:53,OFC,KOLKATA VAC,27 Oct 2026,1
2026-06-18 18:56:53,OFC,NEW DELHI VAC,02 Nov 2026,10
2026-06-18 18:57:21,OFC,CHENNAI VAC,05 Jan 2027,3
2026-06-18 18:57:21,OFC,HYDERABAD VAC,30 Oct 2026,2
2026-06-18 18:57:21,OFC,KOLKATA VAC,27 Oct 2026,1
2026-06-18 18:57:21,OFC,NEW DELHI VAC,02 Nov 2026,10
2026-06-18 18:57:39,OFC,CHENNAI VAC,05 Jan 2027,12
2026-06-18 18:57:39,OFC,HYDERABAD VAC,30 Oct 2026,2
2026-06-18 18:57:39,OFC,KOLKATA VAC,27 Oct 2026,1
2026-06-18 18:57:39,OFC,NEW DELHI VAC,02 Nov 2026,10
2026-06-18 18:57:55,OFC,CHENNAI VAC,05 Jan 2027,12
2026-06-18 18:57:55,OFC,HYDERABAD VAC,30 Oct 2026,2
2026-06-18 18:57:55,OFC,KOLKATA VAC,27 Oct 2026,1
2026-06-18 18:57:55,OFC,NEW DELHI VAC,07 Jan 2027,9
2026-06-18 18:58:12,OFC,CHENNAI VAC,06 Jan 2027,2
2026-06-18 18:58:12,OFC,KOLKATA VAC,27 Oct 2026,1
2026-06-18 18:58:28,OFC,CHENNAI VAC,06 Jan 2027,2
2026-06-18 18:58:28,OFC,KOLKATA VAC,27 Oct 2026,1
2026-06-18 18:58:45,OFC,CHENNAI VAC,06 Jan 2027,2
2026-06-18 18:58:45,OFC,KOLKATA VAC,27 Oct 2026,1
2026-06-18 19:26:11,OFC,CHENNAI VAC,08 Dec 2026,3
2026-06-18 19:26:11,OFC,NEW DELHI VAC,07 Dec 2026,2
2026-06-18 19:26:29,OFC,CHENNAI VAC,04 Jan 2027,2
2026-06-18 19:26:29,OFC,NEW DELHI VAC,07 Dec 2026,3
2026-06-18 19:26:49,OFC,CHENNAI VAC,04 Jan 2027,2
2026-06-18 19:26:49,OFC,NEW DELHI VAC,07 Dec 2026,3
2026-06-18 19:27:06,OFC,CHENNAI VAC,04 Jan 2027,2
2026-06-18 19:27:06,OFC,NEW DELHI VAC,08 Dec 2026,2
2026-06-18 19:27:24,OFC,CHENNAI VAC,04 Jan 2027,2
2026-06-18 19:27:24,OFC,NEW DELHI VAC,04 Jan 2027,1
2026-06-18 19:27:43,OFC,CHENNAI VAC,04 Jan 2027,2
2026-06-18 19:28:00,OFC,CHENNAI VAC,05 Jan 2027,1
2026-06-18 19:28:20,OFC,CHENNAI VAC,05 Jan 2027,1
2026-06-18 19:56:13,OFC,CHENNAI VAC,04 Jan 2027,4
2026-06-18 19:56:30,OFC,CHENNAI VAC,04 Jan 2027,4
2026-06-18 19:56:45,OFC,CHENNAI VAC,04 Jan 2027,4
2026-06-18 19:57:06,OFC,CHENNAI VAC,04 Jan 2027,4
2026-06-18 19:57:24,OFC,CHENNAI VAC,04 Jan 2027,4
2026-06-18 19:57:40,OFC,CHENNAI VAC,04 Jan 2027,4
2026-06-18 19:57:57,OFC,CHENNAI VAC,04 Jan 2027,4
2026-06-18 19:58:15,OFC,CHENNAI VAC,04 Jan 2027,4
2026-06-18 19:58:33,OFC,CHENNAI VAC,04 Jan 2027,4
2026-06-18 19:58:52,OFC,CHENNAI VAC,05 Jan 2027,3
2026-06-18 19:59:13,OFC,CHENNAI VAC,06 Jan 2027,2
2026-06-18 19:59:33,OFC,CHENNAI VAC,06 Jan 2027,2
2026-06-18 19:59:50,OFC,CHENNAI VAC,06 Jan 2027,2
2026-06-18 20:00:08,OFC,CHENNAI VAC,06 Jan 2027,2
2026-06-18 20:00:25,OFC,CHENNAI VAC,06 Jan 2027,2
2026-06-18 20:00:25,OFC,MUMBAI VAC,28 Jun 2026,1
2026-06-18 20:00:25,OFC,NEW DELHI VAC,25 Jun 2026,2
2026-06-18 20:00:44,OFC,CHENNAI VAC,06 Jan 2027,1
2026-06-18 20:00:44,Consular,NEW DELHI,08 Jul 2026,1
2026-06-18 20:01:00,OFC,CHENNAI VAC,06 Jan 2027,1
2026-06-18 20:01:00,OFC,HYDERABAD VAC,26 Jun 2026,2
2026-06-18 20:01:00,Consular,NEW DELHI,08 Jul 2026,1
2026-06-18 20:01:16,Consular,NEW DELHI,08 Jul 2026,1
2026-06-18 20:26:03,OFC,CHENNAI VAC,08 Oct 2026,16
2026-06-18 20:26:03,OFC,HYDERABAD VAC,06 Oct 2026,18
2026-06-18 20:26:03,OFC,KOLKATA VAC,14 Oct 2026,13
2026-06-18 20:26:03,OFC,NEW DELHI VAC,13 Oct 2026,17
2026-06-18 20:26:23,OFC,CHENNAI VAC,08 Oct 2026,16
2026-06-18 20:26:23,OFC,HYDERABAD VAC,06 Oct 2026,18
2026-06-18 20:26:23,OFC,KOLKATA VAC,14 Oct 2026,13
2026-06-18 20:26:23,OFC,MUMBAI VAC,11 Dec 2026,1
2026-06-18 20:26:23,OFC,NEW DELHI VAC,23 Oct 2026,16
2026-06-18 20:26:40,OFC,CHENNAI VAC,04 Jan 2027,2
2026-06-18 20:26:40,OFC,HYDERABAD VAC,06 Oct 2026,18
2026-06-18 20:26:40,OFC,KOLKATA VAC,14 Oct 2026,13
2026-06-18 20:26:40,OFC,MUMBAI VAC,11 Dec 2026,1
2026-06-18 20:26:40,OFC,NEW DELHI VAC,23 Oct 2026,16
2026-06-18 20:26:59,OFC,CHENNAI VAC,04 Nov 2026,15
2026-06-18 20:26:59,OFC,KOLKATA VAC,14 Oct 2026,13
2026-06-18 20:26:59,OFC,MUMBAI VAC,11 Dec 2026,1
2026-06-18 20:26:59,OFC,NEW DELHI VAC,04 Jan 2027,14
2026-06-18 20:27:18,OFC,CHENNAI VAC,05 Jan 2027,1
2026-06-18 20:27:18,OFC,HYDERABAD VAC,04 Nov 2026,15
2026-06-18 20:27:18,OFC,KOLKATA VAC,14 Oct 2026,13
2026-06-18 20:27:18,OFC,NEW DELHI VAC,04 Jan 2027,14
2026-06-18 20:27:35,OFC,CHENNAI VAC,05 Jan 2027,12
2026-06-18 20:27:35,OFC,HYDERABAD VAC,04 Nov 2026,15
2026-06-18 20:27:35,OFC,KOLKATA VAC,06 Nov 2026,12
2026-06-18 20:27:35,OFC,NEW DELHI VAC,04 Jan 2027,14
2026-06-18 20:27:54,OFC,CHENNAI VAC,05 Jan 2027,12
2026-06-18 20:27:54,OFC,HYDERABAD VAC,04 Nov 2026,15
2026-06-18 20:27:54,OFC,KOLKATA VAC,06 Nov 2026,12
2026-06-18 20:27:54,OFC,NEW DELHI VAC,04 Jan 2027,14
2026-06-18 20:28:12,OFC,CHENNAI VAC,05 Jan 2027,12
2026-06-18 20:28:12,OFC,HYDERABAD VAC,04 Nov 2026,15
2026-06-18 20:28:12,OFC,KOLKATA VAC,06 Nov 2026,12
2026-06-18 20:28:12,OFC,NEW DELHI VAC,04 Jan 2027,14
2026-06-18 20:28:31,OFC,CHENNAI VAC,19 Jan 2027,11
2026-06-18 20:28:31,OFC,HYDERABAD VAC,04 Nov 2026,15
2026-06-18 20:28:31,OFC,KOLKATA VAC,06 Nov 2026,12
2026-06-18 20:28:31,OFC,NEW DELHI VAC,12 Jan 2027,13
2026-06-18 20:28:49,OFC,CHENNAI VAC,19 Jan 2027,11
2026-06-18 20:28:49,OFC,HYDERABAD VAC,04 Nov 2026,15
2026-06-18 20:28:49,OFC,KOLKATA VAC,06 Nov 2026,12
2026-06-18 20:28:49,OFC,NEW DELHI VAC,12 Jan 2027,13
2026-06-18 20:29:08,OFC,CHENNAI VAC,19 Jan 2027,11
2026-06-18 20:29:08,OFC,HYDERABAD VAC,04 Nov 2026,15
2026-06-18 20:29:08,OFC,KOLKATA VAC,06 Nov 2026,12
2026-06-18 20:29:08,OFC,NEW DELHI VAC,12 Jan 2027,13
2026-06-18 20:29:27,OFC,CHENNAI VAC,19 Jan 2027,11
2026-06-18 20:29:27,OFC,HYDERABAD VAC,05 Nov 2026,14
2026-06-18 20:29:27,OFC,KOLKATA VAC,06 Nov 2026,12
2026-06-18 20:29:27,OFC,NEW DELHI VAC,12 Jan 2027,13
2026-06-18 20:29:44,OFC,CHENNAI VAC,19 Jan 2027,11
2026-06-18 20:29:44,OFC,HYDERABAD VAC,05 Nov 2026,14
2026-06-18 20:29:44,OFC,KOLKATA VAC,06 Nov 2026,12
2026-06-18 20:29:44,OFC,NEW DELHI VAC,12 Jan 2027,13
2026-06-18 20:30:01,OFC,CHENNAI VAC,19 Jan 2027,11
2026-06-18 20:30:01,OFC,HYDERABAD VAC,05 Nov 2026,14
2026-06-18 20:30:01,OFC,KOLKATA VAC,06 Nov 2026,12
2026-06-18 20:30:01,OFC,NEW DELHI VAC,12 Jan 2027,13
2026-06-18 20:30:17,OFC,CHENNAI VAC,07 Jul 2026,12
2026-06-18 20:30:17,OFC,HYDERABAD VAC,05 Nov 2026,14
2026-06-18 20:30:17,OFC,KOLKATA VAC,06 Nov 2026,12
2026-06-18 20:30:17,OFC,NEW DELHI VAC,13 Jul 2026,14
2026-06-18 20:30:36,OFC,CHENNAI VAC,19 Jan 2027,11
2026-06-18 20:30:36,OFC,HYDERABAD VAC,05 Nov 2026,14
2026-06-18 20:30:36,OFC,KOLKATA VAC,06 Nov 2026,12
2026-06-18 20:30:36,OFC,NEW DELHI VAC,13 Jul 2026,14
2026-06-18 20:30:56,OFC,CHENNAI VAC,19 Jan 2027,11
2026-06-18 20:30:56,OFC,HYDERABAD VAC,05 Nov 2026,14
2026-06-18 20:30:56,OFC,KOLKATA VAC,06 Nov 2026,12
2026-06-18 20:31:15,OFC,HYDERABAD VAC,05 Nov 2026,14
2026-06-18 20:31:15,OFC,KOLKATA VAC,06 Nov 2026,12
2026-06-18 20:31:35,OFC,KOLKATA VAC,06 Nov 2026,12
2026-06-18 20:31:35,Consular,NEW DELHI,04 Dec 2026,1
2026-06-18 20:31:55,Consular,NEW DELHI,04 Dec 2026,1
2026-06-18 20:32:14,Consular,NEW DELHI,04 Dec 2026,1
2026-06-18 20:32:32,Consular,NEW DELHI,04 Dec 2026,1
2026-06-18 20:32:48,Consular,NEW DELHI,04 Dec 2026,1
2026-06-18 20:56:13,OFC,CHENNAI VAC,04 Jan 2027,14
2026-06-18 20:56:13,OFC,NEW DELHI VAC,02 Nov 2026,11
2026-06-18 20:56:33,OFC,CHENNAI VAC,04 Jan 2027,14
2026-06-18 20:56:33,OFC,NEW DELHI VAC,14 Jan 2027,10
2026-06-18 20:56:51,OFC,CHENNAI VAC,04 Jan 2027,14
2026-06-18 20:56:51,OFC,NEW DELHI VAC,14 Jan 2027,10
2026-06-18 20:57:09,OFC,CHENNAI VAC,04 Jan 2027,14
2026-06-18 20:57:09,OFC,NEW DELHI VAC,14 Jan 2027,10
2026-06-18 20:57:25,OFC,CHENNAI VAC,06 Jan 2027,2
2026-06-18 20:57:25,OFC,NEW DELHI VAC,14 Jan 2027,10
2026-06-18 20:57:45,OFC,CHENNAI VAC,06 Jan 2027,2
2026-06-18 20:57:45,OFC,NEW DELHI VAC,14 Jan 2027,10
2026-06-18 20:58:05,OFC,CHENNAI VAC,07 Jan 2027,1
2026-06-18 20:58:05,OFC,NEW DELHI VAC,14 Jan 2027,10
2026-06-18 20:58:26,OFC,CHENNAI VAC,07 Jan 2027,1
2026-06-18 20:58:26,OFC,NEW DELHI VAC,14 Jan 2027,10
2026-06-18 20:59:59,OFC,CHENNAI VAC,07 Jan 2027,1
2026-06-18 21:00:19,OFC,CHENNAI VAC,13 Aug 2026,8
2026-06-18 21:00:37,OFC,CHENNAI VAC,13 Aug 2026,8
2026-06-18 21:00:37,OFC,NEW DELHI VAC,25 Jun 2026,3
2026-06-18 21:00:56,OFC,CHENNAI VAC,13 Aug 2026,7
2026-06-18 21:01:15,OFC,CHENNAI VAC,13 Aug 2026,7
2026-06-18 21:01:35,OFC,CHENNAI VAC,06 Jan 2027,1
2026-06-18 21:01:55,OFC,CHENNAI VAC,06 Jan 2027,1
2026-06-18 21:26:00,OFC,CHENNAI VAC,04 Jan 2027,5
2026-06-18 21:26:00,OFC,NEW DELHI VAC,07 Jan 2027,2
2026-06-18 21:26:20,OFC,CHENNAI VAC,04 Jan 2027,5
2026-06-18 21:26:20,OFC,MUMBAI VAC,11 Dec 2026,1
2026-06-18 21:26:20,OFC,NEW DELHI VAC,04 Jan 2027,5
2026-06-18 21:26:36,OFC,CHENNAI VAC,05 Jan 2027,4
2026-06-18 21:26:36,OFC,MUMBAI VAC,11 Dec 2026,1
2026-06-18 21:26:36,OFC,NEW DELHI VAC,04 Jan 2027,5
2026-06-18 21:26:54,OFC,CHENNAI VAC,05 Jan 2027,4
2026-06-18 21:26:54,OFC,MUMBAI VAC,11 Dec 2026,1
2026-06-18 21:26:54,OFC,NEW DELHI VAC,04 Jan 2027,5
2026-06-18 21:27:11,OFC,CHENNAI VAC,05 Jan 2027,4
2026-06-18 21:27:11,OFC,NEW DELHI VAC,04 Jan 2027,5
2026-06-18 21:27:31,OFC,CHENNAI VAC,05 Jan 2027,4
2026-06-18 21:27:31,OFC,NEW DELHI VAC,04 Jan 2027,5
2026-06-18 21:27:50,OFC,CHENNAI VAC,05 Jan 2027,4
2026-06-18 21:27:50,OFC,NEW DELHI VAC,19 Jan 2027,1
2026-06-18 21:28:10,OFC,CHENNAI VAC,05 Jan 2027,4
2026-06-18 21:28:10,OFC,NEW DELHI VAC,19 Jan 2027,1
2026-06-18 21:28:26,OFC,CHENNAI VAC,05 Jan 2027,4
2026-06-18 21:28:26,OFC,NEW DELHI VAC,19 Jan 2027,1
2026-06-18 21:28:45,OFC,CHENNAI VAC,05 Jan 2027,4
2026-06-18 21:28:45,OFC,NEW DELHI VAC,19 Jan 2027,1
2026-06-18 21:29:04,OFC,CHENNAI VAC,05 Jan 2027,4
2026-06-18 21:29:04,OFC,NEW DELHI VAC,19 Jan 2027,1
2026-06-18 21:29:20,OFC,NEW DELHI VAC,19 Jan 2027,1
2026-06-18 21:29:38,OFC,NEW DELHI VAC,19 Jan 2027,1
2026-06-18 21:30:17,OFC,HYDERABAD VAC,02 Jul 2026,3
2026-06-18 21:30:35,OFC,HYDERABAD VAC,13 Jul 2026,6
2026-06-18 21:30:35,OFC,MUMBAI VAC,28 Jun 2026,2
2026-06-18 21:30:35,OFC,NEW DELHI VAC,08 Dec 2026,1
2026-06-18 21:30:53,OFC,CHENNAI VAC,28 Jun 2026,6
2026-06-18 21:30:53,OFC,HYDERABAD VAC,30 Nov 2026,4
2026-06-18 21:30:53,OFC,MUMBAI VAC,28 Jun 2026,1
2026-06-18 21:30:53,Consular,NEW DELHI,09 Jul 2026,2
2026-06-18 21:30:53,OFC,NEW DELHI VAC,08 Dec 2026,1
2026-06-18 21:31:11,OFC,CHENNAI VAC,28 Jun 2026,6
2026-06-18 21:31:11,OFC,HYDERABAD VAC,13 Jul 2026,6
2026-06-18 21:31:11,OFC,MUMBAI VAC,28 Jun 2026,2
2026-06-18 21:31:11,Consular,NEW DELHI,09 Jul 2026,2
2026-06-18 21:31:32,OFC,CHENNAI VAC,28 Jun 2026,6
2026-06-18 21:31:32,OFC,HYDERABAD VAC,30 Nov 2026,4
2026-06-18 21:31:32,OFC,MUMBAI VAC,28 Jun 2026,2
2026-06-18 21:31:32,Consular,NEW DELHI,09 Jul 2026,2
2026-06-18 21:31:48,OFC,CHENNAI VAC,28 Jun 2026,6
2026-06-18 21:31:48,OFC,HYDERABAD VAC,30 Nov 2026,4
2026-06-18 21:31:48,OFC,MUMBAI VAC,28 Jun 2026,2
2026-06-18 21:31:48,Consular,NEW DELHI,09 Jul 2026,2
2026-06-18 21:32:08,OFC,CHENNAI VAC,28 Jun 2026,6
2026-06-18 21:32:08,OFC,MUMBAI VAC,28 Jun 2026,2
2026-06-18 21:32:25,OFC,CHENNAI VAC,28 Jun 2026,6
2026-06-18 21:32:25,OFC,MUMBAI VAC,28 Jun 2026,2
2026-06-18 21:32:40,OFC,CHENNAI VAC,28 Jun 2026,6
2026-06-18 21:32:40,OFC,MUMBAI VAC,28 Jun 2026,2
2026-06-18 21:32:57,OFC,CHENNAI VAC,28 Jun 2026,6
2026-06-18 21:32:57,OFC,MUMBAI VAC,28 Jun 2026,2
2026-06-18 21:56:19,OFC,CHENNAI VAC,04 Jan 2027,4
2026-06-18 21:56:38,OFC,CHENNAI VAC,04 Jan 2027,4
2026-06-18 21:56:58,OFC,CHENNAI VAC,04 Jan 2027,4
2026-06-18 21:57:18,OFC,CHENNAI VAC,04 Jan 2027,4
2026-06-18 21:57:37,OFC,CHENNAI VAC,04 Jan 2027,4
2026-06-18 21:57:56,OFC,CHENNAI VAC,06 Jan 2027,2
2026-06-18 21:58:13,OFC,CHENNAI VAC,06 Jan 2027,2
2026-06-18 21:58:29,OFC,CHENNAI VAC,06 Jan 2027,2
2026-06-18 21:58:50,OFC,CHENNAI VAC,06 Jan 2027,2
2026-06-18 21:59:10,OFC,CHENNAI VAC,06 Jan 2027,2
2026-06-18 21:59:19,OFC,CHENNAI VAC,06 Jan 2027,2
2026-06-18 21:59:37,OFC,CHENNAI VAC,06 Jan 2027,2
2026-06-18 21:59:57,OFC,CHENNAI VAC,06 Jan 2027,2
2026-06-18 22:00:15,OFC,CHENNAI VAC,06 Jan 2027,2
2026-06-18 22:00:34,OFC,NEW DELHI VAC,25 Jun 2026,1
2026-06-18 22:26:27,OFC,HYDERABAD VAC,06 Oct 2026,6
2026-06-18 22:26:27,OFC,MUMBAI VAC,11 Dec 2026,1
2026-06-18 22:26:27,OFC,NEW DELHI VAC,23 Oct 2026,15
2026-06-18 22:26:44,OFC,HYDERABAD VAC,08 Oct 2026,5
2026-06-18 22:26:44,OFC,MUMBAI VAC,11 Dec 2026,1
2026-06-18 22:26:44,OFC,NEW DELHI VAC,23 Oct 2026,15
2026-06-18 22:27:01,OFC,HYDERABAD VAC,08 Oct 2026,5
2026-06-18 22:27:01,OFC,NEW DELHI VAC,23 Oct 2026,15
2026-06-18 22:27:18,OFC,CHENNAI VAC,04 Jan 2027,12
2026-06-18 22:27:18,OFC,HYDERABAD VAC,08 Oct 2026,5
2026-06-18 22:27:18,OFC,NEW DELHI VAC,02 Nov 2026,14
2026-06-18 22:27:34,OFC,CHENNAI VAC,04 Jan 2027,12
2026-06-18 22:27:34,OFC,HYDERABAD VAC,08 Oct 2026,5
2026-06-18 22:27:34,OFC,NEW DELHI VAC,02 Nov 2026,14
2026-06-18 22:27:51,OFC,CHENNAI VAC,04 Jan 2027,12
2026-06-18 22:27:51,OFC,HYDERABAD VAC,08 Oct 2026,5
2026-06-18 22:27:51,OFC,NEW DELHI VAC,02 Nov 2026,14
2026-06-18 22:28:07,OFC,CHENNAI VAC,04 Jan 2027,12
2026-06-18 22:28:07,OFC,HYDERABAD VAC,08 Oct 2026,5
2026-06-18 22:28:07,OFC,NEW DELHI VAC,02 Nov 2026,14
2026-06-18 22:28:27,OFC,CHENNAI VAC,04 Jan 2027,12
2026-06-18 22:28:27,OFC,HYDERABAD VAC,08 Oct 2026,5
2026-06-18 22:28:27,OFC,NEW DELHI VAC,04 Jan 2027,12
2026-06-18 22:28:46,OFC,CHENNAI VAC,04 Jan 2027,12
2026-06-18 22:28:46,OFC,HYDERABAD VAC,08 Oct 2026,5
2026-06-18 22:29:06,OFC,HYDERABAD VAC,30 Oct 2026,2
2026-06-18 22:29:24,OFC,HYDERABAD VAC,30 Oct 2026,2
2026-06-18 22:29:24,OFC,KOLKATA VAC,27 Oct 2026,1
2026-06-18 22:29:40,OFC,HYDERABAD VAC,30 Oct 2026,2
2026-06-18 22:29:40,OFC,KOLKATA VAC,27 Oct 2026,1
2026-06-18 22:30:18,OFC,HYDERABAD VAC,02 Jul 2026,17
2026-06-18 22:30:18,OFC,NEW DELHI VAC,25 Jun 2026,5
2026-06-18 22:30:34,OFC,CHENNAI VAC,28 Jun 2026,7
2026-06-18 22:30:34,OFC,HYDERABAD VAC,02 Jul 2026,17
2026-06-18 22:30:34,OFC,NEW DELHI VAC,25 Jun 2026,5
2026-06-18 22:30:51,OFC,CHENNAI VAC,28 Jun 2026,7
2026-06-18 22:30:51,OFC,HYDERABAD VAC,02 Jul 2026,17
2026-06-18 22:30:51,OFC,NEW DELHI VAC,25 Jun 2026,5
2026-06-18 22:31:07,OFC,CHENNAI VAC,28 Jun 2026,7
2026-06-18 22:31:07,OFC,HYDERABAD VAC,02 Jul 2026,17
2026-06-18 22:31:07,OFC,NEW DELHI VAC,25 Jun 2026,5
2026-06-18 22:31:28,OFC,CHENNAI VAC,28 Jun 2026,7
2026-06-18 22:31:28,OFC,HYDERABAD VAC,02 Jul 2026,17
2026-06-18 22:31:28,OFC,NEW DELHI VAC,25 Jun 2026,5
2026-06-18 22:31:46,OFC,HYDERABAD VAC,02 Jul 2026,17
2026-06-18 22:56:18,OFC,CHENNAI VAC,04 Jan 2027,13
2026-06-18 22:56:18,OFC,NEW DELHI VAC,07 Jan 2027,10
2026-06-18 22:56:36,OFC,CHENNAI VAC,04 Jan 2027,13
2026-06-18 22:56:36,OFC,NEW DELHI VAC,07 Jan 2027,10
2026-06-18 22:56:54,OFC,CHENNAI VAC,04 Jan 2027,13
2026-06-18 22:56:54,OFC,NEW DELHI VAC,12 Jan 2027,9
2026-06-18 22:57:10,OFC,CHENNAI VAC,04 Jan 2027,13
2026-06-18 22:57:10,OFC,NEW DELHI VAC,13 Jan 2027,8
2026-06-18 22:57:28,OFC,CHENNAI VAC,04 Jan 2027,13
2026-06-18 22:57:28,OFC,NEW DELHI VAC,14 Jan 2027,7
2026-06-18 22:57:48,OFC,CHENNAI VAC,04 Jan 2027,13
2026-06-18 22:57:48,OFC,NEW DELHI VAC,14 Jan 2027,7
2026-06-18 22:58:07,OFC,CHENNAI VAC,04 Jan 2027,13
2026-06-18 22:58:07,OFC,NEW DELHI VAC,14 Jan 2027,7
2026-06-18 22:58:25,OFC,CHENNAI VAC,04 Jan 2027,13
2026-06-18 22:58:41,OFC,CHENNAI VAC,04 Jan 2027,13
2026-06-18 22:58:57,OFC,CHENNAI VAC,04 Jan 2027,13
2026-06-18 22:59:14,OFC,CHENNAI VAC,04 Jan 2027,13
2026-06-18 22:59:33,OFC,CHENNAI VAC,04 Jan 2027,13
2026-06-18 22:59:49,OFC,CHENNAI VAC,04 Jan 2027,13
2026-06-18 23:00:26,OFC,HYDERABAD VAC,26 Jun 2026,1
2026-06-18 23:26:09,OFC,CHENNAI VAC,16 Nov 2026,8
2026-06-18 23:26:25,OFC,CHENNAI VAC,04 Dec 2026,7
2026-06-18 23:26:41,OFC,CHENNAI VAC,04 Dec 2026,7
2026-06-18 23:26:58,OFC,CHENNAI VAC,04 Dec 2026,7
2026-06-18 23:27:16,OFC,CHENNAI VAC,04 Dec 2026,7
2026-06-18 23:27:36,OFC,CHENNAI VAC,04 Dec 2026,7
2026-06-18 23:27:55,OFC,CHENNAI VAC,04 Dec 2026,7
2026-06-18 23:28:12,OFC,CHENNAI VAC,04 Dec 2026,7
2026-06-18 23:28:28,OFC,CHENNAI VAC,04 Dec 2026,2
2026-06-18 23:28:28,OFC,HYDERABAD VAC,12 Nov 2026,13
2026-06-18 23:28:47,OFC,CHENNAI VAC,04 Dec 2026,2
2026-06-18 23:28:47,OFC,HYDERABAD VAC,12 Nov 2026,13
2026-06-18 23:29:04,OFC,CHENNAI VAC,05 Jan 2027,1
2026-06-18 23:29:04,OFC,HYDERABAD VAC,12 Nov 2026,13
2026-06-18 23:29:25,OFC,CHENNAI VAC,05 Jan 2027,1
2026-06-18 23:29:25,OFC,HYDERABAD VAC,12 Nov 2026,13
2026-06-18 23:31:06,OFC,CHENNAI VAC,28 Jun 2026,10
2026-06-18 23:31:06,OFC,MUMBAI VAC,28 Jun 2026,1
2026-06-18 23:31:22,OFC,CHENNAI VAC,28 Jun 2026,10
2026-06-18 23:31:22,OFC,MUMBAI VAC,28 Jun 2026,1
2026-06-18 23:31:22,OFC,NEW DELHI VAC,20 Jan 2027,3
2026-06-18 23:31:43,OFC,CHENNAI VAC,28 Jun 2026,10
2026-06-18 23:31:43,OFC,MUMBAI VAC,28 Jun 2026,1
2026-06-18 23:31:43,OFC,NEW DELHI VAC,20 Jan 2027,3
2026-06-18 23:31:59,OFC,CHENNAI VAC,08 Jan 2027,7
2026-06-18 23:31:59,OFC,NEW DELHI VAC,20 Jan 2027,3
2026-06-18 23:32:16,OFC,CHENNAI VAC,08 Jan 2027,7
2026-06-18 23:32:16,OFC,NEW DELHI VAC,20 Jan 2027,3
2026-06-18 23:32:33,OFC,CHENNAI VAC,08 Jan 2027,7
2026-06-18 23:32:33,OFC,NEW DELHI VAC,20 Jan 2027,3
2026-06-18 23:32:50,OFC,CHENNAI VAC,08 Jan 2027,7
2026-06-18 23:32:50,OFC,NEW DELHI VAC,20 Jan 2027,3
2026-06-18 23:33:09,OFC,CHENNAI VAC,08 Jan 2027,7
2026-06-18 23:33:09,OFC,NEW DELHI VAC,20 Jan 2027,3
2026-06-18 23:33:25,OFC,CHENNAI VAC,08 Jan 2027,7
2026-06-18 23:33:25,OFC,NEW DELHI VAC,20 Jan 2027,3
2026-06-18 23:33:44,OFC,CHENNAI VAC,08 Jan 2027,7
2026-06-18 23:33:44,OFC,NEW DELHI VAC,20 Jan 2027,3
2026-06-18 23:34:02,OFC,CHENNAI VAC,08 Jan 2027,7
2026-06-18 23:34:02,OFC,NEW DELHI VAC,20 Jan 2027,3
2026-06-18 23:34:23,OFC,NEW DELHI VAC,20 Jan 2027,3
2026-06-18 23:56:13,OFC,CHENNAI VAC,04 Jan 2027,4
2026-06-18 23:56:32,OFC,CHENNAI VAC,04 Jan 2027,4
2026-06-18 23:56:48,OFC,CHENNAI VAC,04 Jan 2027,4
2026-06-18 23:57:06,OFC,CHENNAI VAC,04 Jan 2027,4
2026-06-18 23:57:23,OFC,CHENNAI VAC,04 Jan 2027,4
2026-06-18 23:57:43,OFC,CHENNAI VAC,04 Jan 2027,4
2026-06-18 23:58:00,OFC,CHENNAI VAC,04 Jan 2027,4
2026-06-18 23:58:18,OFC,CHENNAI VAC,04 Jan 2027,4
2026-06-18 23:58:35,OFC,CHENNAI VAC,04 Jan 2027,4
2026-06-18 23:58:52,OFC,CHENNAI VAC,04 Jan 2027,4
2026-06-18 23:59:10,OFC,CHENNAI VAC,05 Jan 2027,3
2026-06-18 23:59:27,OFC,CHENNAI VAC,05 Jan 2027,3
2026-06-18 23:59:44,OFC,CHENNAI VAC,05 Jan 2027,3
2026-06-19 00:00:05,OFC,CHENNAI VAC,05 Jan 2027,3
2026-06-19 00:00:23,OFC,CHENNAI VAC,06 Jan 2027,2
2026-06-19 00:00:23,OFC,MUMBAI VAC,27 Jul 2026,1
2026-06-19 00:00:23,Consular,NEW DELHI,06 Jul 2026,2
2026-06-19 00:00:40,OFC,CHENNAI VAC,10 Nov 2026,4
2026-06-19 00:00:40,OFC,HYDERABAD VAC,26 Jun 2026,15
2026-06-19 00:00:40,OFC,MUMBAI VAC,27 Jul 2026,1
2026-06-19 00:00:40,Consular,NEW DELHI,06 Jul 2026,2
2026-06-19 00:00:59,OFC,CHENNAI VAC,24 Nov 2026,3
2026-06-19 00:00:59,OFC,HYDERABAD VAC,09 Nov 2026,14
2026-06-19 00:00:59,Consular,NEW DELHI,06 Jul 2026,2
2026-06-19 00:01:15,OFC,CHENNAI VAC,24 Nov 2026,3
2026-06-19 00:01:15,OFC,HYDERABAD VAC,09 Nov 2026,14
2026-06-19 00:01:15,Consular,NEW DELHI,06 Jul 2026,2
2026-06-19 00:01:33,OFC,CHENNAI VAC,06 Jan 2027,2
2026-06-19 00:01:33,OFC,HYDERABAD VAC,09 Nov 2026,14
2026-06-19 00:01:33,Consular,NEW DELHI,06 Jul 2026,2
2026-06-19 00:01:53,OFC,CHENNAI VAC,06 Jan 2027,2
2026-06-19 00:01:53,OFC,HYDERABAD VAC,30 Nov 2026,4
2026-06-19 00:01:53,Consular,NEW DELHI,06 Jul 2026,2
2026-06-19 00:02:11,OFC,CHENNAI VAC,06 Jan 2027,2
2026-06-19 00:02:11,OFC,HYDERABAD VAC,30 Nov 2026,4
2026-06-19 00:02:11,Consular,NEW DELHI,06 Jul 2026,2
2026-06-19 00:02:28,OFC,CHENNAI VAC,06 Jan 2027,2
2026-06-19 00:02:28,OFC,HYDERABAD VAC,30 Nov 2026,4
2026-06-19 00:02:28,Consular,NEW DELHI,06 Jul 2026,2
2026-06-19 00:02:48,OFC,CHENNAI VAC,06 Jan 2027,2
2026-06-19 00:02:48,OFC,HYDERABAD VAC,30 Nov 2026,4
2026-06-19 00:02:48,Consular,NEW DELHI,06 Jul 2026,2
2026-06-19 00:03:07,OFC,CHENNAI VAC,06 Jan 2027,2
2026-06-19 00:03:07,OFC,HYDERABAD VAC,30 Nov 2026,4
2026-06-19 00:03:07,Consular,NEW DELHI,06 Jul 2026,2
2026-06-19 00:03:25,OFC,CHENNAI VAC,06 Jan 2027,2
2026-06-19 00:03:25,OFC,HYDERABAD VAC,30 Nov 2026,4
2026-06-19 00:03:25,Consular,NEW DELHI,06 Jul 2026,2
2026-06-19 00:03:41,OFC,CHENNAI VAC,06 Jan 2027,2
2026-06-19 00:03:41,OFC,HYDERABAD VAC,30 Nov 2026,4
2026-06-19 00:03:41,Consular,NEW DELHI,06 Jul 2026,2
2026-06-19 00:03:57,OFC,CHENNAI VAC,06 Jan 2027,2
2026-06-19 00:03:57,OFC,HYDERABAD VAC,30 Nov 2026,4
2026-06-19 00:03:57,Consular,NEW DELHI,06 Jul 2026,2
2026-06-19 00:04:17,OFC,CHENNAI VAC,06 Jan 2027,2
2026-06-19 00:04:17,OFC,HYDERABAD VAC,30 Nov 2026,4
2026-06-19 00:04:17,Consular,NEW DELHI,06 Jul 2026,2
2026-06-19 00:04:33,OFC,CHENNAI VAC,06 Jan 2027,2
2026-06-19 00:04:33,OFC,HYDERABAD VAC,30 Nov 2026,4
2026-06-19 00:04:33,Consular,NEW DELHI,06 Jul 2026,2
2026-06-19 00:04:55,OFC,CHENNAI VAC,06 Jan 2027,2
2026-06-19 00:04:55,Consular,NEW DELHI,06 Jul 2026,2
2026-06-19 00:05:13,Consular,NEW DELHI,06 Jul 2026,2
2026-06-19 00:05:34,Consular,NEW DELHI,06 Jul 2026,2
2026-06-19 00:05:54,Consular,NEW DELHI,06 Jul 2026,2
2026-06-19 00:06:13,Consular,NEW DELHI,06 Jul 2026,2
2026-06-19 00:06:30,Consular,NEW DELHI,06 Jul 2026,2
2026-06-19 00:06:46,Consular,NEW DELHI,06 Jul 2026,2
2026-06-19 00:07:04,Consular,NEW DELHI,06 Jul 2026,2
2026-06-19 00:07:20,Consular,NEW DELHI,06 Jul 2026,2
2026-06-19 00:07:37,Consular,NEW DELHI,06 Jul 2026,2
2026-06-19 00:07:57,Consular,NEW DELHI,06 Jul 2026,2
2026-06-19 00:08:15,Consular,NEW DELHI,06 Jul 2026,2
2026-06-19 00:08:34,Consular,NEW DELHI,06 Jul 2026,2
2026-06-19 00:08:52,Consular,NEW DELHI,06 Jul 2026,2
2026-06-19 00:09:08,Consular,NEW DELHI,06 Jul 2026,2
2026-06-19 00:09:28,Consular,NEW DELHI,06 Jul 2026,2
2026-06-19 00:09:45,Consular,NEW DELHI,06 Jul 2026,2
2026-06-19 00:10:02,Consular,NEW DELHI,06 Jul 2026,2
2026-06-19 00:10:20,Consular,NEW DELHI,06 Jul 2026,2
2026-06-19 00:10:37,Consular,NEW DELHI,06 Jul 2026,2
2026-06-19 00:10:56,Consular,NEW DELHI,06 Jul 2026,2
2026-06-19 00:11:15,Consular,NEW DELHI,06 Jul 2026,2
2026-06-19 00:11:34,Consular,NEW DELHI,06 Jul 2026,2
2026-06-19 00:11:52,Consular,NEW DELHI,06 Jul 2026,2
2026-06-19 00:12:11,Consular,NEW DELHI,06 Jul 2026,2
2026-06-19 00:12:30,Consular,NEW DELHI,06 Jul 2026,2
2026-06-19 00:12:47,Consular,NEW DELHI,06 Jul 2026,2
2026-06-19 00:13:05,Consular,NEW DELHI,06 Jul 2026,2
2026-06-19 00:13:21,Consular,NEW DELHI,06 Jul 2026,2
2026-06-19 00:13:38,Consular,NEW DELHI,06 Jul 2026,2
2026-06-19 00:13:53,Consular,NEW DELHI,06 Jul 2026,2
2026-06-19 00:14:11,Consular,NEW DELHI,06 Jul 2026,2
2026-06-19 00:14:28,Consular,NEW DELHI,06 Jul 2026,2
2026-06-19 00:14:48,Consular,NEW DELHI,06 Jul 2026,2
2026-06-19 00:15:04,Consular,NEW DELHI,06 Jul 2026,2
2026-06-19 00:15:21,Consular,NEW DELHI,06 Jul 2026,2
2026-06-19 00:15:37,Consular,NEW DELHI,06 Jul 2026,2
2026-06-19 00:15:56,Consular,NEW DELHI,06 Jul 2026,2
2026-06-19 00:16:15,Consular,NEW DELHI,06 Jul 2026,2
2026-06-19 00:16:35,Consular,NEW DELHI,06 Jul 2026,2
2026-06-19 00:16:53,Consular,NEW DELHI,06 Jul 2026,2
2026-06-19 00:17:10,Consular,NEW DELHI,06 Jul 2026,2
2026-06-19 00:17:30,Consular,NEW DELHI,06 Jul 2026,2
2026-06-19 00:17:48,Consular,NEW DELHI,06 Jul 2026,2
2026-06-19 00:18:07,Consular,NEW DELHI,06 Jul 2026,2
2026-06-19 00:18:24,Consular,NEW DELHI,06 Jul 2026,2
2026-06-19 00:18:43,Consular,NEW DELHI,06 Jul 2026,2
2026-06-19 00:19:00,Consular,NEW DELHI,06 Jul 2026,2
2026-06-19 00:19:18,Consular,NEW DELHI,06 Jul 2026,2
2026-06-19 00:19:37,Consular,NEW DELHI,06 Jul 2026,2
2026-06-19 00:20:21,Consular,NEW DELHI,06 Jul 2026,2
2026-06-19 00:20:40,Consular,NEW DELHI,06 Jul 2026,2
2026-06-19 00:20:59,Consular,NEW DELHI,06 Jul 2026,2
2026-06-19 00:21:20,Consular,NEW DELHI,06 Jul 2026,2
2026-06-19 00:21:37,Consular,NEW DELHI,06 Jul 2026,2
2026-06-19 00:21:57,Consular,NEW DELHI,06 Jul 2026,2
2026-06-19 00:22:16,Consular,NEW DELHI,06 Jul 2026,2
2026-06-19 00:22:35,Consular,NEW DELHI,06 Jul 2026,2
2026-06-19 00:22:54,Consular,NEW DELHI,06 Jul 2026,2
2026-06-19 00:23:11,Consular,NEW DELHI,06 Jul 2026,2
2026-06-19 00:23:26,Consular,NEW DELHI,06 Jul 2026,2
2026-06-19 00:23:47,Consular,NEW DELHI,06 Jul 2026,2
2026-06-19 00:24:06,Consular,NEW DELHI,06 Jul 2026,2
2026-06-19 00:24:25,Consular,NEW DELHI,06 Jul 2026,2
2026-06-19 00:24:41,Consular,NEW DELHI,06 Jul 2026,2
2026-06-19 00:25:01,Consular,NEW DELHI,06 Jul 2026,2
2026-06-19 00:25:21,Consular,NEW DELHI,06 Jul 2026,2
2026-06-19 00:25:38,Consular,NEW DELHI,06 Jul 2026,2
2026-06-19 00:25:56,Consular,NEW DELHI,06 Jul 2026,2
2026-06-19 00:26:16,OFC,MUMBAI VAC,11 Dec 2026,1
2026-06-19 00:26:16,Consular,NEW DELHI,06 Jul 2026,2
2026-06-19 00:26:36,OFC,CHENNAI VAC,04 Jan 2027,2
2026-06-19 00:26:36,OFC,MUMBAI VAC,11 Dec 2026,1
2026-06-19 00:26:36,Consular,NEW DELHI,06 Jul 2026,2
2026-06-19 00:26:36,OFC,NEW DELHI VAC,04 Jan 2027,1
2026-06-19 00:26:54,OFC,CHENNAI VAC,04 Jan 2027,2
2026-06-19 00:26:54,OFC,MUMBAI VAC,11 Dec 2026,1
2026-06-19 00:26:54,Consular,NEW DELHI,06 Jul 2026,2
2026-06-19 00:26:54,OFC,NEW DELHI VAC,04 Jan 2027,1
2026-06-19 00:27:14,OFC,CHENNAI VAC,04 Jan 2027,2
2026-06-19 00:27:14,Consular,NEW DELHI,06 Jul 2026,2
2026-06-19 00:27:14,OFC,NEW DELHI VAC,04 Jan 2027,1
2026-06-19 00:27:33,OFC,CHENNAI VAC,04 Jan 2027,2
2026-06-19 00:27:33,Consular,NEW DELHI,06 Jul 2026,2
2026-06-19 00:27:33,OFC,NEW DELHI VAC,04 Jan 2027,1
2026-06-19 00:27:53,OFC,CHENNAI VAC,04 Jan 2027,2
2026-06-19 00:27:53,Consular,NEW DELHI,06 Jul 2026,2
2026-06-19 00:27:53,OFC,NEW DELHI VAC,04 Jan 2027,1
2026-06-19 00:28:09,OFC,CHENNAI VAC,04 Jan 2027,2
2026-06-19 00:28:09,Consular,NEW DELHI,06 Jul 2026,2
2026-06-19 00:28:09,OFC,NEW DELHI VAC,04 Jan 2027,1
2026-06-19 00:28:27,OFC,CHENNAI VAC,04 Jan 2027,2
2026-06-19 00:28:27,Consular,NEW DELHI,06 Jul 2026,2
2026-06-19 00:28:27,OFC,NEW DELHI VAC,04 Jan 2027,1
2026-06-19 00:28:45,OFC,CHENNAI VAC,04 Jan 2027,2
2026-06-19 00:28:45,Consular,NEW DELHI,06 Jul 2026,2
2026-06-19 00:28:45,OFC,NEW DELHI VAC,04 Jan 2027,1
2026-06-19 00:29:05,OFC,CHENNAI VAC,04 Jan 2027,2
2026-06-19 00:29:05,Consular,NEW DELHI,06 Jul 2026,2
2026-06-19 00:29:05,OFC,NEW DELHI VAC,04 Jan 2027,1
2026-06-19 00:29:22,OFC,CHENNAI VAC,04 Jan 2027,2
2026-06-19 00:29:22,Consular,NEW DELHI,06 Jul 2026,2
2026-06-19 00:29:22,OFC,NEW DELHI VAC,04 Jan 2027,1
2026-06-19 00:29:40,OFC,CHENNAI VAC,04 Jan 2027,2
2026-06-19 00:29:40,Consular,NEW DELHI,06 Jul 2026,2
2026-06-19 00:29:40,OFC,NEW DELHI VAC,04 Jan 2027,1
2026-06-19 00:29:59,OFC,CHENNAI VAC,04 Jan 2027,2
2026-06-19 00:29:59,Consular,NEW DELHI,06 Jul 2026,2
2026-06-19 00:29:59,OFC,NEW DELHI VAC,04 Jan 2027,1
2026-06-19 00:30:18,OFC,CHENNAI VAC,28 Jun 2026,3
2026-06-19 00:30:18,OFC,MUMBAI VAC,28 Jun 2026,1
2026-06-19 00:30:18,Consular,NEW DELHI,06 Jul 2026,2
2026-06-19 00:30:18,OFC,NEW DELHI VAC,04 Jan 2027,1
2026-06-19 00:30:36,OFC,CHENNAI VAC,28 Jun 2026,3
2026-06-19 00:30:36,OFC,MUMBAI VAC,28 Jun 2026,1
2026-06-19 00:30:36,Consular,NEW DELHI,06 Jul 2026,2
2026-06-19 00:30:36,OFC,NEW DELHI VAC,04 Jan 2027,1
2026-06-19 00:30:56,OFC,MUMBAI VAC,28 Jun 2026,1
2026-06-19 00:31:14,OFC,MUMBAI VAC,28 Jun 2026,1
2026-06-19 00:31:33,OFC,MUMBAI VAC,28 Jun 2026,1
2026-06-19 00:32:11,OFC,CHENNAI VAC,28 Jun 2026,3
2026-06-19 00:32:30,OFC,CHENNAI VAC,28 Jun 2026,3
2026-06-19 00:32:49,OFC,CHENNAI VAC,28 Jun 2026,3
2026-06-19 00:57:46,OFC,CHENNAI VAC,08 Dec 2026,18
2026-06-19 00:58:04,OFC,CHENNAI VAC,08 Dec 2026,18
2026-06-19 00:58:04,OFC,NEW DELHI VAC,08 Dec 2026,8
2026-06-19 00:58:20,OFC,CHENNAI VAC,08 Dec 2026,18
2026-06-19 00:58:20,OFC,NEW DELHI VAC,08 Dec 2026,8
2026-06-19 00:58:38,OFC,CHENNAI VAC,08 Dec 2026,18
2026-06-19 00:58:38,OFC,NEW DELHI VAC,08 Dec 2026,8
2026-06-19 00:58:58,OFC,CHENNAI VAC,08 Dec 2026,18
2026-06-19 00:58:58,OFC,NEW DELHI VAC,08 Dec 2026,8
2026-06-19 00:59:15,OFC,CHENNAI VAC,04 Jan 2027,17
2026-06-19 00:59:15,OFC,NEW DELHI VAC,08 Dec 2026,8
2026-06-19 00:59:32,OFC,CHENNAI VAC,04 Jan 2027,17
2026-06-19 00:59:32,OFC,NEW DELHI VAC,27 Jan 2027,7
2026-06-19 00:59:51,OFC,CHENNAI VAC,04 Jan 2027,17
2026-06-19 00:59:51,OFC,NEW DELHI VAC,27 Jan 2027,7
2026-06-19 01:00:09,OFC,CHENNAI VAC,04 Jan 2027,17
2026-06-19 01:00:09,OFC,NEW DELHI VAC,27 Jan 2027,7
2026-06-19 01:00:28,OFC,CHENNAI VAC,28 Jun 2026,18
2026-06-19 01:00:28,Consular,MUMBAI,08 Jul 2026,1
2026-06-19 01:00:28,Consular,NEW DELHI,29 Jun 2026,1
2026-06-19 01:00:28,OFC,NEW DELHI VAC,27 Jan 2027,7
2026-06-19 01:00:43,Consular,MUMBAI,08 Jul 2026,1
2026-06-19 01:00:43,Consular,NEW DELHI,29 Jun 2026,1
2026-06-19 01:01:02,Consular,MUMBAI,08 Jul 2026,1
2026-06-19 01:01:02,Consular,NEW DELHI,29 Jun 2026,1
2026-06-19 01:01:22,OFC,CHENNAI VAC,04 Jan 2027,17
2026-06-19 01:01:22,Consular,MUMBAI,08 Jul 2026,1
2026-06-19 01:01:22,Consular,NEW DELHI,29 Jun 2026,1
2026-06-19 01:01:22,OFC,NEW DELHI VAC,02 Feb 2027,6
2026-06-19 01:01:41,OFC,CHENNAI VAC,04 Jan 2027,17
2026-06-19 01:01:41,Consular,MUMBAI,08 Jul 2026,1
2026-06-19 01:01:41,Consular,NEW DELHI,29 Jun 2026,1
2026-06-19 01:01:41,OFC,NEW DELHI VAC,02 Feb 2027,6
2026-06-19 01:01:59,OFC,CHENNAI VAC,04 Jan 2027,17
2026-06-19 01:01:59,Consular,MUMBAI,08 Jul 2026,1
2026-06-19 01:01:59,Consular,NEW DELHI,29 Jun 2026,1
2026-06-19 01:01:59,OFC,NEW DELHI VAC,02 Feb 2027,6
2026-06-19 01:02:16,OFC,CHENNAI VAC,04 Jan 2027,17
2026-06-19 01:02:16,Consular,MUMBAI,08 Jul 2026,1
2026-06-19 01:02:16,Consular,NEW DELHI,29 Jun 2026,1
2026-06-19 01:02:16,OFC,NEW DELHI VAC,02 Feb 2027,6
2026-06-19 01:02:35,OFC,CHENNAI VAC,04 Jan 2027,17
2026-06-19 01:02:35,Consular,MUMBAI,08 Jul 2026,1
2026-06-19 01:02:35,Consular,NEW DELHI,29 Jun 2026,1
2026-06-19 01:02:35,OFC,NEW DELHI VAC,02 Feb 2027,6
2026-06-19 01:02:51,OFC,CHENNAI VAC,04 Jan 2027,17
2026-06-19 01:02:51,Consular,MUMBAI,08 Jul 2026,1
2026-06-19 01:02:51,Consular,NEW DELHI,29 Jun 2026,1
2026-06-19 01:02:51,OFC,NEW DELHI VAC,02 Feb 2027,6
2026-06-19 01:03:08,OFC,CHENNAI VAC,04 Jan 2027,17
2026-06-19 01:03:08,Consular,MUMBAI,08 Jul 2026,1
2026-06-19 01:03:08,Consular,NEW DELHI,29 Jun 2026,1
2026-06-19 01:03:08,OFC,NEW DELHI VAC,02 Feb 2027,6
2026-06-19 01:03:27,OFC,CHENNAI VAC,04 Jan 2027,17
2026-06-19 01:03:27,Consular,MUMBAI,08 Jul 2026,1
2026-06-19 01:03:27,Consular,NEW DELHI,29 Jun 2026,1
2026-06-19 01:03:27,OFC,NEW DELHI VAC,02 Feb 2027,6
2026-06-19 01:03:47,OFC,CHENNAI VAC,04 Jan 2027,17
2026-06-19 01:03:47,Consular,MUMBAI,08 Jul 2026,1
2026-06-19 01:03:47,Consular,NEW DELHI,29 Jun 2026,1
2026-06-19 01:03:47,OFC,NEW DELHI VAC,02 Feb 2027,6
2026-06-19 01:04:06,OFC,CHENNAI VAC,04 Jan 2027,17
2026-06-19 01:04:06,Consular,MUMBAI,08 Jul 2026,1
2026-06-19 01:04:06,Consular,NEW DELHI,29 Jun 2026,1
2026-06-19 01:04:06,OFC,NEW DELHI VAC,02 Feb 2027,6
2026-06-19 01:04:25,OFC,CHENNAI VAC,04 Jan 2027,17
2026-06-19 01:04:25,Consular,MUMBAI,08 Jul 2026,1
2026-06-19 01:04:25,Consular,NEW DELHI,29 Jun 2026,1
2026-06-19 01:04:25,OFC,NEW DELHI VAC,02 Feb 2027,6
2026-06-19 01:04:42,OFC,CHENNAI VAC,06 Jan 2027,2
2026-06-19 01:04:42,Consular,MUMBAI,08 Jul 2026,1
2026-06-19 01:04:42,Consular,NEW DELHI,29 Jun 2026,1
2026-06-19 01:04:42,OFC,NEW DELHI VAC,02 Feb 2027,6
2026-06-19 01:05:03,OFC,CHENNAI VAC,06 Jan 2027,2
2026-06-19 01:05:03,Consular,MUMBAI,08 Jul 2026,1
2026-06-19 01:05:03,Consular,NEW DELHI,29 Jun 2026,1
2026-06-19 01:05:03,OFC,NEW DELHI VAC,02 Feb 2027,6
2026-06-19 01:05:23,OFC,CHENNAI VAC,06 Jan 2027,2
2026-06-19 01:05:23,Consular,MUMBAI,08 Jul 2026,1
2026-06-19 01:05:23,Consular,NEW DELHI,29 Jun 2026,1
2026-06-19 01:05:23,OFC,NEW DELHI VAC,02 Feb 2027,6
2026-06-19 01:05:38,OFC,CHENNAI VAC,06 Jan 2027,2
2026-06-19 01:05:38,Consular,MUMBAI,08 Jul 2026,1
2026-06-19 01:05:38,Consular,NEW DELHI,29 Jun 2026,1
2026-06-19 01:05:38,OFC,NEW DELHI VAC,02 Feb 2027,6
2026-06-19 01:05:55,OFC,CHENNAI VAC,06 Jan 2027,2
2026-06-19 01:05:55,Consular,MUMBAI,08 Jul 2026,1
2026-06-19 01:05:55,Consular,NEW DELHI,29 Jun 2026,1
2026-06-19 01:05:55,OFC,NEW DELHI VAC,02 Feb 2027,6
2026-06-19 01:06:15,OFC,CHENNAI VAC,06 Jan 2027,2
2026-06-19 01:06:15,Consular,MUMBAI,08 Jul 2026,1
2026-06-19 01:06:15,Consular,NEW DELHI,29 Jun 2026,1
2026-06-19 01:06:15,OFC,NEW DELHI VAC,02 Feb 2027,6
2026-06-19 01:06:33,OFC,CHENNAI VAC,06 Jan 2027,2
2026-06-19 01:06:33,Consular,MUMBAI,08 Jul 2026,1
2026-06-19 01:06:33,Consular,NEW DELHI,29 Jun 2026,1
2026-06-19 01:06:33,OFC,NEW DELHI VAC,02 Feb 2027,6
2026-06-19 01:06:53,OFC,CHENNAI VAC,06 Jan 2027,2
2026-06-19 01:06:53,Consular,MUMBAI,08 Jul 2026,1
2026-06-19 01:06:53,Consular,NEW DELHI,29 Jun 2026,1
2026-06-19 01:06:53,OFC,NEW DELHI VAC,02 Feb 2027,6
2026-06-19 01:07:11,OFC,CHENNAI VAC,06 Jan 2027,2
2026-06-19 01:07:11,Consular,MUMBAI,08 Jul 2026,1
2026-06-19 01:07:11,Consular,NEW DELHI,29 Jun 2026,1
2026-06-19 01:07:11,OFC,NEW DELHI VAC,02 Feb 2027,6
2026-06-19 01:07:27,OFC,CHENNAI VAC,06 Jan 2027,2
2026-06-19 01:07:27,Consular,MUMBAI,08 Jul 2026,1
2026-06-19 01:07:27,Consular,NEW DELHI,29 Jun 2026,1
2026-06-19 01:07:27,OFC,NEW DELHI VAC,02 Feb 2027,6
2026-06-19 01:07:43,OFC,CHENNAI VAC,06 Jan 2027,2
2026-06-19 01:07:43,Consular,MUMBAI,08 Jul 2026,1
2026-06-19 01:07:43,Consular,NEW DELHI,29 Jun 2026,1
2026-06-19 01:07:43,OFC,NEW DELHI VAC,02 Feb 2027,6
2026-06-19 01:08:01,OFC,CHENNAI VAC,06 Jan 2027,2
2026-06-19 01:08:01,Consular,MUMBAI,08 Jul 2026,1
2026-06-19 01:08:01,Consular,NEW DELHI,29 Jun 2026,1
2026-06-19 01:08:01,OFC,NEW DELHI VAC,02 Feb 2027,6
2026-06-19 01:08:20,OFC,CHENNAI VAC,06 Jan 2027,2
2026-06-19 01:08:20,Consular,MUMBAI,08 Jul 2026,1
2026-06-19 01:08:20,Consular,NEW DELHI,29 Jun 2026,1
2026-06-19 01:08:20,OFC,NEW DELHI VAC,02 Feb 2027,6
2026-06-19 01:08:37,OFC,CHENNAI VAC,06 Jan 2027,2
2026-06-19 01:08:37,Consular,MUMBAI,08 Jul 2026,1
2026-06-19 01:08:37,Consular,NEW DELHI,29 Jun 2026,1
2026-06-19 01:08:37,OFC,NEW DELHI VAC,02 Feb 2027,6
2026-06-19 01:08:56,OFC,CHENNAI VAC,06 Jan 2027,2
2026-06-19 01:08:56,Consular,MUMBAI,08 Jul 2026,1
2026-06-19 01:08:56,Consular,NEW DELHI,29 Jun 2026,1
2026-06-19 01:08:56,OFC,NEW DELHI VAC,02 Feb 2027,6
2026-06-19 01:09:13,OFC,CHENNAI VAC,06 Jan 2027,2
2026-06-19 01:09:13,Consular,MUMBAI,08 Jul 2026,1
2026-06-19 01:09:13,Consular,NEW DELHI,29 Jun 2026,1
2026-06-19 01:09:13,OFC,NEW DELHI VAC,02 Feb 2027,6
2026-06-19 01:09:31,OFC,CHENNAI VAC,06 Jan 2027,2
2026-06-19 01:09:31,Consular,MUMBAI,08 Jul 2026,1
2026-06-19 01:09:31,Consular,NEW DELHI,29 Jun 2026,1
2026-06-19 01:09:31,OFC,NEW DELHI VAC,02 Feb 2027,6
2026-06-19 01:09:47,OFC,CHENNAI VAC,06 Jan 2027,2
2026-06-19 01:09:47,Consular,MUMBAI,08 Jul 2026,1
2026-06-19 01:09:47,Consular,NEW DELHI,29 Jun 2026,1
2026-06-19 01:09:47,OFC,NEW DELHI VAC,02 Feb 2027,6
2026-06-19 01:10:07,OFC,CHENNAI VAC,06 Jan 2027,2
2026-06-19 01:10:07,Consular,MUMBAI,08 Jul 2026,1
2026-06-19 01:10:07,Consular,NEW DELHI,29 Jun 2026,1
2026-06-19 01:10:07,OFC,NEW DELHI VAC,02 Feb 2027,6
2026-06-19 01:10:24,OFC,CHENNAI VAC,06 Jan 2027,2
2026-06-19 01:10:24,Consular,MUMBAI,08 Jul 2026,1
2026-06-19 01:10:24,Consular,NEW DELHI,29 Jun 2026,1
2026-06-19 01:10:24,OFC,NEW DELHI VAC,02 Feb 2027,6
2026-06-19 01:10:41,OFC,CHENNAI VAC,06 Jan 2027,2
2026-06-19 01:10:41,Consular,MUMBAI,08 Jul 2026,1
2026-06-19 01:10:41,Consular,NEW DELHI,29 Jun 2026,1
2026-06-19 01:10:41,OFC,NEW DELHI VAC,02 Feb 2027,6
2026-06-19 01:10:59,OFC,CHENNAI VAC,06 Jan 2027,2
2026-06-19 01:10:59,Consular,MUMBAI,08 Jul 2026,1
2026-06-19 01:10:59,Consular,NEW DELHI,29 Jun 2026,1
2026-06-19 01:10:59,OFC,NEW DELHI VAC,02 Feb 2027,6
2026-06-19 01:11:16,OFC,CHENNAI VAC,06 Jan 2027,2
2026-06-19 01:11:16,Consular,MUMBAI,08 Jul 2026,1
2026-06-19 01:11:16,Consular,NEW DELHI,29 Jun 2026,1
2026-06-19 01:11:16,OFC,NEW DELHI VAC,02 Feb 2027,6
2026-06-19 01:11:34,Consular,MUMBAI,08 Jul 2026,1
2026-06-19 01:11:34,Consular,NEW DELHI,29 Jun 2026,1
2026-06-19 01:11:34,OFC,NEW DELHI VAC,02 Feb 2027,6
2026-06-19 01:11:54,Consular,MUMBAI,08 Jul 2026,1
2026-06-19 01:11:54,Consular,NEW DELHI,29 Jun 2026,1
2026-06-19 01:12:12,Consular,MUMBAI,08 Jul 2026,1
2026-06-19 01:12:12,Consular,NEW DELHI,29 Jun 2026,1
2026-06-19 01:12:31,Consular,MUMBAI,08 Jul 2026,1
2026-06-19 01:12:31,Consular,NEW DELHI,29 Jun 2026,1
2026-06-19 01:12:47,Consular,MUMBAI,08 Jul 2026,1
2026-06-19 01:12:47,Consular,NEW DELHI,29 Jun 2026,1
2026-06-19 01:13:07,Consular,MUMBAI,08 Jul 2026,1
2026-06-19 01:13:07,Consular,NEW DELHI,29 Jun 2026,1
2026-06-19 01:13:26,Consular,MUMBAI,08 Jul 2026,1
2026-06-19 01:13:26,Consular,NEW DELHI,29 Jun 2026,1
2026-06-19 01:13:42,Consular,MUMBAI,08 Jul 2026,1
2026-06-19 01:13:42,Consular,NEW DELHI,29 Jun 2026,1
2026-06-19 01:14:01,Consular,MUMBAI,08 Jul 2026,1
2026-06-19 01:14:01,Consular,NEW DELHI,29 Jun 2026,1
2026-06-19 01:14:18,Consular,MUMBAI,08 Jul 2026,1
2026-06-19 01:14:18,Consular,NEW DELHI,29 Jun 2026,1
2026-06-19 01:14:37,Consular,MUMBAI,08 Jul 2026,1
2026-06-19 01:14:37,Consular,NEW DELHI,29 Jun 2026,1
2026-06-19 01:14:55,Consular,MUMBAI,08 Jul 2026,1
2026-06-19 01:14:55,Consular,NEW DELHI,29 Jun 2026,1
2026-06-19 01:15:15,Consular,MUMBAI,08 Jul 2026,1
2026-06-19 01:15:15,Consular,NEW DELHI,29 Jun 2026,1
2026-06-19 01:15:32,Consular,MUMBAI,08 Jul 2026,1
2026-06-19 01:15:32,Consular,NEW DELHI,29 Jun 2026,1
2026-06-19 01:15:48,Consular,MUMBAI,08 Jul 2026,1
2026-06-19 01:15:48,Consular,NEW DELHI,29 Jun 2026,1
2026-06-19 01:16:07,Consular,MUMBAI,08 Jul 2026,1
2026-06-19 01:16:07,Consular,NEW DELHI,29 Jun 2026,1
2026-06-19 01:16:24,Consular,MUMBAI,08 Jul 2026,1
2026-06-19 01:16:24,Consular,NEW DELHI,29 Jun 2026,1
2026-06-19 01:16:44,Consular,MUMBAI,08 Jul 2026,1
2026-06-19 01:16:44,Consular,NEW DELHI,29 Jun 2026,1
2026-06-19 01:17:00,Consular,MUMBAI,08 Jul 2026,1
2026-06-19 01:17:00,Consular,NEW DELHI,29 Jun 2026,1
2026-06-19 01:17:17,Consular,MUMBAI,08 Jul 2026,1
2026-06-19 01:17:17,Consular,NEW DELHI,29 Jun 2026,1
2026-06-19 01:17:35,Consular,MUMBAI,08 Jul 2026,1
2026-06-19 01:17:35,Consular,NEW DELHI,29 Jun 2026,1
2026-06-19 01:17:51,Consular,MUMBAI,08 Jul 2026,1
2026-06-19 01:17:51,Consular,NEW DELHI,29 Jun 2026,1
2026-06-19 01:18:09,Consular,MUMBAI,08 Jul 2026,1
2026-06-19 01:18:09,Consular,NEW DELHI,29 Jun 2026,1
2026-06-19 01:18:29,Consular,MUMBAI,08 Jul 2026,1
2026-06-19 01:18:29,Consular,NEW DELHI,29 Jun 2026,1
2026-06-19 01:18:46,Consular,MUMBAI,08 Jul 2026,1
2026-06-19 01:18:46,Consular,NEW DELHI,29 Jun 2026,1
2026-06-19 01:19:02,Consular,MUMBAI,08 Jul 2026,1
2026-06-19 01:19:02,Consular,NEW DELHI,29 Jun 2026,1
2026-06-19 01:19:22,Consular,MUMBAI,08 Jul 2026,1
2026-06-19 01:19:22,Consular,NEW DELHI,29 Jun 2026,1
2026-06-19 01:19:40,Consular,MUMBAI,08 Jul 2026,1
2026-06-19 01:19:40,Consular,NEW DELHI,29 Jun 2026,1
2026-06-19 01:19:59,Consular,MUMBAI,08 Jul 2026,1
2026-06-19 01:19:59,Consular,NEW DELHI,29 Jun 2026,1
2026-06-19 01:20:18,Consular,MUMBAI,08 Jul 2026,1
2026-06-19 01:20:18,Consular,NEW DELHI,29 Jun 2026,1
2026-06-19 01:20:36,Consular,MUMBAI,08 Jul 2026,1
2026-06-19 01:20:36,Consular,NEW DELHI,29 Jun 2026,1
2026-06-19 01:20:56,Consular,MUMBAI,08 Jul 2026,1
2026-06-19 01:20:56,Consular,NEW DELHI,29 Jun 2026,1
2026-06-19 01:21:13,Consular,MUMBAI,08 Jul 2026,1
2026-06-19 01:21:13,Consular,NEW DELHI,29 Jun 2026,1
2026-06-19 01:21:30,Consular,MUMBAI,08 Jul 2026,1
2026-06-19 01:21:30,Consular,NEW DELHI,29 Jun 2026,1
2026-06-19 01:21:51,Consular,MUMBAI,08 Jul 2026,1
2026-06-19 01:21:51,Consular,NEW DELHI,29 Jun 2026,1
2026-06-19 01:22:10,Consular,MUMBAI,08 Jul 2026,1
2026-06-19 01:22:10,Consular,NEW DELHI,29 Jun 2026,1
2026-06-19 01:22:29,Consular,MUMBAI,08 Jul 2026,1
2026-06-19 01:22:29,Consular,NEW DELHI,29 Jun 2026,1
2026-06-19 01:22:47,Consular,MUMBAI,08 Jul 2026,1
2026-06-19 01:22:47,Consular,NEW DELHI,29 Jun 2026,1
2026-06-19 01:23:06,Consular,MUMBAI,08 Jul 2026,1
2026-06-19 01:23:06,Consular,NEW DELHI,29 Jun 2026,1
2026-06-19 01:23:23,Consular,MUMBAI,08 Jul 2026,1
2026-06-19 01:23:23,Consular,NEW DELHI,29 Jun 2026,1
2026-06-19 01:23:41,Consular,MUMBAI,08 Jul 2026,1
2026-06-19 01:23:41,Consular,NEW DELHI,29 Jun 2026,1
2026-06-19 01:23:58,Consular,MUMBAI,08 Jul 2026,1
2026-06-19 01:23:58,Consular,NEW DELHI,29 Jun 2026,1
2026-06-19 01:24:14,Consular,MUMBAI,08 Jul 2026,1
2026-06-19 01:24:14,Consular,NEW DELHI,29 Jun 2026,1
2026-06-19 01:24:32,Consular,MUMBAI,08 Jul 2026,1
2026-06-19 01:24:32,Consular,NEW DELHI,29 Jun 2026,1
2026-06-19 01:24:50,Consular,MUMBAI,08 Jul 2026,1
2026-06-19 01:24:50,Consular,NEW DELHI,29 Jun 2026,1
2026-06-19 01:25:10,Consular,MUMBAI,08 Jul 2026,1
2026-06-19 01:25:10,Consular,NEW DELHI,29 Jun 2026,1
2026-06-19 01:25:30,Consular,MUMBAI,08 Jul 2026,1
2026-06-19 01:25:30,Consular,NEW DELHI,29 Jun 2026,1
2026-06-19 01:25:49,Consular,MUMBAI,08 Jul 2026,1
2026-06-19 01:25:49,Consular,NEW DELHI,29 Jun 2026,1
2026-06-19 01:26:08,OFC,CHENNAI VAC,08 Oct 2026,3
2026-06-19 01:26:08,OFC,HYDERABAD VAC,06 Oct 2026,3
2026-06-19 01:26:08,Consular,MUMBAI,08 Jul 2026,1
2026-06-19 01:26:08,Consular,NEW DELHI,29 Jun 2026,1
2026-06-19 01:26:26,OFC,CHENNAI VAC,08 Oct 2026,3
2026-06-19 01:26:26,OFC,HYDERABAD VAC,06 Oct 2026,3
2026-06-19 01:26:26,Consular,MUMBAI,08 Jul 2026,1
2026-06-19 01:26:26,Consular,NEW DELHI,29 Jun 2026,1
2026-06-19 01:26:43,OFC,CHENNAI VAC,08 Oct 2026,3
2026-06-19 01:26:43,OFC,HYDERABAD VAC,06 Oct 2026,3
2026-06-19 01:26:43,Consular,MUMBAI,08 Jul 2026,1
2026-06-19 01:26:43,Consular,NEW DELHI,29 Jun 2026,1
2026-06-19 01:27:00,OFC,CHENNAI VAC,08 Oct 2026,3
2026-06-19 01:27:00,OFC,HYDERABAD VAC,06 Oct 2026,3
2026-06-19 01:27:00,Consular,MUMBAI,08 Jul 2026,1
2026-06-19 01:27:00,Consular,NEW DELHI,29 Jun 2026,1
2026-06-19 01:27:17,OFC,CHENNAI VAC,08 Oct 2026,3
2026-06-19 01:27:17,OFC,HYDERABAD VAC,06 Oct 2026,3
2026-06-19 01:27:17,Consular,MUMBAI,08 Jul 2026,1
2026-06-19 01:27:17,Consular,NEW DELHI,29 Jun 2026,1
2026-06-19 01:27:34,OFC,CHENNAI VAC,08 Oct 2026,3
2026-06-19 01:27:34,OFC,HYDERABAD VAC,06 Oct 2026,3
2026-06-19 01:27:34,Consular,MUMBAI,08 Jul 2026,1
2026-06-19 01:27:34,Consular,NEW DELHI,29 Jun 2026,1
2026-06-19 01:27:53,OFC,CHENNAI VAC,08 Oct 2026,3
2026-06-19 01:27:53,OFC,HYDERABAD VAC,06 Oct 2026,3
2026-06-19 01:27:53,Consular,MUMBAI,08 Jul 2026,1
2026-06-19 01:27:53,Consular,NEW DELHI,29 Jun 2026,1
2026-06-19 01:28:10,OFC,CHENNAI VAC,08 Oct 2026,3
2026-06-19 01:28:10,OFC,HYDERABAD VAC,06 Oct 2026,3
2026-06-19 01:28:10,Consular,MUMBAI,08 Jul 2026,1
2026-06-19 01:28:10,Consular,NEW DELHI,29 Jun 2026,1
2026-06-19 01:28:26,OFC,CHENNAI VAC,08 Oct 2026,3
2026-06-19 01:28:26,OFC,HYDERABAD VAC,06 Oct 2026,3
2026-06-19 01:28:26,Consular,MUMBAI,08 Jul 2026,1
2026-06-19 01:28:26,Consular,NEW DELHI,29 Jun 2026,1
2026-06-19 01:28:46,OFC,CHENNAI VAC,08 Oct 2026,3
2026-06-19 01:28:46,OFC,HYDERABAD VAC,06 Oct 2026,3
2026-06-19 01:28:46,Consular,MUMBAI,08 Jul 2026,1
2026-06-19 01:28:46,Consular,NEW DELHI,29 Jun 2026,1
2026-06-19 01:29:04,OFC,CHENNAI VAC,08 Oct 2026,3
2026-06-19 01:29:04,OFC,HYDERABAD VAC,06 Oct 2026,3
2026-06-19 01:29:04,Consular,MUMBAI,08 Jul 2026,1
2026-06-19 01:29:04,Consular,NEW DELHI,29 Jun 2026,1
2026-06-19 01:29:25,OFC,CHENNAI VAC,08 Oct 2026,3
2026-06-19 01:29:25,OFC,HYDERABAD VAC,06 Oct 2026,3
2026-06-19 01:29:25,Consular,MUMBAI,08 Jul 2026,1
2026-06-19 01:29:25,Consular,NEW DELHI,29 Jun 2026,1
2026-06-19 01:29:43,OFC,HYDERABAD VAC,06 Oct 2026,3
2026-06-19 01:29:43,Consular,MUMBAI,08 Jul 2026,1
2026-06-19 01:29:43,Consular,NEW DELHI,29 Jun 2026,1
2026-06-19 01:30:02,Consular,MUMBAI,08 Jul 2026,1
2026-06-19 01:30:02,Consular,NEW DELHI,29 Jun 2026,1
2026-06-19 01:30:20,OFC,HYDERABAD VAC,13 Jul 2026,1
2026-06-19 01:30:20,Consular,MUMBAI,08 Jul 2026,1
2026-06-19 01:30:20,Consular,NEW DELHI,29 Jun 2026,1
2026-06-19 01:30:37,OFC,CHENNAI VAC,28 Jun 2026,5
2026-06-19 01:30:37,OFC,HYDERABAD VAC,13 Jul 2026,1
2026-06-19 01:30:37,Consular,MUMBAI,08 Jul 2026,1
2026-06-19 01:30:37,Consular,NEW DELHI,29 Jun 2026,1
2026-06-19 01:30:53,Consular,MUMBAI,08 Jul 2026,1
2026-06-19 01:30:53,Consular,NEW DELHI,29 Jun 2026,1
2026-06-19 01:31:13,Consular,MUMBAI,08 Jul 2026,1
2026-06-19 01:31:13,Consular,NEW DELHI,29 Jun 2026,1
2026-06-19 01:31:32,Consular,MUMBAI,08 Jul 2026,1
2026-06-19 01:31:32,Consular,NEW DELHI,29 Jun 2026,1
2026-06-19 01:56:10,OFC,NEW DELHI VAC,07 Jan 2027,3
2026-06-19 01:56:27,OFC,NEW DELHI VAC,07 Jan 2027,3
2026-06-19 01:56:45,OFC,NEW DELHI VAC,07 Jan 2027,3
2026-06-19 01:57:03,OFC,NEW DELHI VAC,07 Jan 2027,3
2026-06-19 01:57:20,OFC,NEW DELHI VAC,07 Jan 2027,3
2026-06-19 01:57:38,OFC,NEW DELHI VAC,07 Jan 2027,3
2026-06-19 01:57:58,OFC,NEW DELHI VAC,07 Jan 2027,3
2026-06-19 01:58:15,OFC,NEW DELHI VAC,07 Jan 2027,3
2026-06-19 01:58:34,OFC,NEW DELHI VAC,07 Jan 2027,3
2026-06-19 01:58:53,OFC,NEW DELHI VAC,07 Jan 2027,3
2026-06-19 01:59:13,OFC,NEW DELHI VAC,07 Jan 2027,3
2026-06-19 01:59:30,OFC,NEW DELHI VAC,07 Jan 2027,3
2026-06-19 01:59:47,OFC,NEW DELHI VAC,07 Jan 2027,3
2026-06-19 02:00:05,OFC,NEW DELHI VAC,07 Jan 2027,3
2026-06-19 02:00:25,OFC,CHENNAI VAC,04 Jan 2027,6
2026-06-19 02:00:43,OFC,CHENNAI VAC,28 Jun 2026,6
2026-06-19 02:01:00,OFC,CHENNAI VAC,28 Jun 2026,6
2026-06-19 02:01:21,OFC,CHENNAI VAC,28 Jun 2026,6
2026-06-19 02:01:39,OFC,CHENNAI VAC,28 Jun 2026,6
2026-06-19 02:01:39,OFC,NEW DELHI VAC,08 Dec 2026,1
2026-06-19 02:01:57,OFC,CHENNAI VAC,28 Jun 2026,6
2026-06-19 02:01:57,OFC,NEW DELHI VAC,08 Dec 2026,1
2026-06-19 02:02:14,OFC,CHENNAI VAC,04 Jan 2027,4
2026-06-19 02:02:14,OFC,NEW DELHI VAC,08 Dec 2026,1
2026-06-19 02:02:31,OFC,NEW DELHI VAC,08 Dec 2026,1
2026-06-19 02:26:04,OFC,CHENNAI VAC,13 Aug 2026,17
2026-06-19 02:26:04,OFC,KOLKATA VAC,14 Oct 2026,2
2026-06-19 02:26:04,OFC,NEW DELHI VAC,13 Aug 2026,10
2026-06-19 02:26:24,OFC,CHENNAI VAC,08 Oct 2026,16
2026-06-19 02:26:24,OFC,HYDERABAD VAC,06 Oct 2026,6
2026-06-19 02:26:24,OFC,KOLKATA VAC,14 Oct 2026,2
2026-06-19 02:26:24,OFC,NEW DELHI VAC,13 Aug 2026,10
2026-06-19 02:26:44,OFC,CHENNAI VAC,08 Oct 2026,16
2026-06-19 02:26:44,OFC,KOLKATA VAC,14 Oct 2026,2
2026-06-19 02:26:44,OFC,NEW DELHI VAC,13 Aug 2026,10
2026-06-19 02:27:00,OFC,CHENNAI VAC,04 Jan 2027,15
2026-06-19 02:27:00,OFC,KOLKATA VAC,14 Oct 2026,2
2026-06-19 02:27:00,OFC,NEW DELHI VAC,13 Aug 2026,10
2026-06-19 02:27:18,OFC,CHENNAI VAC,04 Jan 2027,15
2026-06-19 02:27:18,OFC,KOLKATA VAC,14 Oct 2026,2
2026-06-19 02:27:18,OFC,NEW DELHI VAC,13 Aug 2026,10
2026-06-19 02:27:36,OFC,CHENNAI VAC,04 Jan 2027,15
2026-06-19 02:27:36,OFC,KOLKATA VAC,14 Oct 2026,2
2026-06-19 02:27:36,OFC,NEW DELHI VAC,13 Aug 2026,10
2026-06-19 02:27:57,OFC,CHENNAI VAC,04 Jan 2027,15
2026-06-19 02:27:57,OFC,KOLKATA VAC,14 Oct 2026,2
2026-06-19 02:27:57,OFC,NEW DELHI VAC,13 Aug 2026,10
2026-06-19 02:28:16,OFC,CHENNAI VAC,04 Jan 2027,15
2026-06-19 02:28:16,OFC,KOLKATA VAC,14 Oct 2026,2
2026-06-19 02:28:16,OFC,NEW DELHI VAC,13 Aug 2026,10
2026-06-19 02:28:34,OFC,CHENNAI VAC,04 Jan 2027,15
2026-06-19 02:28:34,OFC,KOLKATA VAC,14 Oct 2026,2
2026-06-19 02:28:34,OFC,NEW DELHI VAC,13 Aug 2026,10
2026-06-19 02:28:51,OFC,CHENNAI VAC,04 Jan 2027,15
2026-06-19 02:28:51,OFC,KOLKATA VAC,14 Oct 2026,2
2026-06-19 02:28:51,OFC,NEW DELHI VAC,13 Aug 2026,10
2026-06-19 02:29:11,OFC,CHENNAI VAC,04 Jan 2027,15
2026-06-19 02:29:11,OFC,KOLKATA VAC,14 Oct 2026,2
2026-06-19 02:29:11,OFC,NEW DELHI VAC,13 Aug 2026,10
2026-06-19 02:29:28,OFC,CHENNAI VAC,04 Jan 2027,15
2026-06-19 02:29:28,OFC,KOLKATA VAC,14 Oct 2026,2
2026-06-19 02:29:28,OFC,NEW DELHI VAC,13 Aug 2026,10
2026-06-19 02:29:47,OFC,CHENNAI VAC,04 Jan 2027,15
2026-06-19 02:29:47,OFC,KOLKATA VAC,14 Oct 2026,2
2026-06-19 02:29:47,OFC,NEW DELHI VAC,13 Aug 2026,10
2026-06-19 02:30:06,OFC,CHENNAI VAC,04 Jan 2027,15
2026-06-19 02:30:06,OFC,KOLKATA VAC,14 Oct 2026,2
2026-06-19 02:30:06,OFC,NEW DELHI VAC,13 Aug 2026,10
2026-06-19 02:30:23,OFC,CHENNAI VAC,28 Jun 2026,19
2026-06-19 02:30:23,OFC,HYDERABAD VAC,17 Jul 2026,6
2026-06-19 02:30:23,OFC,KOLKATA VAC,14 Oct 2026,2
2026-06-19 02:30:23,OFC,NEW DELHI VAC,13 Aug 2026,10
2026-06-19 02:30:41,OFC,CHENNAI VAC,28 Jun 2026,17
2026-06-19 02:30:41,OFC,HYDERABAD VAC,17 Jul 2026,6
2026-06-19 02:30:41,OFC,KOLKATA VAC,14 Oct 2026,2
2026-06-19 02:30:41,OFC,NEW DELHI VAC,13 Aug 2026,10
2026-06-19 02:30:58,OFC,CHENNAI VAC,28 Jun 2026,17
2026-06-19 02:30:58,OFC,HYDERABAD VAC,17 Jul 2026,6
2026-06-19 02:30:58,OFC,KOLKATA VAC,14 Oct 2026,2
2026-06-19 02:30:58,OFC,NEW DELHI VAC,13 Aug 2026,10
2026-06-19 02:31:15,OFC,CHENNAI VAC,28 Jun 2026,17
2026-06-19 02:31:15,OFC,HYDERABAD VAC,17 Jul 2026,6
2026-06-19 02:31:15,OFC,KOLKATA VAC,14 Oct 2026,2
2026-06-19 02:31:15,OFC,NEW DELHI VAC,13 Aug 2026,10
2026-06-19 02:31:32,OFC,CHENNAI VAC,28 Jun 2026,17
2026-06-19 02:31:32,OFC,HYDERABAD VAC,17 Jul 2026,6
2026-06-19 02:31:32,OFC,KOLKATA VAC,14 Oct 2026,2
2026-06-19 02:31:32,OFC,NEW DELHI VAC,13 Aug 2026,10
2026-06-19 02:31:49,OFC,CHENNAI VAC,28 Jun 2026,17
2026-06-19 02:31:49,OFC,HYDERABAD VAC,17 Jul 2026,6
2026-06-19 02:31:49,OFC,KOLKATA VAC,14 Oct 2026,2
2026-06-19 02:31:49,OFC,NEW DELHI VAC,13 Aug 2026,10
2026-06-19 02:32:06,OFC,CHENNAI VAC,28 Jun 2026,17
2026-06-19 02:32:06,OFC,HYDERABAD VAC,17 Jul 2026,6
2026-06-19 02:32:06,OFC,KOLKATA VAC,14 Oct 2026,2
2026-06-19 02:32:06,OFC,NEW DELHI VAC,13 Aug 2026,10
2026-06-19 02:32:24,OFC,CHENNAI VAC,28 Jun 2026,17
2026-06-19 02:32:24,OFC,HYDERABAD VAC,17 Jul 2026,6
2026-06-19 02:32:24,OFC,KOLKATA VAC,14 Oct 2026,2
2026-06-19 02:32:24,OFC,NEW DELHI VAC,13 Aug 2026,10
2026-06-19 02:32:44,OFC,CHENNAI VAC,28 Jun 2026,17
2026-06-19 02:32:44,OFC,HYDERABAD VAC,17 Jul 2026,6
2026-06-19 02:32:44,OFC,KOLKATA VAC,14 Oct 2026,2
2026-06-19 02:32:44,OFC,NEW DELHI VAC,13 Aug 2026,10
2026-06-19 02:33:00,OFC,CHENNAI VAC,28 Jun 2026,17
2026-06-19 02:33:00,OFC,HYDERABAD VAC,17 Jul 2026,6
2026-06-19 02:33:00,OFC,KOLKATA VAC,14 Oct 2026,2
2026-06-19 02:33:00,OFC,NEW DELHI VAC,13 Aug 2026,10
2026-06-19 02:33:21,OFC,CHENNAI VAC,28 Jun 2026,17
2026-06-19 02:33:21,OFC,HYDERABAD VAC,17 Jul 2026,6
2026-06-19 02:33:21,OFC,KOLKATA VAC,14 Oct 2026,2
2026-06-19 02:33:21,OFC,NEW DELHI VAC,13 Aug 2026,10
2026-06-19 02:33:39,OFC,CHENNAI VAC,28 Jun 2026,17
2026-06-19 02:33:39,OFC,HYDERABAD VAC,17 Jul 2026,6
2026-06-19 02:33:39,OFC,KOLKATA VAC,14 Oct 2026,2
2026-06-19 02:33:39,OFC,NEW DELHI VAC,13 Aug 2026,10
2026-06-19 02:33:56,OFC,CHENNAI VAC,28 Jun 2026,17
2026-06-19 02:33:56,OFC,HYDERABAD VAC,17 Jul 2026,6
2026-06-19 02:33:56,OFC,KOLKATA VAC,14 Oct 2026,2
2026-06-19 02:33:56,OFC,NEW DELHI VAC,13 Aug 2026,10
2026-06-19 02:34:12,OFC,CHENNAI VAC,28 Jun 2026,17
2026-06-19 02:34:12,OFC,HYDERABAD VAC,17 Jul 2026,6
2026-06-19 02:34:12,OFC,KOLKATA VAC,14 Oct 2026,2
2026-06-19 02:34:12,OFC,NEW DELHI VAC,13 Aug 2026,10
2026-06-19 02:34:29,OFC,CHENNAI VAC,28 Jun 2026,17
2026-06-19 02:34:29,OFC,HYDERABAD VAC,17 Jul 2026,6
2026-06-19 02:34:29,OFC,KOLKATA VAC,14 Oct 2026,2
2026-06-19 02:34:29,OFC,NEW DELHI VAC,13 Aug 2026,10
2026-06-19 02:34:47,OFC,CHENNAI VAC,28 Jun 2026,17
2026-06-19 02:34:47,OFC,HYDERABAD VAC,17 Jul 2026,6
2026-06-19 02:34:47,OFC,KOLKATA VAC,14 Oct 2026,2
2026-06-19 02:34:47,OFC,NEW DELHI VAC,13 Aug 2026,10
2026-06-19 02:35:07,OFC,CHENNAI VAC,28 Jun 2026,17
2026-06-19 02:35:07,OFC,HYDERABAD VAC,17 Jul 2026,6
2026-06-19 02:35:07,OFC,KOLKATA VAC,14 Oct 2026,2
2026-06-19 02:35:07,OFC,NEW DELHI VAC,13 Aug 2026,10
2026-06-19 02:35:23,OFC,CHENNAI VAC,28 Jan 2027,13
2026-06-19 02:35:23,OFC,KOLKATA VAC,14 Oct 2026,2
2026-06-19 02:35:23,OFC,NEW DELHI VAC,13 Aug 2026,10
2026-06-19 02:35:40,OFC,CHENNAI VAC,28 Jan 2027,13
2026-06-19 02:35:40,OFC,KOLKATA VAC,14 Oct 2026,2
2026-06-19 02:35:40,OFC,NEW DELHI VAC,13 Aug 2026,10
2026-06-19 02:35:59,OFC,CHENNAI VAC,28 Jan 2027,13
2026-06-19 02:35:59,OFC,KOLKATA VAC,14 Oct 2026,2
2026-06-19 02:35:59,OFC,NEW DELHI VAC,13 Aug 2026,10
2026-06-19 02:36:20,OFC,CHENNAI VAC,28 Jan 2027,13
2026-06-19 02:36:20,OFC,KOLKATA VAC,14 Oct 2026,2
2026-06-19 02:36:20,OFC,NEW DELHI VAC,13 Aug 2026,10
2026-06-19 02:36:37,OFC,CHENNAI VAC,28 Jan 2027,13
2026-06-19 02:36:37,OFC,KOLKATA VAC,14 Oct 2026,2
2026-06-19 02:36:37,OFC,NEW DELHI VAC,13 Aug 2026,10
2026-06-19 02:36:57,OFC,CHENNAI VAC,28 Jan 2027,13
2026-06-19 02:36:57,OFC,KOLKATA VAC,14 Oct 2026,2
2026-06-19 02:36:57,OFC,NEW DELHI VAC,13 Aug 2026,10
2026-06-19 02:37:15,OFC,CHENNAI VAC,28 Jan 2027,13
2026-06-19 02:37:15,OFC,KOLKATA VAC,14 Oct 2026,2
2026-06-19 02:37:15,OFC,NEW DELHI VAC,13 Aug 2026,10
2026-06-19 02:37:32,OFC,CHENNAI VAC,28 Jan 2027,13
2026-06-19 02:37:32,OFC,KOLKATA VAC,14 Oct 2026,2
2026-06-19 02:37:32,OFC,NEW DELHI VAC,13 Aug 2026,10
2026-06-19 02:37:48,OFC,CHENNAI VAC,28 Jan 2027,13
2026-06-19 02:37:48,OFC,KOLKATA VAC,14 Oct 2026,2
2026-06-19 02:37:48,OFC,NEW DELHI VAC,13 Aug 2026,10
2026-06-19 02:38:05,OFC,CHENNAI VAC,28 Jan 2027,13
2026-06-19 02:38:05,OFC,KOLKATA VAC,14 Oct 2026,2
2026-06-19 02:38:05,OFC,NEW DELHI VAC,13 Aug 2026,10
2026-06-19 02:38:23,OFC,CHENNAI VAC,28 Jan 2027,13
2026-06-19 02:38:23,OFC,KOLKATA VAC,14 Oct 2026,2
2026-06-19 02:38:23,OFC,NEW DELHI VAC,13 Aug 2026,10
2026-06-19 02:38:39,OFC,CHENNAI VAC,28 Jan 2027,13
2026-06-19 02:38:39,OFC,KOLKATA VAC,14 Oct 2026,2
2026-06-19 02:38:39,OFC,NEW DELHI VAC,13 Aug 2026,10
2026-06-19 02:38:55,OFC,CHENNAI VAC,28 Jan 2027,13
2026-06-19 02:38:55,OFC,KOLKATA VAC,14 Oct 2026,2
2026-06-19 02:38:55,OFC,NEW DELHI VAC,13 Aug 2026,10
2026-06-19 02:39:16,OFC,CHENNAI VAC,28 Jan 2027,13
2026-06-19 02:39:16,OFC,KOLKATA VAC,14 Oct 2026,2
2026-06-19 02:39:16,OFC,NEW DELHI VAC,13 Aug 2026,10
2026-06-19 02:39:33,OFC,CHENNAI VAC,28 Jan 2027,13
2026-06-19 02:39:33,OFC,KOLKATA VAC,14 Oct 2026,2
2026-06-19 02:39:33,OFC,NEW DELHI VAC,13 Aug 2026,10
2026-06-19 02:39:51,OFC,CHENNAI VAC,28 Jan 2027,13
2026-06-19 02:39:51,OFC,KOLKATA VAC,14 Oct 2026,2
2026-06-19 02:39:51,OFC,NEW DELHI VAC,13 Aug 2026,10
2026-06-19 02:40:08,OFC,CHENNAI VAC,28 Jan 2027,13
2026-06-19 02:40:08,OFC,KOLKATA VAC,14 Oct 2026,2
2026-06-19 02:40:08,OFC,NEW DELHI VAC,13 Aug 2026,10
2026-06-19 02:40:28,OFC,CHENNAI VAC,28 Jan 2027,13
2026-06-19 02:40:28,OFC,KOLKATA VAC,14 Oct 2026,2
2026-06-19 02:40:28,OFC,NEW DELHI VAC,13 Aug 2026,10
2026-06-19 02:40:44,OFC,CHENNAI VAC,28 Jan 2027,13
2026-06-19 02:40:44,OFC,KOLKATA VAC,14 Oct 2026,2
2026-06-19 02:40:44,OFC,NEW DELHI VAC,13 Aug 2026,10
2026-06-19 02:41:05,OFC,CHENNAI VAC,28 Jan 2027,13
2026-06-19 02:41:05,OFC,KOLKATA VAC,14 Oct 2026,2
2026-06-19 02:41:05,OFC,NEW DELHI VAC,13 Aug 2026,10
2026-06-19 02:41:21,OFC,CHENNAI VAC,28 Jan 2027,13
2026-06-19 02:41:21,OFC,KOLKATA VAC,14 Oct 2026,2
2026-06-19 02:41:21,OFC,NEW DELHI VAC,13 Aug 2026,10
2026-06-19 02:41:40,OFC,CHENNAI VAC,28 Jan 2027,13
2026-06-19 02:41:40,OFC,KOLKATA VAC,14 Oct 2026,2
2026-06-19 02:41:40,OFC,NEW DELHI VAC,13 Aug 2026,10
2026-06-19 02:41:58,OFC,CHENNAI VAC,28 Jan 2027,13
2026-06-19 02:41:58,OFC,KOLKATA VAC,14 Oct 2026,2
2026-06-19 02:41:58,OFC,NEW DELHI VAC,13 Aug 2026,10
2026-06-19 02:42:15,OFC,CHENNAI VAC,28 Jan 2027,13
2026-06-19 02:42:15,OFC,KOLKATA VAC,14 Oct 2026,2
2026-06-19 02:42:15,OFC,NEW DELHI VAC,13 Aug 2026,10
2026-06-19 02:42:33,OFC,CHENNAI VAC,28 Jan 2027,13
2026-06-19 02:42:33,OFC,KOLKATA VAC,14 Oct 2026,2
2026-06-19 02:42:33,OFC,NEW DELHI VAC,13 Aug 2026,10
2026-06-19 02:42:50,OFC,CHENNAI VAC,28 Jan 2027,13
2026-06-19 02:42:50,OFC,KOLKATA VAC,14 Oct 2026,2
2026-06-19 02:42:50,OFC,NEW DELHI VAC,13 Aug 2026,10
2026-06-19 02:43:08,OFC,CHENNAI VAC,28 Jan 2027,13
2026-06-19 02:43:08,OFC,KOLKATA VAC,14 Oct 2026,2
2026-06-19 02:43:08,OFC,NEW DELHI VAC,13 Aug 2026,10
2026-06-19 02:43:26,OFC,CHENNAI VAC,28 Jan 2027,13
2026-06-19 02:43:26,OFC,KOLKATA VAC,14 Oct 2026,2
2026-06-19 02:43:26,OFC,NEW DELHI VAC,13 Aug 2026,10
2026-06-19 02:43:45,OFC,CHENNAI VAC,28 Jan 2027,13
2026-06-19 02:43:45,OFC,KOLKATA VAC,14 Oct 2026,2
2026-06-19 02:43:45,OFC,NEW DELHI VAC,13 Aug 2026,10
2026-06-19 02:44:01,OFC,CHENNAI VAC,28 Jan 2027,13
2026-06-19 02:44:01,OFC,KOLKATA VAC,14 Oct 2026,2
2026-06-19 02:44:01,OFC,NEW DELHI VAC,13 Aug 2026,10
2026-06-19 02:44:20,OFC,CHENNAI VAC,28 Jan 2027,13
2026-06-19 02:44:20,OFC,KOLKATA VAC,14 Oct 2026,2
2026-06-19 02:44:20,OFC,NEW DELHI VAC,13 Aug 2026,10
2026-06-19 02:44:40,OFC,CHENNAI VAC,28 Jan 2027,13
2026-06-19 02:44:40,OFC,KOLKATA VAC,14 Oct 2026,2
2026-06-19 02:44:40,OFC,NEW DELHI VAC,13 Aug 2026,10
2026-06-19 02:44:58,OFC,CHENNAI VAC,28 Jan 2027,13
2026-06-19 02:44:58,OFC,KOLKATA VAC,14 Oct 2026,2
2026-06-19 02:44:58,OFC,NEW DELHI VAC,13 Aug 2026,10
2026-06-19 02:45:19,OFC,CHENNAI VAC,28 Jan 2027,13
2026-06-19 02:45:19,OFC,KOLKATA VAC,14 Oct 2026,2
2026-06-19 02:45:19,OFC,NEW DELHI VAC,13 Aug 2026,10
2026-06-19 02:45:37,OFC,CHENNAI VAC,28 Jan 2027,13
2026-06-19 02:45:37,OFC,KOLKATA VAC,14 Oct 2026,2
2026-06-19 02:45:37,OFC,NEW DELHI VAC,13 Aug 2026,10
2026-06-19 02:45:55,OFC,CHENNAI VAC,28 Jan 2027,13
2026-06-19 02:45:55,OFC,KOLKATA VAC,14 Oct 2026,2
2026-06-19 02:45:55,OFC,NEW DELHI VAC,13 Aug 2026,10
2026-06-19 02:46:12,OFC,CHENNAI VAC,28 Jan 2027,13
2026-06-19 02:46:12,OFC,KOLKATA VAC,14 Oct 2026,2
2026-06-19 02:46:12,OFC,NEW DELHI VAC,13 Aug 2026,10
2026-06-19 02:46:29,OFC,CHENNAI VAC,28 Jan 2027,13
2026-06-19 02:46:29,OFC,KOLKATA VAC,14 Oct 2026,2
2026-06-19 02:46:29,OFC,NEW DELHI VAC,13 Aug 2026,10
2026-06-19 02:46:50,OFC,CHENNAI VAC,28 Jan 2027,13
2026-06-19 02:46:50,OFC,KOLKATA VAC,14 Oct 2026,2
2026-06-19 02:46:50,OFC,NEW DELHI VAC,13 Aug 2026,10
2026-06-19 02:47:11,OFC,CHENNAI VAC,28 Jan 2027,13
2026-06-19 02:47:11,OFC,KOLKATA VAC,14 Oct 2026,2
2026-06-19 02:47:11,OFC,NEW DELHI VAC,13 Aug 2026,10
2026-06-19 02:47:31,OFC,CHENNAI VAC,28 Jan 2027,13
2026-06-19 02:47:31,OFC,KOLKATA VAC,14 Oct 2026,2
2026-06-19 02:47:31,OFC,NEW DELHI VAC,13 Aug 2026,10
2026-06-19 02:47:51,OFC,CHENNAI VAC,28 Jan 2027,13
2026-06-19 02:47:51,OFC,KOLKATA VAC,14 Oct 2026,2
2026-06-19 02:47:51,OFC,NEW DELHI VAC,13 Aug 2026,10
2026-06-19 02:48:08,OFC,CHENNAI VAC,28 Jan 2027,13
2026-06-19 02:48:08,OFC,KOLKATA VAC,14 Oct 2026,2
2026-06-19 02:48:08,OFC,NEW DELHI VAC,13 Aug 2026,10
2026-06-19 02:48:24,OFC,CHENNAI VAC,28 Jan 2027,13
2026-06-19 02:48:24,OFC,KOLKATA VAC,14 Oct 2026,2
2026-06-19 02:48:24,OFC,NEW DELHI VAC,13 Aug 2026,10
2026-06-19 02:48:45,OFC,CHENNAI VAC,28 Jan 2027,13
2026-06-19 02:48:45,OFC,KOLKATA VAC,14 Oct 2026,2
2026-06-19 02:48:45,OFC,NEW DELHI VAC,13 Aug 2026,10
2026-06-19 02:49:06,OFC,CHENNAI VAC,28 Jan 2027,13
2026-06-19 02:49:06,OFC,KOLKATA VAC,14 Oct 2026,2
2026-06-19 02:49:06,OFC,NEW DELHI VAC,13 Aug 2026,10
2026-06-19 02:49:24,OFC,CHENNAI VAC,28 Jan 2027,13
2026-06-19 02:49:24,OFC,KOLKATA VAC,14 Oct 2026,2
2026-06-19 02:49:24,OFC,NEW DELHI VAC,13 Aug 2026,10
2026-06-19 02:49:43,OFC,CHENNAI VAC,28 Jan 2027,13
2026-06-19 02:49:43,OFC,KOLKATA VAC,14 Oct 2026,2
2026-06-19 02:49:43,OFC,NEW DELHI VAC,13 Aug 2026,10
2026-06-19 02:50:01,OFC,CHENNAI VAC,28 Jan 2027,13
2026-06-19 02:50:01,OFC,KOLKATA VAC,14 Oct 2026,2
2026-06-19 02:50:01,OFC,NEW DELHI VAC,13 Aug 2026,10
2026-06-19 02:50:18,OFC,CHENNAI VAC,28 Jan 2027,13
2026-06-19 02:50:18,OFC,KOLKATA VAC,14 Oct 2026,2
2026-06-19 02:50:18,OFC,NEW DELHI VAC,13 Aug 2026,10
2026-06-19 02:50:39,OFC,CHENNAI VAC,28 Jan 2027,13
2026-06-19 02:50:39,OFC,KOLKATA VAC,14 Oct 2026,2
2026-06-19 02:50:39,OFC,NEW DELHI VAC,13 Aug 2026,10
2026-06-19 02:50:55,OFC,CHENNAI VAC,28 Jan 2027,13
2026-06-19 02:50:55,OFC,KOLKATA VAC,14 Oct 2026,2
2026-06-19 02:50:55,OFC,NEW DELHI VAC,13 Aug 2026,10
2026-06-19 02:51:12,OFC,CHENNAI VAC,28 Jan 2027,13
2026-06-19 02:51:12,OFC,KOLKATA VAC,14 Oct 2026,2
2026-06-19 02:51:12,OFC,NEW DELHI VAC,13 Aug 2026,10
2026-06-19 02:51:28,OFC,CHENNAI VAC,28 Jan 2027,13
2026-06-19 02:51:28,OFC,KOLKATA VAC,14 Oct 2026,2
2026-06-19 02:51:28,OFC,NEW DELHI VAC,13 Aug 2026,10
2026-06-19 02:51:48,OFC,CHENNAI VAC,28 Jan 2027,13
2026-06-19 02:51:48,OFC,KOLKATA VAC,14 Oct 2026,2
2026-06-19 02:51:48,OFC,NEW DELHI VAC,13 Aug 2026,10
2026-06-19 02:52:05,OFC,CHENNAI VAC,28 Jan 2027,13
2026-06-19 02:52:05,OFC,KOLKATA VAC,14 Oct 2026,2
2026-06-19 02:52:05,OFC,NEW DELHI VAC,13 Aug 2026,10
2026-06-19 02:52:26,OFC,CHENNAI VAC,28 Jan 2027,13
2026-06-19 02:52:26,OFC,KOLKATA VAC,14 Oct 2026,2
2026-06-19 02:52:26,OFC,NEW DELHI VAC,13 Aug 2026,10
2026-06-19 02:52:45,OFC,CHENNAI VAC,28 Jan 2027,13
2026-06-19 02:52:45,OFC,KOLKATA VAC,14 Oct 2026,2
2026-06-19 02:52:45,OFC,NEW DELHI VAC,13 Aug 2026,10
2026-06-19 02:53:05,OFC,CHENNAI VAC,28 Jan 2027,13
2026-06-19 02:53:05,OFC,KOLKATA VAC,14 Oct 2026,2
2026-06-19 02:53:05,OFC,NEW DELHI VAC,13 Aug 2026,10
2026-06-19 02:53:25,OFC,CHENNAI VAC,28 Jan 2027,13
2026-06-19 02:53:25,OFC,KOLKATA VAC,14 Oct 2026,2
2026-06-19 02:53:25,OFC,NEW DELHI VAC,13 Aug 2026,10
2026-06-19 02:53:44,OFC,CHENNAI VAC,28 Jan 2027,13
2026-06-19 02:53:44,OFC,KOLKATA VAC,14 Oct 2026,2
2026-06-19 02:53:44,OFC,NEW DELHI VAC,13 Aug 2026,10
2026-06-19 02:54:00,OFC,CHENNAI VAC,28 Jan 2027,13
2026-06-19 02:54:00,OFC,KOLKATA VAC,14 Oct 2026,2
2026-06-19 02:54:00,OFC,NEW DELHI VAC,13 Aug 2026,10
2026-06-19 02:54:19,OFC,CHENNAI VAC,28 Jan 2027,13
2026-06-19 02:54:19,OFC,KOLKATA VAC,14 Oct 2026,2
2026-06-19 02:54:19,OFC,NEW DELHI VAC,13 Aug 2026,10
2026-06-19 02:54:35,OFC,CHENNAI VAC,28 Jan 2027,13
2026-06-19 02:54:35,OFC,KOLKATA VAC,14 Oct 2026,2
2026-06-19 02:54:35,OFC,NEW DELHI VAC,13 Aug 2026,10
2026-06-19 02:54:53,OFC,CHENNAI VAC,28 Jan 2027,13
2026-06-19 02:54:53,OFC,KOLKATA VAC,14 Oct 2026,2
2026-06-19 02:54:53,OFC,NEW DELHI VAC,13 Aug 2026,10
2026-06-19 02:55:09,OFC,CHENNAI VAC,28 Jan 2027,13
2026-06-19 02:55:09,OFC,KOLKATA VAC,14 Oct 2026,2
2026-06-19 02:55:09,OFC,NEW DELHI VAC,13 Aug 2026,10
2026-06-19 02:55:26,OFC,CHENNAI VAC,28 Jan 2027,13
2026-06-19 02:55:26,OFC,KOLKATA VAC,14 Oct 2026,2
2026-06-19 02:55:26,OFC,NEW DELHI VAC,13 Aug 2026,10
2026-06-19 02:55:46,OFC,CHENNAI VAC,28 Jan 2027,13
2026-06-19 02:55:46,OFC,KOLKATA VAC,14 Oct 2026,2
2026-06-19 02:55:46,OFC,NEW DELHI VAC,13 Aug 2026,10
2026-06-19 02:56:02,OFC,CHENNAI VAC,28 Jan 2027,13
2026-06-19 02:56:02,OFC,KOLKATA VAC,14 Oct 2026,2
2026-06-19 02:56:02,OFC,NEW DELHI VAC,13 Aug 2026,10
2026-06-19 02:56:19,OFC,CHENNAI VAC,28 Jan 2027,13
2026-06-19 02:56:19,OFC,KOLKATA VAC,14 Oct 2026,2
2026-06-19 02:56:19,OFC,NEW DELHI VAC,13 Aug 2026,10
2026-06-19 02:56:39,OFC,CHENNAI VAC,28 Jan 2027,13
2026-06-19 02:56:39,OFC,KOLKATA VAC,14 Oct 2026,2
2026-06-19 02:56:39,OFC,NEW DELHI VAC,13 Aug 2026,10
2026-06-19 02:56:57,OFC,CHENNAI VAC,28 Jan 2027,13
2026-06-19 02:56:57,OFC,KOLKATA VAC,14 Oct 2026,2
2026-06-19 02:56:57,OFC,NEW DELHI VAC,13 Aug 2026,10
2026-06-19 02:57:14,OFC,CHENNAI VAC,28 Jan 2027,13
2026-06-19 02:57:14,OFC,KOLKATA VAC,14 Oct 2026,2
2026-06-19 02:57:14,OFC,NEW DELHI VAC,13 Aug 2026,10
2026-06-19 02:57:33,OFC,CHENNAI VAC,28 Jan 2027,13
2026-06-19 02:57:33,OFC,KOLKATA VAC,14 Oct 2026,2
2026-06-19 02:57:33,OFC,NEW DELHI VAC,13 Aug 2026,10
2026-06-19 02:57:49,OFC,CHENNAI VAC,28 Jan 2027,13
2026-06-19 02:57:49,OFC,KOLKATA VAC,14 Oct 2026,2
2026-06-19 02:57:49,OFC,NEW DELHI VAC,13 Aug 2026,10
2026-06-19 02:58:06,OFC,CHENNAI VAC,28 Jan 2027,13
2026-06-19 02:58:06,OFC,KOLKATA VAC,14 Oct 2026,2
2026-06-19 02:58:06,OFC,NEW DELHI VAC,13 Aug 2026,10
2026-06-19 02:58:26,OFC,CHENNAI VAC,28 Jan 2027,13
2026-06-19 02:58:26,OFC,KOLKATA VAC,14 Oct 2026,2
2026-06-19 02:58:26,OFC,NEW DELHI VAC,13 Aug 2026,10
2026-06-19 02:58:42,OFC,CHENNAI VAC,28 Jan 2027,13
2026-06-19 02:58:42,OFC,KOLKATA VAC,14 Oct 2026,2
2026-06-19 02:59:02,OFC,CHENNAI VAC,28 Jan 2027,13
2026-06-19 02:59:02,OFC,KOLKATA VAC,14 Oct 2026,2
2026-06-19 02:59:19,OFC,CHENNAI VAC,28 Jan 2027,13
2026-06-19 02:59:19,OFC,KOLKATA VAC,14 Oct 2026,2
2026-06-19 02:59:39,OFC,CHENNAI VAC,28 Jan 2027,13
2026-06-19 02:59:39,OFC,KOLKATA VAC,14 Oct 2026,2
2026-06-19 02:59:55,OFC,CHENNAI VAC,28 Jan 2027,13
2026-06-19 02:59:55,OFC,KOLKATA VAC,14 Oct 2026,2
2026-06-19 03:00:12,OFC,CHENNAI VAC,28 Jan 2027,13
2026-06-19 03:00:12,OFC,KOLKATA VAC,14 Oct 2026,2
2026-06-19 03:00:30,OFC,CHENNAI VAC,28 Jan 2027,13
2026-06-19 03:00:30,OFC,KOLKATA VAC,14 Oct 2026,2
2026-06-19 03:00:51,OFC,CHENNAI VAC,28 Jan 2027,13
2026-06-19 03:00:51,OFC,KOLKATA VAC,14 Oct 2026,2
2026-06-19 03:01:07,OFC,CHENNAI VAC,28 Jan 2027,13
2026-06-19 03:01:07,OFC,KOLKATA VAC,14 Oct 2026,2
2026-06-19 03:01:23,OFC,CHENNAI VAC,28 Jan 2027,13
2026-06-19 03:01:23,OFC,KOLKATA VAC,14 Oct 2026,2
2026-06-19 03:01:42,OFC,CHENNAI VAC,28 Jan 2027,13
2026-06-19 03:01:42,OFC,KOLKATA VAC,14 Oct 2026,2
2026-06-19 03:01:58,OFC,CHENNAI VAC,28 Jan 2027,13
2026-06-19 03:01:58,OFC,KOLKATA VAC,14 Oct 2026,2
2026-06-19 03:02:17,OFC,CHENNAI VAC,28 Jan 2027,13
2026-06-19 03:02:17,OFC,KOLKATA VAC,14 Oct 2026,2
2026-06-19 03:02:33,OFC,CHENNAI VAC,28 Jan 2027,13
2026-06-19 03:02:33,OFC,KOLKATA VAC,14 Oct 2026,2
2026-06-19 03:02:52,OFC,CHENNAI VAC,28 Jan 2027,13
2026-06-19 03:02:52,OFC,KOLKATA VAC,14 Oct 2026,2
2026-06-19 03:03:09,OFC,CHENNAI VAC,28 Jan 2027,13
2026-06-19 03:03:09,OFC,KOLKATA VAC,14 Oct 2026,2
2026-06-19 03:03:28,OFC,CHENNAI VAC,28 Jan 2027,13
2026-06-19 03:03:28,OFC,KOLKATA VAC,14 Oct 2026,2
2026-06-19 03:03:44,OFC,CHENNAI VAC,28 Jan 2027,13
2026-06-19 03:03:44,OFC,KOLKATA VAC,14 Oct 2026,2
2026-06-19 03:04:02,OFC,CHENNAI VAC,28 Jan 2027,13
2026-06-19 03:04:02,OFC,KOLKATA VAC,14 Oct 2026,2
2026-06-19 03:04:21,OFC,CHENNAI VAC,28 Jan 2027,13
2026-06-19 03:04:21,OFC,KOLKATA VAC,14 Oct 2026,2
2026-06-19 03:04:38,OFC,CHENNAI VAC,28 Jan 2027,13
2026-06-19 03:04:38,OFC,KOLKATA VAC,14 Oct 2026,2
2026-06-19 03:04:57,OFC,CHENNAI VAC,28 Jan 2027,13
2026-06-19 03:04:57,OFC,KOLKATA VAC,14 Oct 2026,2
2026-06-19 03:05:15,OFC,CHENNAI VAC,28 Jan 2027,13
2026-06-19 03:05:15,OFC,KOLKATA VAC,14 Oct 2026,2
2026-06-19 03:05:33,OFC,CHENNAI VAC,28 Jan 2027,13
2026-06-19 03:05:33,OFC,KOLKATA VAC,14 Oct 2026,2
2026-06-19 03:05:51,OFC,CHENNAI VAC,28 Jan 2027,13
2026-06-19 03:05:51,OFC,KOLKATA VAC,14 Oct 2026,2
2026-06-19 03:06:10,OFC,CHENNAI VAC,28 Jan 2027,13
2026-06-19 03:06:10,OFC,KOLKATA VAC,14 Oct 2026,2
2026-06-19 03:06:31,OFC,CHENNAI VAC,28 Jan 2027,13
2026-06-19 03:06:31,OFC,KOLKATA VAC,14 Oct 2026,2
2026-06-19 03:06:51,OFC,CHENNAI VAC,28 Jan 2027,13
2026-06-19 03:06:51,OFC,KOLKATA VAC,14 Oct 2026,2
2026-06-19 03:07:07,OFC,CHENNAI VAC,28 Jan 2027,13
2026-06-19 03:07:07,OFC,KOLKATA VAC,14 Oct 2026,2
2026-06-19 03:07:23,OFC,CHENNAI VAC,28 Jan 2027,13
2026-06-19 03:07:23,OFC,KOLKATA VAC,14 Oct 2026,2
2026-06-19 03:07:41,OFC,CHENNAI VAC,28 Jan 2027,13
2026-06-19 03:07:41,OFC,KOLKATA VAC,14 Oct 2026,2
2026-06-19 03:08:00,OFC,CHENNAI VAC,28 Jan 2027,13
2026-06-19 03:08:00,OFC,KOLKATA VAC,14 Oct 2026,2
2026-06-19 03:08:16,OFC,CHENNAI VAC,28 Jan 2027,13
2026-06-19 03:08:16,OFC,KOLKATA VAC,14 Oct 2026,2
2026-06-19 03:08:33,OFC,CHENNAI VAC,28 Jan 2027,13
2026-06-19 03:08:33,OFC,KOLKATA VAC,14 Oct 2026,2
2026-06-19 03:08:53,OFC,CHENNAI VAC,28 Jan 2027,13
2026-06-19 03:08:53,OFC,KOLKATA VAC,14 Oct 2026,2
2026-06-19 03:09:10,OFC,CHENNAI VAC,28 Jan 2027,13
2026-06-19 03:09:10,OFC,KOLKATA VAC,14 Oct 2026,2
2026-06-19 03:09:30,OFC,CHENNAI VAC,28 Jan 2027,13
2026-06-19 03:09:30,OFC,KOLKATA VAC,14 Oct 2026,2
2026-06-19 03:09:45,OFC,CHENNAI VAC,28 Jan 2027,13
2026-06-19 03:09:45,OFC,KOLKATA VAC,14 Oct 2026,2
2026-06-19 03:10:02,OFC,CHENNAI VAC,28 Jan 2027,13
2026-06-19 03:10:02,OFC,KOLKATA VAC,14 Oct 2026,2
2026-06-19 03:10:19,OFC,CHENNAI VAC,28 Jan 2027,13
2026-06-19 03:10:19,OFC,KOLKATA VAC,14 Oct 2026,2
2026-06-19 03:10:37,OFC,CHENNAI VAC,28 Jan 2027,13
2026-06-19 03:10:37,OFC,KOLKATA VAC,14 Oct 2026,2
2026-06-19 03:10:55,OFC,CHENNAI VAC,28 Jan 2027,13
2026-06-19 03:10:55,OFC,KOLKATA VAC,14 Oct 2026,2
2026-06-19 03:11:14,OFC,CHENNAI VAC,28 Jan 2027,13
2026-06-19 03:11:14,OFC,KOLKATA VAC,14 Oct 2026,2
2026-06-19 03:11:32,OFC,CHENNAI VAC,28 Jan 2027,13
2026-06-19 03:11:32,OFC,KOLKATA VAC,14 Oct 2026,2
2026-06-19 03:11:51,OFC,CHENNAI VAC,28 Jan 2027,13
2026-06-19 03:11:51,OFC,KOLKATA VAC,14 Oct 2026,2
2026-06-19 03:12:12,OFC,CHENNAI VAC,28 Jan 2027,13
2026-06-19 03:12:12,OFC,KOLKATA VAC,14 Oct 2026,2
2026-06-19 03:12:31,OFC,CHENNAI VAC,28 Jan 2027,13
2026-06-19 03:12:31,OFC,KOLKATA VAC,14 Oct 2026,2
2026-06-19 03:12:50,OFC,CHENNAI VAC,28 Jan 2027,13
2026-06-19 03:12:50,OFC,KOLKATA VAC,14 Oct 2026,2
2026-06-19 03:13:08,OFC,CHENNAI VAC,28 Jan 2027,13
2026-06-19 03:13:08,OFC,KOLKATA VAC,14 Oct 2026,2
2026-06-19 03:13:25,OFC,CHENNAI VAC,28 Jan 2027,13
2026-06-19 03:13:25,OFC,KOLKATA VAC,14 Oct 2026,2
2026-06-19 03:13:43,OFC,CHENNAI VAC,28 Jan 2027,13
2026-06-19 03:13:43,OFC,KOLKATA VAC,14 Oct 2026,2
2026-06-19 03:14:01,OFC,CHENNAI VAC,28 Jan 2027,13
2026-06-19 03:14:01,OFC,KOLKATA VAC,14 Oct 2026,2
2026-06-19 03:14:18,OFC,CHENNAI VAC,28 Jan 2027,13
2026-06-19 03:14:18,OFC,KOLKATA VAC,14 Oct 2026,2
2026-06-19 03:14:36,OFC,CHENNAI VAC,28 Jan 2027,13
2026-06-19 03:14:36,OFC,KOLKATA VAC,14 Oct 2026,2
2026-06-19 03:14:54,OFC,CHENNAI VAC,28 Jan 2027,13
2026-06-19 03:14:54,OFC,KOLKATA VAC,14 Oct 2026,2
2026-06-19 03:15:13,OFC,CHENNAI VAC,28 Jan 2027,13
2026-06-19 03:15:13,OFC,KOLKATA VAC,14 Oct 2026,2
2026-06-19 03:15:34,OFC,CHENNAI VAC,28 Jan 2027,13
2026-06-19 03:15:34,OFC,KOLKATA VAC,14 Oct 2026,2
2026-06-19 03:15:49,OFC,CHENNAI VAC,28 Jan 2027,13
2026-06-19 03:15:49,OFC,KOLKATA VAC,14 Oct 2026,2
2026-06-19 03:16:10,OFC,CHENNAI VAC,28 Jan 2027,13
2026-06-19 03:16:10,OFC,KOLKATA VAC,14 Oct 2026,2
2026-06-19 03:16:26,OFC,CHENNAI VAC,28 Jan 2027,13
2026-06-19 03:16:26,OFC,KOLKATA VAC,14 Oct 2026,2
2026-06-19 03:16:44,OFC,CHENNAI VAC,28 Jan 2027,13
2026-06-19 03:16:44,OFC,KOLKATA VAC,14 Oct 2026,2
2026-06-19 03:17:05,OFC,CHENNAI VAC,28 Jan 2027,13
2026-06-19 03:17:05,OFC,KOLKATA VAC,14 Oct 2026,2
2026-06-19 03:17:22,OFC,CHENNAI VAC,28 Jan 2027,13
2026-06-19 03:17:22,OFC,KOLKATA VAC,14 Oct 2026,2
2026-06-19 03:17:41,OFC,CHENNAI VAC,28 Jan 2027,13
2026-06-19 03:17:41,OFC,KOLKATA VAC,14 Oct 2026,2
2026-06-19 03:17:59,OFC,CHENNAI VAC,28 Jan 2027,13
2026-06-19 03:17:59,OFC,KOLKATA VAC,14 Oct 2026,2
2026-06-19 03:18:17,OFC,CHENNAI VAC,28 Jan 2027,13
2026-06-19 03:18:17,OFC,KOLKATA VAC,14 Oct 2026,2
2026-06-19 03:18:35,OFC,CHENNAI VAC,28 Jan 2027,13
2026-06-19 03:18:35,OFC,KOLKATA VAC,14 Oct 2026,2
2026-06-19 03:18:55,OFC,CHENNAI VAC,28 Jan 2027,13
2026-06-19 03:18:55,OFC,KOLKATA VAC,14 Oct 2026,2
2026-06-19 03:19:14,OFC,CHENNAI VAC,28 Jan 2027,13
2026-06-19 03:19:14,OFC,KOLKATA VAC,14 Oct 2026,2
2026-06-19 03:19:31,OFC,CHENNAI VAC,28 Jan 2027,13
2026-06-19 03:19:31,OFC,KOLKATA VAC,14 Oct 2026,2
2026-06-19 03:19:48,OFC,CHENNAI VAC,28 Jan 2027,13
2026-06-19 03:19:48,OFC,KOLKATA VAC,14 Oct 2026,2
2026-06-19 03:20:07,OFC,CHENNAI VAC,28 Jan 2027,13
2026-06-19 03:20:07,OFC,KOLKATA VAC,14 Oct 2026,2
2026-06-19 03:20:25,OFC,CHENNAI VAC,28 Jan 2027,13
2026-06-19 03:20:25,OFC,KOLKATA VAC,14 Oct 2026,2
2026-06-19 03:20:45,OFC,CHENNAI VAC,28 Jan 2027,13
2026-06-19 03:20:45,OFC,KOLKATA VAC,14 Oct 2026,2
2026-06-19 03:21:02,OFC,CHENNAI VAC,28 Jan 2027,13
2026-06-19 03:21:02,OFC,KOLKATA VAC,14 Oct 2026,2
2026-06-19 03:21:20,OFC,CHENNAI VAC,28 Jan 2027,13
2026-06-19 03:21:20,OFC,KOLKATA VAC,14 Oct 2026,2
2026-06-19 03:21:38,OFC,CHENNAI VAC,28 Jan 2027,13
2026-06-19 03:21:38,OFC,KOLKATA VAC,14 Oct 2026,2
2026-06-19 03:21:56,OFC,CHENNAI VAC,28 Jan 2027,13
2026-06-19 03:21:56,OFC,KOLKATA VAC,14 Oct 2026,2
2026-06-19 03:22:17,OFC,CHENNAI VAC,28 Jan 2027,13
2026-06-19 03:22:17,OFC,KOLKATA VAC,14 Oct 2026,2
2026-06-19 03:22:37,OFC,CHENNAI VAC,28 Jan 2027,13
2026-06-19 03:22:37,OFC,KOLKATA VAC,14 Oct 2026,2
2026-06-19 03:22:55,OFC,CHENNAI VAC,28 Jan 2027,13
2026-06-19 03:22:55,OFC,KOLKATA VAC,14 Oct 2026,2
2026-06-19 03:23:16,OFC,CHENNAI VAC,28 Jan 2027,13
2026-06-19 03:23:16,OFC,KOLKATA VAC,14 Oct 2026,2
2026-06-19 03:23:32,OFC,CHENNAI VAC,28 Jan 2027,13
2026-06-19 03:23:32,OFC,KOLKATA VAC,14 Oct 2026,2
2026-06-19 03:23:52,OFC,CHENNAI VAC,28 Jan 2027,13
2026-06-19 03:23:52,OFC,KOLKATA VAC,14 Oct 2026,2
2026-06-19 03:24:13,OFC,CHENNAI VAC,28 Jan 2027,13
2026-06-19 03:24:13,OFC,KOLKATA VAC,14 Oct 2026,2
2026-06-19 03:24:32,OFC,CHENNAI VAC,28 Jan 2027,13
2026-06-19 03:24:32,OFC,KOLKATA VAC,14 Oct 2026,2
2026-06-19 03:24:52,OFC,CHENNAI VAC,28 Jan 2027,13
2026-06-19 03:24:52,OFC,KOLKATA VAC,14 Oct 2026,2
2026-06-19 03:25:10,OFC,CHENNAI VAC,28 Jan 2027,13
2026-06-19 03:25:10,OFC,KOLKATA VAC,14 Oct 2026,2
2026-06-19 03:25:31,OFC,CHENNAI VAC,28 Jan 2027,13
2026-06-19 03:25:31,OFC,KOLKATA VAC,14 Oct 2026,2
2026-06-19 03:25:48,OFC,CHENNAI VAC,28 Jan 2027,13
2026-06-19 03:25:48,OFC,KOLKATA VAC,14 Oct 2026,2
2026-06-19 03:26:04,OFC,CHENNAI VAC,28 Jan 2027,13
2026-06-19 03:26:20,OFC,CHENNAI VAC,28 Jan 2027,13
2026-06-19 03:26:38,OFC,CHENNAI VAC,28 Jan 2027,13
2026-06-19 03:26:57,OFC,CHENNAI VAC,28 Jan 2027,13
2026-06-19 03:27:16,OFC,CHENNAI VAC,28 Jan 2027,13
2026-06-19 03:27:36,OFC,CHENNAI VAC,28 Jan 2027,13
2026-06-19 03:27:55,OFC,CHENNAI VAC,28 Jan 2027,13
2026-06-19 03:28:13,OFC,CHENNAI VAC,28 Jan 2027,13
2026-06-19 03:28:29,OFC,CHENNAI VAC,28 Jan 2027,13
2026-06-19 03:28:46,OFC,CHENNAI VAC,28 Jan 2027,13
2026-06-19 03:29:04,OFC,CHENNAI VAC,28 Jan 2027,13
2026-06-19 03:29:20,OFC,CHENNAI VAC,28 Jan 2027,13
2026-06-19 03:29:39,OFC,CHENNAI VAC,28 Jan 2027,13
2026-06-19 03:29:57,OFC,CHENNAI VAC,28 Jan 2027,13
2026-06-19 03:30:13,OFC,CHENNAI VAC,28 Jan 2027,13
2026-06-19 03:30:33,OFC,CHENNAI VAC,28 Jun 2026,17
2026-06-19 03:30:51,OFC,CHENNAI VAC,28 Jun 2026,17
2026-06-19 03:31:08,OFC,CHENNAI VAC,28 Jun 2026,17
2026-06-19 03:31:25,OFC,CHENNAI VAC,28 Jun 2026,17
2026-06-19 03:31:41,OFC,CHENNAI VAC,04 Jan 2027,12
2026-06-19 03:32:00,OFC,CHENNAI VAC,04 Jan 2027,12
2026-06-19 03:32:18,OFC,CHENNAI VAC,04 Jan 2027,12
2026-06-19 03:32:37,OFC,CHENNAI VAC,04 Jan 2027,12
2026-06-19 03:32:54,OFC,CHENNAI VAC,04 Jan 2027,12
2026-06-19 03:33:11,OFC,CHENNAI VAC,04 Jan 2027,12
2026-06-19 03:33:30,OFC,CHENNAI VAC,04 Jan 2027,12
2026-06-19 03:33:51,OFC,CHENNAI VAC,04 Jan 2027,12
2026-06-19 03:34:08,OFC,CHENNAI VAC,04 Jan 2027,12
2026-06-19 03:34:25,OFC,CHENNAI VAC,04 Jan 2027,12
2026-06-19 03:34:43,OFC,CHENNAI VAC,04 Jan 2027,12
2026-06-19 03:35:01,OFC,CHENNAI VAC,04 Jan 2027,12
2026-06-19 03:35:19,OFC,CHENNAI VAC,04 Jan 2027,12
2026-06-19 03:35:36,OFC,CHENNAI VAC,04 Jan 2027,12
2026-06-19 03:35:56,OFC,CHENNAI VAC,04 Jan 2027,12
2026-06-19 03:36:14,OFC,CHENNAI VAC,04 Jan 2027,12
2026-06-19 03:36:32,OFC,CHENNAI VAC,04 Jan 2027,12
2026-06-19 03:36:51,OFC,CHENNAI VAC,04 Jan 2027,12
2026-06-19 03:37:06,OFC,CHENNAI VAC,04 Jan 2027,12
2026-06-19 03:37:22,OFC,CHENNAI VAC,04 Jan 2027,12
2026-06-19 03:37:38,OFC,CHENNAI VAC,04 Jan 2027,12
2026-06-19 03:37:55,OFC,CHENNAI VAC,04 Jan 2027,12
2026-06-19 03:38:14,OFC,CHENNAI VAC,04 Jan 2027,12
2026-06-19 03:38:34,OFC,CHENNAI VAC,04 Jan 2027,12
2026-06-19 03:38:54,OFC,CHENNAI VAC,04 Jan 2027,12
2026-06-19 03:39:13,OFC,CHENNAI VAC,04 Jan 2027,12
2026-06-19 03:39:31,OFC,CHENNAI VAC,04 Jan 2027,12
2026-06-19 03:39:52,OFC,CHENNAI VAC,04 Jan 2027,12
2026-06-19 03:40:09,OFC,CHENNAI VAC,04 Jan 2027,12
2026-06-19 03:40:26,OFC,CHENNAI VAC,04 Jan 2027,12
2026-06-19 03:40:44,OFC,CHENNAI VAC,04 Jan 2027,12
2026-06-19 03:41:05,OFC,CHENNAI VAC,04 Jan 2027,12
2026-06-19 03:41:25,OFC,CHENNAI VAC,04 Jan 2027,12
2026-06-19 03:41:44,OFC,CHENNAI VAC,04 Jan 2027,12
2026-06-19 03:42:03,OFC,CHENNAI VAC,04 Jan 2027,12
2026-06-19 03:42:18,OFC,CHENNAI VAC,04 Jan 2027,12
2026-06-19 03:42:35,OFC,CHENNAI VAC,04 Jan 2027,12
2026-06-19 03:42:53,OFC,CHENNAI VAC,04 Jan 2027,12
2026-06-19 03:43:12,OFC,CHENNAI VAC,04 Jan 2027,12
2026-06-19 03:43:32,OFC,CHENNAI VAC,04 Jan 2027,12
2026-06-19 03:43:50,OFC,CHENNAI VAC,04 Jan 2027,12
2026-06-19 03:44:10,OFC,CHENNAI VAC,04 Jan 2027,12
2026-06-19 03:44:31,OFC,CHENNAI VAC,04 Jan 2027,12
2026-06-19 03:44:48,OFC,CHENNAI VAC,04 Jan 2027,12
2026-06-19 03:45:06,OFC,CHENNAI VAC,04 Jan 2027,12
2026-06-19 03:45:26,OFC,CHENNAI VAC,04 Jan 2027,12
2026-06-19 03:45:43,OFC,CHENNAI VAC,04 Jan 2027,12
2026-06-19 03:46:03,OFC,CHENNAI VAC,04 Jan 2027,12
2026-06-19 03:46:19,OFC,CHENNAI VAC,04 Jan 2027,12
2026-06-19 03:46:40,OFC,CHENNAI VAC,04 Jan 2027,12
2026-06-19 03:46:59,OFC,CHENNAI VAC,04 Jan 2027,12
2026-06-19 03:47:15,OFC,CHENNAI VAC,04 Jan 2027,12
2026-06-19 03:47:34,OFC,CHENNAI VAC,04 Jan 2027,12
2026-06-19 03:47:50,OFC,CHENNAI VAC,04 Jan 2027,12
2026-06-19 03:48:11,OFC,CHENNAI VAC,04 Jan 2027,12
2026-06-19 03:48:29,OFC,CHENNAI VAC,04 Jan 2027,12
2026-06-19 03:48:45,OFC,CHENNAI VAC,04 Jan 2027,12
2026-06-19 03:49:05,OFC,CHENNAI VAC,04 Jan 2027,12
2026-06-19 03:49:22,OFC,CHENNAI VAC,04 Jan 2027,12
2026-06-19 03:49:41,OFC,CHENNAI VAC,04 Jan 2027,12
2026-06-19 03:50:01,OFC,CHENNAI VAC,04 Jan 2027,12
2026-06-19 03:50:19,OFC,CHENNAI VAC,04 Jan 2027,12
2026-06-19 03:50:38,OFC,CHENNAI VAC,04 Jan 2027,12
2026-06-19 03:50:56,OFC,CHENNAI VAC,04 Jan 2027,12
2026-06-19 03:51:15,OFC,CHENNAI VAC,04 Jan 2027,12
2026-06-19 03:51:35,OFC,CHENNAI VAC,04 Jan 2027,12
2026-06-19 03:51:52,OFC,CHENNAI VAC,04 Jan 2027,12
2026-06-19 03:52:10,OFC,CHENNAI VAC,04 Jan 2027,12
2026-06-19 03:52:26,OFC,CHENNAI VAC,04 Jan 2027,12
2026-06-19 03:52:42,OFC,CHENNAI VAC,04 Jan 2027,12
2026-06-19 03:52:59,OFC,CHENNAI VAC,04 Jan 2027,12
2026-06-19 03:53:15,OFC,CHENNAI VAC,04 Jan 2027,12
2026-06-19 03:53:36,OFC,CHENNAI VAC,04 Jan 2027,12
2026-06-19 03:53:54,OFC,CHENNAI VAC,04 Jan 2027,12
2026-06-19 03:54:14,OFC,CHENNAI VAC,04 Jan 2027,12
2026-06-19 03:54:32,OFC,CHENNAI VAC,04 Jan 2027,12
2026-06-19 03:54:50,OFC,CHENNAI VAC,04 Jan 2027,12
2026-06-19 03:55:09,OFC,CHENNAI VAC,04 Jan 2027,12
2026-06-19 03:55:27,OFC,CHENNAI VAC,04 Jan 2027,12
2026-06-19 03:55:46,OFC,CHENNAI VAC,04 Jan 2027,12
2026-06-19 03:56:05,OFC,CHENNAI VAC,04 Jan 2027,12
2026-06-19 03:56:22,OFC,CHENNAI VAC,04 Jan 2027,12
2026-06-19 03:56:40,OFC,CHENNAI VAC,04 Jan 2027,12
2026-06-19 03:56:58,OFC,CHENNAI VAC,04 Jan 2027,12
2026-06-19 03:57:17,OFC,CHENNAI VAC,04 Jan 2027,12
2026-06-19 03:57:34,OFC,CHENNAI VAC,04 Jan 2027,12
2026-06-19 03:57:54,OFC,CHENNAI VAC,04 Jan 2027,12
2026-06-19 03:58:10,OFC,CHENNAI VAC,04 Jan 2027,12
2026-06-19 03:58:31,OFC,CHENNAI VAC,04 Jan 2027,12
2026-06-19 03:58:46,OFC,CHENNAI VAC,04 Jan 2027,12
2026-06-19 03:59:04,OFC,CHENNAI VAC,04 Jan 2027,12
2026-06-19 03:59:22,OFC,CHENNAI VAC,04 Jan 2027,12
2026-06-19 03:59:38,OFC,CHENNAI VAC,04 Jan 2027,12
2026-06-19 03:59:54,OFC,CHENNAI VAC,04 Jan 2027,12
2026-06-19 04:00:11,OFC,CHENNAI VAC,04 Jan 2027,12
2026-06-19 04:00:28,OFC,CHENNAI VAC,04 Jan 2027,12
2026-06-19 04:00:48,OFC,CHENNAI VAC,04 Jan 2027,12
2026-06-19 04:01:04,OFC,CHENNAI VAC,04 Jan 2027,12
2026-06-19 04:01:22,OFC,CHENNAI VAC,04 Jan 2027,12
2026-06-19 04:01:40,OFC,CHENNAI VAC,04 Jan 2027,12
2026-06-19 04:01:58,OFC,CHENNAI VAC,04 Jan 2027,12
2026-06-19 04:02:16,OFC,CHENNAI VAC,04 Jan 2027,12
2026-06-19 04:02:32,OFC,CHENNAI VAC,04 Jan 2027,12
2026-06-19 04:02:52,OFC,CHENNAI VAC,04 Jan 2027,12
2026-06-19 04:03:12,OFC,CHENNAI VAC,04 Jan 2027,12
2026-06-19 04:03:30,OFC,CHENNAI VAC,04 Jan 2027,12
2026-06-19 04:03:47,OFC,CHENNAI VAC,04 Jan 2027,12
2026-06-19 04:04:04,OFC,CHENNAI VAC,04 Jan 2027,12
2026-06-19 04:04:23,OFC,CHENNAI VAC,04 Jan 2027,12
2026-06-19 04:04:39,OFC,CHENNAI VAC,04 Jan 2027,12
2026-06-19 04:04:58,OFC,CHENNAI VAC,04 Jan 2027,12
2026-06-19 04:05:15,OFC,CHENNAI VAC,04 Jan 2027,12
2026-06-19 04:05:35,OFC,CHENNAI VAC,04 Jan 2027,12
2026-06-19 04:05:51,OFC,CHENNAI VAC,04 Jan 2027,12
2026-06-19 04:06:08,OFC,CHENNAI VAC,04 Jan 2027,12
2026-06-19 04:06:25,OFC,CHENNAI VAC,04 Jan 2027,12
2026-06-19 04:06:46,OFC,CHENNAI VAC,04 Jan 2027,12
2026-06-19 04:07:03,OFC,CHENNAI VAC,04 Jan 2027,12
2026-06-19 04:07:21,OFC,CHENNAI VAC,04 Jan 2027,12
2026-06-19 04:07:37,OFC,CHENNAI VAC,04 Jan 2027,12
2026-06-19 04:07:55,OFC,CHENNAI VAC,04 Jan 2027,12
2026-06-19 04:08:13,OFC,CHENNAI VAC,04 Jan 2027,12
2026-06-19 04:08:30,OFC,CHENNAI VAC,04 Jan 2027,12
2026-06-19 04:08:49,OFC,CHENNAI VAC,04 Jan 2027,12
2026-06-19 04:09:09,OFC,CHENNAI VAC,04 Jan 2027,12
2026-06-19 04:09:29,OFC,CHENNAI VAC,04 Jan 2027,12
2026-06-19 04:09:48,OFC,CHENNAI VAC,04 Jan 2027,12
2026-06-19 04:10:07,OFC,CHENNAI VAC,04 Jan 2027,12
2026-06-19 04:10:26,OFC,CHENNAI VAC,04 Jan 2027,12
2026-06-19 04:10:46,OFC,CHENNAI VAC,04 Jan 2027,12
2026-06-19 04:11:05,OFC,CHENNAI VAC,04 Jan 2027,12
2026-06-19 04:11:25,OFC,CHENNAI VAC,04 Jan 2027,12
2026-06-19 04:11:44,OFC,CHENNAI VAC,04 Jan 2027,12
2026-06-19 04:12:00,OFC,CHENNAI VAC,04 Jan 2027,12
2026-06-19 04:12:17,OFC,CHENNAI VAC,04 Jan 2027,12
2026-06-19 04:12:37,OFC,CHENNAI VAC,04 Jan 2027,12
2026-06-19 04:12:56,OFC,CHENNAI VAC,04 Jan 2027,12
2026-06-19 04:13:13,OFC,CHENNAI VAC,04 Jan 2027,12
2026-06-19 04:13:30,OFC,CHENNAI VAC,04 Jan 2027,12
2026-06-19 04:13:47,OFC,CHENNAI VAC,04 Jan 2027,12
2026-06-19 04:14:05,OFC,CHENNAI VAC,04 Jan 2027,12
2026-06-19 04:14:24,OFC,CHENNAI VAC,04 Jan 2027,12
2026-06-19 04:14:45,OFC,CHENNAI VAC,04 Jan 2027,12
2026-06-19 04:15:01,OFC,CHENNAI VAC,04 Jan 2027,12
2026-06-19 04:15:17,OFC,CHENNAI VAC,04 Jan 2027,12
2026-06-19 04:15:36,OFC,CHENNAI VAC,04 Jan 2027,12
2026-06-19 04:15:56,OFC,CHENNAI VAC,04 Jan 2027,12
2026-06-19 04:16:14,OFC,CHENNAI VAC,04 Jan 2027,12
2026-06-19 04:16:30,OFC,CHENNAI VAC,04 Jan 2027,12
2026-06-19 04:16:50,OFC,CHENNAI VAC,04 Jan 2027,12
2026-06-19 04:17:08,OFC,CHENNAI VAC,04 Jan 2027,12
2026-06-19 04:17:26,OFC,CHENNAI VAC,04 Jan 2027,12
2026-06-19 04:26:08,OFC,CHENNAI VAC,28 Jun 2026,16
2026-06-19 04:26:26,OFC,CHENNAI VAC,28 Jun 2026,16
2026-06-19 04:26:44,OFC,CHENNAI VAC,28 Jun 2026,16
2026-06-19 04:27:00,OFC,CHENNAI VAC,28 Jun 2026,16
2026-06-19 04:27:18,OFC,CHENNAI VAC,28 Jun 2026,16
2026-06-19 04:27:36,OFC,CHENNAI VAC,28 Jun 2026,16
2026-06-19 04:27:54,OFC,CHENNAI VAC,28 Jun 2026,16
2026-06-19 04:28:13,OFC,CHENNAI VAC,28 Jun 2026,16
2026-06-19 04:28:32,OFC,CHENNAI VAC,28 Jun 2026,16
2026-06-19 04:28:51,OFC,CHENNAI VAC,28 Jun 2026,16
2026-06-19 04:29:07,OFC,CHENNAI VAC,28 Jun 2026,16
2026-06-19 04:29:23,OFC,CHENNAI VAC,28 Jun 2026,16
2026-06-19 04:29:41,OFC,CHENNAI VAC,28 Jun 2026,16
2026-06-19 04:29:57,OFC,CHENNAI VAC,28 Jun 2026,16
2026-06-19 04:30:17,OFC,CHENNAI VAC,28 Jun 2026,16
2026-06-19 04:30:37,OFC,CHENNAI VAC,28 Jun 2026,16
2026-06-19 04:30:56,OFC,CHENNAI VAC,28 Jun 2026,16
2026-06-19 04:31:16,OFC,CHENNAI VAC,28 Jun 2026,16
2026-06-19 04:31:35,OFC,CHENNAI VAC,28 Jun 2026,16
2026-06-19 04:31:54,OFC,CHENNAI VAC,28 Jun 2026,16
2026-06-19 04:32:12,OFC,CHENNAI VAC,28 Jun 2026,16
2026-06-19 04:32:30,OFC,CHENNAI VAC,28 Jun 2026,16
2026-06-19 04:32:49,OFC,CHENNAI VAC,28 Jun 2026,16
2026-06-19 04:33:10,OFC,CHENNAI VAC,28 Jun 2026,16
2026-06-19 04:33:28,OFC,CHENNAI VAC,28 Jun 2026,16
2026-06-19 04:56:20,OFC,MUMBAI VAC,10 Dec 2026,1
2026-06-19 04:56:37,OFC,MUMBAI VAC,10 Dec 2026,1
2026-06-19 04:56:56,OFC,MUMBAI VAC,10 Dec 2026,1
2026-06-19 04:57:16,OFC,MUMBAI VAC,10 Dec 2026,1
2026-06-19 04:57:36,OFC,MUMBAI VAC,10 Dec 2026,1
2026-06-19 04:57:52,OFC,MUMBAI VAC,10 Dec 2026,1
2026-06-19 04:58:11,OFC,MUMBAI VAC,10 Dec 2026,1
2026-06-19 05:00:01,OFC,CHENNAI VAC,04 Jan 2027,4
2026-06-19 05:00:19,OFC,CHENNAI VAC,04 Jan 2027,4
2026-06-19 05:00:36,OFC,CHENNAI VAC,04 Jan 2027,4
2026-06-19 05:00:36,OFC,NEW DELHI VAC,19 Jan 2027,11
2026-06-19 05:00:54,OFC,CHENNAI VAC,04 Jan 2027,4
2026-06-19 05:00:54,OFC,NEW DELHI VAC,19 Jan 2027,11
2026-06-19 05:01:14,OFC,CHENNAI VAC,04 Jan 2027,4
2026-06-19 05:01:14,OFC,NEW DELHI VAC,19 Jan 2027,11
2026-06-19 05:01:34,OFC,CHENNAI VAC,04 Jan 2027,4
2026-06-19 05:01:34,OFC,NEW DELHI VAC,19 Jan 2027,11
2026-06-19 05:01:50,OFC,CHENNAI VAC,04 Jan 2027,4
2026-06-19 05:01:50,OFC,NEW DELHI VAC,19 Jan 2027,11
2026-06-19 05:02:07,OFC,CHENNAI VAC,04 Jan 2027,4
2026-06-19 05:02:07,OFC,NEW DELHI VAC,19 Jan 2027,11
2026-06-19 05:02:26,OFC,CHENNAI VAC,04 Jan 2027,4
2026-06-19 05:02:26,OFC,NEW DELHI VAC,19 Jan 2027,11
2026-06-19 05:02:46,OFC,CHENNAI VAC,04 Jan 2027,4
2026-06-19 05:02:46,OFC,NEW DELHI VAC,19 Jan 2027,11
2026-06-19 05:03:05,OFC,CHENNAI VAC,04 Jan 2027,4
2026-06-19 05:03:05,OFC,NEW DELHI VAC,19 Jan 2027,11
2026-06-19 05:03:24,OFC,CHENNAI VAC,04 Jan 2027,4
2026-06-19 05:03:24,OFC,NEW DELHI VAC,19 Jan 2027,11
2026-06-19 05:03:42,OFC,CHENNAI VAC,04 Jan 2027,4
2026-06-19 05:03:42,OFC,NEW DELHI VAC,19 Jan 2027,11
2026-06-19 05:04:00,OFC,CHENNAI VAC,04 Jan 2027,4
2026-06-19 05:04:00,OFC,NEW DELHI VAC,19 Jan 2027,11
2026-06-19 05:04:18,OFC,CHENNAI VAC,04 Jan 2027,4
2026-06-19 05:04:18,OFC,NEW DELHI VAC,19 Jan 2027,11
2026-06-19 05:04:36,OFC,CHENNAI VAC,04 Jan 2027,4
2026-06-19 05:04:36,OFC,NEW DELHI VAC,19 Jan 2027,11
2026-06-19 05:04:52,OFC,CHENNAI VAC,04 Jan 2027,4
2026-06-19 05:04:52,OFC,NEW DELHI VAC,19 Jan 2027,11
2026-06-19 05:05:10,OFC,CHENNAI VAC,04 Jan 2027,4
2026-06-19 05:05:10,OFC,NEW DELHI VAC,19 Jan 2027,11
2026-06-19 05:05:30,OFC,CHENNAI VAC,04 Jan 2027,4
2026-06-19 05:05:30,OFC,NEW DELHI VAC,19 Jan 2027,11
2026-06-19 05:05:46,OFC,CHENNAI VAC,04 Jan 2027,4
2026-06-19 05:05:46,OFC,NEW DELHI VAC,19 Jan 2027,11
2026-06-19 05:06:06,OFC,CHENNAI VAC,04 Jan 2027,4
2026-06-19 05:06:06,OFC,NEW DELHI VAC,19 Jan 2027,11
2026-06-19 05:06:25,OFC,CHENNAI VAC,04 Jan 2027,4
2026-06-19 05:06:25,OFC,NEW DELHI VAC,19 Jan 2027,11
2026-06-19 05:06:42,OFC,CHENNAI VAC,04 Jan 2027,4
2026-06-19 05:06:42,OFC,NEW DELHI VAC,19 Jan 2027,11
2026-06-19 05:07:03,OFC,CHENNAI VAC,04 Jan 2027,4
2026-06-19 05:07:03,OFC,NEW DELHI VAC,19 Jan 2027,11
2026-06-19 05:07:20,OFC,CHENNAI VAC,04 Jan 2027,4
2026-06-19 05:07:20,OFC,NEW DELHI VAC,19 Jan 2027,11
2026-06-19 05:07:38,OFC,CHENNAI VAC,04 Jan 2027,4
2026-06-19 05:07:38,OFC,NEW DELHI VAC,19 Jan 2027,11
2026-06-19 05:07:55,OFC,CHENNAI VAC,04 Jan 2027,4
2026-06-19 05:07:55,OFC,NEW DELHI VAC,19 Jan 2027,11
2026-06-19 05:08:12,OFC,CHENNAI VAC,04 Jan 2027,4
2026-06-19 05:08:12,OFC,NEW DELHI VAC,19 Jan 2027,11
2026-06-19 05:08:28,OFC,CHENNAI VAC,04 Jan 2027,4
2026-06-19 05:08:28,OFC,NEW DELHI VAC,19 Jan 2027,11
2026-06-19 05:08:44,OFC,CHENNAI VAC,04 Jan 2027,4
2026-06-19 05:08:44,OFC,NEW DELHI VAC,19 Jan 2027,11
2026-06-19 05:09:00,OFC,CHENNAI VAC,04 Jan 2027,4
2026-06-19 05:09:00,OFC,NEW DELHI VAC,19 Jan 2027,11
2026-06-19 05:09:19,OFC,CHENNAI VAC,04 Jan 2027,4
2026-06-19 05:09:19,OFC,NEW DELHI VAC,19 Jan 2027,11
2026-06-19 05:09:39,OFC,CHENNAI VAC,04 Jan 2027,4
2026-06-19 05:09:39,OFC,NEW DELHI VAC,19 Jan 2027,11
2026-06-19 05:09:58,OFC,CHENNAI VAC,04 Jan 2027,4
2026-06-19 05:09:58,OFC,NEW DELHI VAC,19 Jan 2027,11
2026-06-19 05:10:18,OFC,CHENNAI VAC,04 Jan 2027,4
2026-06-19 05:10:18,OFC,NEW DELHI VAC,19 Jan 2027,11
2026-06-19 05:10:37,OFC,CHENNAI VAC,04 Jan 2027,4
2026-06-19 05:10:37,OFC,NEW DELHI VAC,19 Jan 2027,11
2026-06-19 05:10:55,OFC,CHENNAI VAC,04 Jan 2027,4
2026-06-19 05:10:55,OFC,NEW DELHI VAC,19 Jan 2027,11
2026-06-19 05:11:14,OFC,CHENNAI VAC,04 Jan 2027,4
2026-06-19 05:11:14,OFC,NEW DELHI VAC,19 Jan 2027,11
2026-06-19 05:11:33,OFC,CHENNAI VAC,04 Jan 2027,4
2026-06-19 05:11:33,OFC,NEW DELHI VAC,19 Jan 2027,11
2026-06-19 05:11:52,OFC,CHENNAI VAC,04 Jan 2027,4
2026-06-19 05:11:52,OFC,NEW DELHI VAC,19 Jan 2027,11
2026-06-19 05:12:08,OFC,CHENNAI VAC,04 Jan 2027,4
2026-06-19 05:12:08,OFC,NEW DELHI VAC,19 Jan 2027,11
2026-06-19 05:12:25,OFC,CHENNAI VAC,04 Jan 2027,4
2026-06-19 05:12:25,OFC,NEW DELHI VAC,19 Jan 2027,11
2026-06-19 05:12:43,OFC,CHENNAI VAC,04 Jan 2027,4
2026-06-19 05:12:43,OFC,NEW DELHI VAC,19 Jan 2027,11
2026-06-19 05:13:01,OFC,CHENNAI VAC,04 Jan 2027,4
2026-06-19 05:13:01,OFC,NEW DELHI VAC,19 Jan 2027,11
2026-06-19 05:13:19,OFC,CHENNAI VAC,04 Jan 2027,4
2026-06-19 05:13:19,OFC,NEW DELHI VAC,19 Jan 2027,11
2026-06-19 05:13:38,OFC,CHENNAI VAC,04 Jan 2027,4
2026-06-19 05:13:38,OFC,NEW DELHI VAC,19 Jan 2027,11
2026-06-19 05:13:58,OFC,CHENNAI VAC,04 Jan 2027,4
2026-06-19 05:13:58,OFC,NEW DELHI VAC,19 Jan 2027,11
2026-06-19 05:14:16,OFC,CHENNAI VAC,04 Jan 2027,4
2026-06-19 05:14:16,OFC,NEW DELHI VAC,19 Jan 2027,11
2026-06-19 05:14:35,OFC,CHENNAI VAC,04 Jan 2027,4
2026-06-19 05:14:35,OFC,NEW DELHI VAC,19 Jan 2027,11
2026-06-19 05:14:54,OFC,CHENNAI VAC,04 Jan 2027,4
2026-06-19 05:14:54,OFC,NEW DELHI VAC,19 Jan 2027,11
2026-06-19 05:15:11,OFC,NEW DELHI VAC,19 Jan 2027,11
2026-06-19 05:15:31,OFC,NEW DELHI VAC,19 Jan 2027,11
2026-06-19 05:15:51,OFC,NEW DELHI VAC,19 Jan 2027,11
2026-06-19 05:16:09,OFC,NEW DELHI VAC,19 Jan 2027,11
2026-06-19 05:16:28,OFC,NEW DELHI VAC,19 Jan 2027,11
2026-06-19 05:16:45,OFC,NEW DELHI VAC,19 Jan 2027,11
2026-06-19 05:17:02,OFC,NEW DELHI VAC,19 Jan 2027,11
2026-06-19 05:17:18,OFC,NEW DELHI VAC,19 Jan 2027,11
2026-06-19 05:17:36,OFC,NEW DELHI VAC,19 Jan 2027,11
2026-06-19 05:17:53,OFC,NEW DELHI VAC,19 Jan 2027,11
2026-06-19 05:18:11,OFC,NEW DELHI VAC,19 Jan 2027,11
2026-06-19 05:18:29,OFC,NEW DELHI VAC,19 Jan 2027,11
2026-06-19 05:18:50,OFC,NEW DELHI VAC,19 Jan 2027,11
2026-06-19 05:19:10,OFC,NEW DELHI VAC,19 Jan 2027,11
2026-06-19 05:19:27,OFC,NEW DELHI VAC,19 Jan 2027,11
2026-06-19 05:19:45,OFC,NEW DELHI VAC,19 Jan 2027,11
2026-06-19 05:20:05,OFC,NEW DELHI VAC,19 Jan 2027,11
2026-06-19 05:20:21,OFC,NEW DELHI VAC,19 Jan 2027,11
2026-06-19 05:20:38,OFC,NEW DELHI VAC,19 Jan 2027,11
2026-06-19 05:20:56,OFC,NEW DELHI VAC,19 Jan 2027,11
2026-06-19 05:21:15,OFC,NEW DELHI VAC,19 Jan 2027,11
2026-06-19 05:21:35,OFC,NEW DELHI VAC,19 Jan 2027,11
2026-06-19 05:21:54,OFC,NEW DELHI VAC,19 Jan 2027,11
2026-06-19 05:22:11,OFC,NEW DELHI VAC,19 Jan 2027,11
2026-06-19 05:22:30,OFC,NEW DELHI VAC,19 Jan 2027,11
2026-06-19 05:22:50,OFC,NEW DELHI VAC,19 Jan 2027,11
2026-06-19 05:23:07,OFC,NEW DELHI VAC,19 Jan 2027,11
2026-06-19 05:23:25,OFC,NEW DELHI VAC,19 Jan 2027,11
2026-06-19 05:23:44,OFC,NEW DELHI VAC,19 Jan 2027,11
2026-06-19 05:24:03,OFC,NEW DELHI VAC,19 Jan 2027,11
2026-06-19 05:24:23,OFC,NEW DELHI VAC,19 Jan 2027,11
2026-06-19 05:24:40,OFC,NEW DELHI VAC,19 Jan 2027,11
2026-06-19 05:25:00,OFC,NEW DELHI VAC,19 Jan 2027,11
2026-06-19 05:25:17,OFC,NEW DELHI VAC,19 Jan 2027,11
2026-06-19 05:25:37,OFC,NEW DELHI VAC,19 Jan 2027,11
2026-06-19 05:25:53,OFC,NEW DELHI VAC,19 Jan 2027,11
2026-06-19 05:26:13,OFC,NEW DELHI VAC,19 Jan 2027,11
2026-06-19 05:26:31,OFC,CHENNAI VAC,08 Oct 2026,3
2026-06-19 05:26:31,OFC,NEW DELHI VAC,19 Jan 2027,11
2026-06-19 05:26:47,OFC,CHENNAI VAC,08 Oct 2026,3
2026-06-19 05:26:47,OFC,MUMBAI VAC,28 Jun 2026,1
2026-06-19 05:26:47,OFC,NEW DELHI VAC,19 Jan 2027,11
2026-06-19 05:27:06,OFC,CHENNAI VAC,08 Oct 2026,3
2026-06-19 05:27:06,OFC,NEW DELHI VAC,19 Jan 2027,11
2026-06-19 05:27:23,OFC,CHENNAI VAC,08 Oct 2026,3
2026-06-19 05:27:23,OFC,NEW DELHI VAC,19 Jan 2027,11
2026-06-19 05:27:41,OFC,CHENNAI VAC,08 Oct 2026,3
2026-06-19 05:27:41,OFC,NEW DELHI VAC,19 Jan 2027,11
2026-06-19 05:27:59,OFC,CHENNAI VAC,08 Oct 2026,3
2026-06-19 05:27:59,OFC,NEW DELHI VAC,19 Jan 2027,11
2026-06-19 05:28:18,OFC,HYDERABAD VAC,30 Oct 2026,2
2026-06-19 05:30:44,OFC,CHENNAI VAC,04 Jan 2027,16
2026-06-19 05:56:01,OFC,CHENNAI VAC,28 Jun 2026,5
2026-06-19 05:56:18,OFC,CHENNAI VAC,28 Jun 2026,5
2026-06-19 05:56:18,OFC,MUMBAI VAC,10 Dec 2026,1
2026-06-19 05:56:36,OFC,CHENNAI VAC,04 Jan 2027,4
2026-06-19 05:56:36,OFC,MUMBAI VAC,10 Dec 2026,1
2026-06-19 05:56:55,OFC,CHENNAI VAC,04 Jan 2027,4
2026-06-19 05:56:55,OFC,MUMBAI VAC,10 Dec 2026,1
2026-06-19 05:57:13,OFC,CHENNAI VAC,04 Jan 2027,4
2026-06-19 05:57:13,OFC,MUMBAI VAC,10 Dec 2026,1
2026-06-19 05:57:32,OFC,CHENNAI VAC,04 Jan 2027,4
2026-06-19 05:57:32,OFC,MUMBAI VAC,10 Dec 2026,1
2026-06-19 05:57:50,OFC,CHENNAI VAC,04 Jan 2027,4
2026-06-19 05:57:50,OFC,MUMBAI VAC,10 Dec 2026,1
2026-06-19 05:58:07,OFC,CHENNAI VAC,04 Jan 2027,4
2026-06-19 05:58:26,OFC,CHENNAI VAC,04 Jan 2027,4
2026-06-19 05:58:44,OFC,CHENNAI VAC,04 Jan 2027,4
2026-06-19 05:59:04,OFC,CHENNAI VAC,04 Jan 2027,4
2026-06-19 05:59:21,OFC,CHENNAI VAC,04 Jan 2027,4
2026-06-19 05:59:38,OFC,CHENNAI VAC,04 Jan 2027,4
2026-06-19 05:59:55,OFC,CHENNAI VAC,04 Jan 2027,4
2026-06-19 06:00:13,OFC,CHENNAI VAC,04 Jan 2027,4
2026-06-19 06:00:13,OFC,NEW DELHI VAC,25 Jun 2026,1
2026-06-19 06:00:31,OFC,CHENNAI VAC,04 Jan 2027,4
2026-06-19 06:00:48,OFC,CHENNAI VAC,05 Jan 2027,3
2026-06-19 06:01:08,OFC,CHENNAI VAC,05 Jan 2027,3
2026-06-19 06:01:26,OFC,CHENNAI VAC,05 Jan 2027,3
2026-06-19 06:26:05,OFC,CHENNAI VAC,08 Oct 2026,12
2026-06-19 06:26:05,OFC,MUMBAI VAC,27 Jul 2026,1
2026-06-19 06:26:23,OFC,CHENNAI VAC,08 Oct 2026,12
2026-06-19 06:26:23,OFC,HYDERABAD VAC,06 Oct 2026,5
2026-06-19 06:26:23,OFC,MUMBAI VAC,27 Jul 2026,1
2026-06-19 06:26:23,OFC,NEW DELHI VAC,21 Oct 2026,16
2026-06-19 06:26:42,OFC,CHENNAI VAC,08 Oct 2026,12
2026-06-19 06:26:42,OFC,HYDERABAD VAC,15 Oct 2026,3
2026-06-19 06:26:42,OFC,MUMBAI VAC,27 Jul 2026,1
2026-06-19 06:26:42,OFC,NEW DELHI VAC,21 Oct 2026,16
2026-06-19 06:27:00,OFC,CHENNAI VAC,08 Oct 2026,12
2026-06-19 06:27:00,OFC,HYDERABAD VAC,15 Oct 2026,3
2026-06-19 06:27:00,OFC,MUMBAI VAC,27 Jul 2026,1
2026-06-19 06:27:00,OFC,NEW DELHI VAC,21 Oct 2026,16
2026-06-19 06:27:18,OFC,CHENNAI VAC,08 Oct 2026,12
2026-06-19 06:27:18,OFC,HYDERABAD VAC,15 Oct 2026,3
2026-06-19 06:27:18,OFC,MUMBAI VAC,27 Jul 2026,1
2026-06-19 06:27:18,OFC,NEW DELHI VAC,21 Oct 2026,16
2026-06-19 06:27:36,OFC,CHENNAI VAC,08 Oct 2026,12
2026-06-19 06:27:36,OFC,MUMBAI VAC,27 Jul 2026,1
2026-06-19 06:27:36,OFC,NEW DELHI VAC,21 Oct 2026,16
2026-06-19 06:27:51,OFC,CHENNAI VAC,08 Oct 2026,12
2026-06-19 06:27:51,OFC,MUMBAI VAC,27 Jul 2026,1
2026-06-19 06:27:51,OFC,NEW DELHI VAC,21 Oct 2026,16
2026-06-19 06:28:07,OFC,CHENNAI VAC,08 Oct 2026,12
2026-06-19 06:28:07,OFC,MUMBAI VAC,27 Jul 2026,1
2026-06-19 06:28:07,OFC,NEW DELHI VAC,21 Oct 2026,16
2026-06-19 06:28:27,OFC,CHENNAI VAC,08 Oct 2026,12
2026-06-19 06:28:27,OFC,MUMBAI VAC,27 Jul 2026,1
2026-06-19 06:28:27,OFC,NEW DELHI VAC,21 Oct 2026,16
2026-06-19 06:28:44,OFC,CHENNAI VAC,08 Oct 2026,12
2026-06-19 06:28:44,OFC,MUMBAI VAC,27 Jul 2026,1
2026-06-19 06:28:44,OFC,NEW DELHI VAC,21 Oct 2026,16
2026-06-19 06:29:00,OFC,CHENNAI VAC,19 Jan 2027,11
2026-06-19 06:29:00,OFC,MUMBAI VAC,27 Jul 2026,1
2026-06-19 06:29:00,OFC,NEW DELHI VAC,21 Oct 2026,16
2026-06-19 06:29:21,OFC,CHENNAI VAC,19 Jan 2027,11
2026-06-19 06:29:21,OFC,MUMBAI VAC,27 Jul 2026,1
2026-06-19 06:29:21,OFC,NEW DELHI VAC,21 Oct 2026,16
2026-06-19 06:29:39,OFC,CHENNAI VAC,19 Jan 2027,11
2026-06-19 06:29:39,OFC,MUMBAI VAC,27 Jul 2026,1
2026-06-19 06:29:39,OFC,NEW DELHI VAC,21 Oct 2026,16
2026-06-19 06:29:58,OFC,CHENNAI VAC,19 Jan 2027,11
2026-06-19 06:29:58,OFC,NEW DELHI VAC,21 Oct 2026,16
2026-06-19 06:30:17,OFC,CHENNAI VAC,19 Jan 2027,11
2026-06-19 06:30:17,OFC,NEW DELHI VAC,21 Oct 2026,16
2026-06-19 06:30:37,OFC,CHENNAI VAC,19 Jan 2027,11
2026-06-19 06:30:37,OFC,NEW DELHI VAC,21 Oct 2026,16
2026-06-19 06:30:55,OFC,CHENNAI VAC,28 Jun 2026,15
2026-06-19 06:30:55,OFC,NEW DELHI VAC,21 Oct 2026,16
2026-06-19 06:31:13,OFC,CHENNAI VAC,28 Jun 2026,15
2026-06-19 06:31:13,OFC,NEW DELHI VAC,21 Oct 2026,16
2026-06-19 06:31:32,OFC,NEW DELHI VAC,21 Oct 2026,16
2026-06-19 06:31:48,OFC,NEW DELHI VAC,21 Oct 2026,16
2026-06-19 06:32:06,OFC,NEW DELHI VAC,21 Oct 2026,16
2026-06-19 06:32:21,OFC,NEW DELHI VAC,21 Oct 2026,16
2026-06-19 06:32:38,OFC,NEW DELHI VAC,21 Oct 2026,16
2026-06-19 06:32:55,OFC,NEW DELHI VAC,21 Oct 2026,16
2026-06-19 06:33:11,OFC,NEW DELHI VAC,21 Oct 2026,16
2026-06-19 06:33:29,OFC,NEW DELHI VAC,21 Oct 2026,16
2026-06-19 06:33:48,OFC,NEW DELHI VAC,21 Oct 2026,16
2026-06-19 06:34:05,OFC,NEW DELHI VAC,21 Oct 2026,16
2026-06-19 06:56:26,OFC,CHENNAI VAC,16 Nov 2026,3
2026-06-19 06:56:26,OFC,HYDERABAD VAC,04 Nov 2026,15
2026-06-19 06:56:45,OFC,CHENNAI VAC,16 Nov 2026,3
2026-06-19 06:56:45,OFC,HYDERABAD VAC,04 Nov 2026,15
2026-06-19 06:57:04,OFC,CHENNAI VAC,16 Nov 2026,3
2026-06-19 06:57:04,OFC,HYDERABAD VAC,04 Nov 2026,15
2026-06-19 06:57:20,OFC,HYDERABAD VAC,04 Nov 2026,15
2026-06-19 06:57:37,OFC,HYDERABAD VAC,04 Nov 2026,15
2026-06-19 06:57:56,OFC,HYDERABAD VAC,05 Nov 2026,14
2026-06-19 06:58:13,OFC,HYDERABAD VAC,05 Nov 2026,14
2026-06-19 06:58:29,OFC,HYDERABAD VAC,05 Nov 2026,14
2026-06-19 06:58:46,OFC,HYDERABAD VAC,05 Nov 2026,14
2026-06-19 06:59:04,OFC,HYDERABAD VAC,05 Nov 2026,14
2026-06-19 06:59:23,OFC,HYDERABAD VAC,05 Nov 2026,14
2026-06-19 06:59:42,OFC,HYDERABAD VAC,05 Nov 2026,14
2026-06-19 06:59:59,OFC,HYDERABAD VAC,05 Nov 2026,14
2026-06-19 07:00:16,OFC,HYDERABAD VAC,05 Nov 2026,14
2026-06-19 07:00:31,OFC,HYDERABAD VAC,24 Jun 2026,17
2026-06-19 07:00:51,OFC,CHENNAI VAC,04 Dec 2026,2
2026-06-19 07:00:51,OFC,HYDERABAD VAC,24 Jun 2026,17
2026-06-19 07:00:51,OFC,MUMBAI VAC,10 Dec 2026,1
2026-06-19 07:00:51,OFC,NEW DELHI VAC,08 Dec 2026,1
2026-06-19 07:01:11,OFC,CHENNAI VAC,04 Dec 2026,2
2026-06-19 07:01:11,OFC,HYDERABAD VAC,05 Nov 2026,16
2026-06-19 07:01:11,OFC,MUMBAI VAC,10 Dec 2026,1
2026-06-19 07:01:28,OFC,CHENNAI VAC,04 Dec 2026,2
2026-06-19 07:01:28,OFC,HYDERABAD VAC,05 Nov 2026,16
2026-06-19 07:01:28,OFC,KOLKATA VAC,06 Nov 2026,12
2026-06-19 07:01:28,OFC,MUMBAI VAC,10 Dec 2026,1
2026-06-19 07:01:47,OFC,CHENNAI VAC,04 Dec 2026,2
2026-06-19 07:01:47,OFC,HYDERABAD VAC,19 Nov 2026,8
2026-06-19 07:01:47,OFC,KOLKATA VAC,06 Nov 2026,12
2026-06-19 07:01:47,OFC,MUMBAI VAC,10 Dec 2026,1
2026-06-19 07:02:06,OFC,CHENNAI VAC,04 Dec 2026,2
2026-06-19 07:02:06,OFC,HYDERABAD VAC,19 Nov 2026,8
2026-06-19 07:02:06,OFC,KOLKATA VAC,06 Nov 2026,12
2026-06-19 07:02:06,OFC,MUMBAI VAC,10 Dec 2026,1
2026-06-19 07:02:25,OFC,HYDERABAD VAC,19 Nov 2026,8
2026-06-19 07:02:25,OFC,KOLKATA VAC,06 Nov 2026,12
2026-06-19 07:02:25,OFC,MUMBAI VAC,10 Dec 2026,1
2026-06-19 07:02:43,OFC,HYDERABAD VAC,19 Nov 2026,8
2026-06-19 07:02:43,OFC,KOLKATA VAC,06 Nov 2026,12
2026-06-19 07:02:43,OFC,MUMBAI VAC,10 Dec 2026,1
2026-06-19 07:03:02,OFC,KOLKATA VAC,06 Nov 2026,12
2026-06-19 07:03:02,OFC,MUMBAI VAC,10 Dec 2026,1
2026-06-19 07:03:19,OFC,KOLKATA VAC,06 Nov 2026,12
2026-06-19 07:03:19,OFC,MUMBAI VAC,10 Dec 2026,1
2026-06-19 07:03:37,OFC,KOLKATA VAC,06 Nov 2026,12
2026-06-19 07:03:37,OFC,MUMBAI VAC,10 Dec 2026,1
2026-06-19 07:03:54,OFC,KOLKATA VAC,06 Nov 2026,12
2026-06-19 07:03:54,OFC,MUMBAI VAC,10 Dec 2026,1
2026-06-19 07:04:13,OFC,KOLKATA VAC,06 Nov 2026,12
2026-06-19 07:04:13,OFC,MUMBAI VAC,10 Dec 2026,1
2026-06-19 07:04:29,OFC,KOLKATA VAC,06 Nov 2026,12
2026-06-19 07:04:29,OFC,MUMBAI VAC,10 Dec 2026,1
2026-06-19 07:04:46,OFC,KOLKATA VAC,06 Nov 2026,12
2026-06-19 07:04:46,OFC,MUMBAI VAC,10 Dec 2026,1
2026-06-19 07:05:06,OFC,KOLKATA VAC,06 Nov 2026,12
2026-06-19 07:05:06,OFC,MUMBAI VAC,10 Dec 2026,1
2026-06-19 07:05:23,OFC,KOLKATA VAC,06 Nov 2026,12
2026-06-19 07:05:23,OFC,MUMBAI VAC,10 Dec 2026,1
2026-06-19 07:05:40,OFC,KOLKATA VAC,06 Nov 2026,12
2026-06-19 07:05:40,OFC,MUMBAI VAC,10 Dec 2026,1
2026-06-19 07:05:56,OFC,KOLKATA VAC,06 Nov 2026,12
2026-06-19 07:05:56,OFC,MUMBAI VAC,10 Dec 2026,1
2026-06-19 07:06:15,OFC,KOLKATA VAC,06 Nov 2026,12
2026-06-19 07:06:15,OFC,MUMBAI VAC,10 Dec 2026,1
2026-06-19 07:06:34,OFC,KOLKATA VAC,06 Nov 2026,12
2026-06-19 07:06:34,OFC,MUMBAI VAC,10 Dec 2026,1
2026-06-19 07:06:54,OFC,KOLKATA VAC,06 Nov 2026,12
2026-06-19 07:06:54,OFC,MUMBAI VAC,10 Dec 2026,1
2026-06-19 07:07:13,OFC,KOLKATA VAC,06 Nov 2026,12
2026-06-19 07:07:13,OFC,MUMBAI VAC,10 Dec 2026,1
2026-06-19 07:07:30,OFC,KOLKATA VAC,06 Nov 2026,12
2026-06-19 07:07:30,OFC,MUMBAI VAC,10 Dec 2026,1
2026-06-19 07:07:47,OFC,KOLKATA VAC,06 Nov 2026,12
2026-06-19 07:07:47,OFC,MUMBAI VAC,10 Dec 2026,1
2026-06-19 07:08:07,OFC,KOLKATA VAC,06 Nov 2026,12
2026-06-19 07:08:07,OFC,MUMBAI VAC,10 Dec 2026,1
2026-06-19 07:08:28,OFC,KOLKATA VAC,06 Nov 2026,12
2026-06-19 07:08:28,OFC,MUMBAI VAC,10 Dec 2026,1
2026-06-19 07:08:45,OFC,KOLKATA VAC,06 Nov 2026,12
2026-06-19 07:08:45,OFC,MUMBAI VAC,10 Dec 2026,1
2026-06-19 07:09:01,OFC,KOLKATA VAC,06 Nov 2026,12
2026-06-19 07:09:01,OFC,MUMBAI VAC,10 Dec 2026,1
2026-06-19 07:09:21,OFC,KOLKATA VAC,06 Nov 2026,12
2026-06-19 07:09:21,OFC,MUMBAI VAC,10 Dec 2026,1
2026-06-19 07:09:41,OFC,KOLKATA VAC,06 Nov 2026,12
2026-06-19 07:09:41,OFC,MUMBAI VAC,10 Dec 2026,1
2026-06-19 07:26:07,OFC,NEW DELHI VAC,12 Jan 2027,13
2026-06-19 07:26:28,OFC,NEW DELHI VAC,12 Jan 2027,13
2026-06-19 07:26:49,OFC,NEW DELHI VAC,12 Jan 2027,13
2026-06-19 07:27:09,OFC,NEW DELHI VAC,12 Jan 2027,13
2026-06-19 07:27:26,OFC,NEW DELHI VAC,12 Jan 2027,13
2026-06-19 07:27:44,OFC,CHENNAI VAC,11 Jan 2027,17
2026-06-19 07:27:44,OFC,NEW DELHI VAC,12 Jan 2027,13
2026-06-19 07:28:03,OFC,CHENNAI VAC,11 Jan 2027,17
2026-06-19 07:28:03,OFC,NEW DELHI VAC,12 Jan 2027,13
2026-06-19 07:28:21,OFC,CHENNAI VAC,11 Jan 2027,17
2026-06-19 07:28:21,OFC,NEW DELHI VAC,12 Jan 2027,13
2026-06-19 07:28:38,OFC,CHENNAI VAC,11 Jan 2027,17
2026-06-19 07:28:38,OFC,NEW DELHI VAC,12 Jan 2027,13
2026-06-19 07:28:56,OFC,CHENNAI VAC,11 Jan 2027,17
2026-06-19 07:28:56,OFC,NEW DELHI VAC,12 Jan 2027,13
2026-06-19 07:29:14,OFC,CHENNAI VAC,11 Jan 2027,17
2026-06-19 07:29:14,OFC,NEW DELHI VAC,12 Jan 2027,13
2026-06-19 07:29:32,OFC,CHENNAI VAC,28 Jan 2027,13
2026-06-19 07:29:32,OFC,NEW DELHI VAC,12 Jan 2027,13
2026-06-19 07:29:49,OFC,CHENNAI VAC,28 Jan 2027,13
2026-06-19 07:29:49,OFC,NEW DELHI VAC,12 Jan 2027,13
2026-06-19 07:30:09,OFC,CHENNAI VAC,28 Jan 2027,13
2026-06-19 07:30:09,OFC,NEW DELHI VAC,12 Jan 2027,13
2026-06-19 07:30:29,OFC,CHENNAI VAC,28 Jun 2026,15
2026-06-19 07:30:29,OFC,HYDERABAD VAC,27 Jul 2026,1
2026-06-19 07:30:29,OFC,NEW DELHI VAC,27 Jan 2027,7
2026-06-19 07:30:46,OFC,CHENNAI VAC,28 Jan 2027,13
2026-06-19 07:30:46,OFC,HYDERABAD VAC,27 Jul 2026,1
2026-06-19 07:31:03,OFC,CHENNAI VAC,28 Jan 2027,13
2026-06-19 07:31:03,OFC,NEW DELHI VAC,03 Feb 2027,5
2026-06-19 07:31:22,OFC,CHENNAI VAC,29 Jan 2027,12
2026-06-19 07:31:22,OFC,NEW DELHI VAC,02 Feb 2027,6
2026-06-19 07:31:38,OFC,CHENNAI VAC,29 Jan 2027,12
2026-06-19 07:31:38,OFC,NEW DELHI VAC,02 Feb 2027,6
2026-06-19 07:31:55,OFC,CHENNAI VAC,29 Jan 2027,12
2026-06-19 07:31:55,OFC,NEW DELHI VAC,02 Feb 2027,6
2026-06-19 07:32:12,OFC,NEW DELHI VAC,02 Feb 2027,6
2026-06-19 07:32:27,OFC,NEW DELHI VAC,02 Feb 2027,6
2026-06-19 07:32:44,OFC,NEW DELHI VAC,02 Feb 2027,6
2026-06-19 07:33:03,OFC,NEW DELHI VAC,02 Feb 2027,6
2026-06-19 07:33:20,OFC,NEW DELHI VAC,02 Feb 2027,6
2026-06-19 07:33:38,OFC,NEW DELHI VAC,02 Feb 2027,6
2026-06-19 07:33:56,OFC,NEW DELHI VAC,02 Feb 2027,6
2026-06-19 07:56:22,OFC,HYDERABAD VAC,15 Oct 2026,13
2026-06-19 07:56:42,OFC,HYDERABAD VAC,15 Oct 2026,13
2026-06-19 07:56:42,OFC,NEW DELHI VAC,10 Nov 2026,1
2026-06-19 07:56:58,OFC,HYDERABAD VAC,15 Oct 2026,13
2026-06-19 07:56:58,OFC,NEW DELHI VAC,10 Nov 2026,1
2026-06-19 07:57:17,OFC,HYDERABAD VAC,15 Oct 2026,13
2026-06-19 07:57:17,OFC,NEW DELHI VAC,10 Nov 2026,1
2026-06-19 07:57:36,OFC,HYDERABAD VAC,15 Oct 2026,13
2026-06-19 07:57:36,OFC,NEW DELHI VAC,10 Nov 2026,1
2026-06-19 07:57:55,OFC,HYDERABAD VAC,15 Oct 2026,13
2026-06-19 07:57:55,OFC,NEW DELHI VAC,10 Nov 2026,1
2026-06-19 07:58:14,OFC,HYDERABAD VAC,15 Oct 2026,13
2026-06-19 07:58:14,OFC,NEW DELHI VAC,10 Nov 2026,1
2026-06-19 07:58:34,OFC,HYDERABAD VAC,15 Oct 2026,13
2026-06-19 07:58:34,OFC,NEW DELHI VAC,10 Nov 2026,1
2026-06-19 07:58:54,OFC,HYDERABAD VAC,15 Oct 2026,13
2026-06-19 07:58:54,OFC,NEW DELHI VAC,10 Nov 2026,1
2026-06-19 07:59:11,OFC,HYDERABAD VAC,15 Oct 2026,13
2026-06-19 07:59:11,OFC,NEW DELHI VAC,10 Nov 2026,1
2026-06-19 07:59:30,OFC,HYDERABAD VAC,15 Oct 2026,13
2026-06-19 07:59:30,OFC,NEW DELHI VAC,10 Nov 2026,1
2026-06-19 07:59:51,OFC,HYDERABAD VAC,15 Oct 2026,13
2026-06-19 07:59:51,OFC,NEW DELHI VAC,10 Nov 2026,1
2026-06-19 08:00:09,OFC,NEW DELHI VAC,10 Nov 2026,1
2026-06-19 08:00:26,OFC,CHENNAI VAC,28 Jun 2026,1
2026-06-19 08:00:26,OFC,MUMBAI VAC,28 Jun 2026,1
2026-06-19 08:00:26,OFC,NEW DELHI VAC,10 Nov 2026,1
2026-06-19 08:26:31,OFC,CHENNAI VAC,28 Jan 2027,13
2026-06-19 08:26:50,OFC,CHENNAI VAC,28 Jan 2027,13
2026-06-19 08:26:50,OFC,NEW DELHI VAC,02 Feb 2027,6
2026-06-19 08:27:07,OFC,CHENNAI VAC,28 Jan 2027,13
2026-06-19 08:27:07,OFC,NEW DELHI VAC,02 Feb 2027,6
2026-06-19 08:27:27,OFC,CHENNAI VAC,28 Jan 2027,13
2026-06-19 08:27:27,OFC,NEW DELHI VAC,02 Feb 2027,6
2026-06-19 08:27:43,OFC,CHENNAI VAC,28 Jan 2027,13
2026-06-19 08:27:43,OFC,NEW DELHI VAC,02 Feb 2027,6
2026-06-19 08:27:59,OFC,CHENNAI VAC,28 Jan 2027,13
2026-06-19 08:27:59,OFC,NEW DELHI VAC,02 Feb 2027,6
2026-06-19 08:28:16,OFC,NEW DELHI VAC,02 Feb 2027,6
2026-06-19 08:28:34,OFC,NEW DELHI VAC,02 Feb 2027,6
2026-06-19 08:28:54,OFC,NEW DELHI VAC,02 Feb 2027,6
2026-06-19 08:29:10,OFC,NEW DELHI VAC,02 Feb 2027,6
2026-06-19 08:29:26,OFC,NEW DELHI VAC,02 Feb 2027,6
2026-06-19 08:29:45,OFC,NEW DELHI VAC,02 Feb 2027,6
2026-06-19 08:30:02,OFC,NEW DELHI VAC,02 Feb 2027,6
2026-06-19 08:30:20,OFC,NEW DELHI VAC,02 Feb 2027,6
2026-06-19 08:30:36,OFC,NEW DELHI VAC,02 Feb 2027,6
2026-06-19 08:30:55,OFC,NEW DELHI VAC,02 Feb 2027,6
2026-06-19 08:31:16,OFC,NEW DELHI VAC,12 Jan 2027,7
2026-06-19 08:31:36,OFC,NEW DELHI VAC,12 Jan 2027,7
2026-06-19 08:31:56,OFC,CHENNAI VAC,04 Jan 2027,10
2026-06-19 08:31:56,OFC,NEW DELHI VAC,12 Jan 2027,7
2026-06-19 08:32:11,OFC,CHENNAI VAC,04 Jan 2027,10
2026-06-19 08:32:11,OFC,NEW DELHI VAC,12 Jan 2027,7
2026-06-19 08:32:30,OFC,CHENNAI VAC,04 Jan 2027,10
2026-06-19 08:32:30,OFC,NEW DELHI VAC,12 Jan 2027,7
2026-06-19 08:32:49,OFC,CHENNAI VAC,04 Jan 2027,10
2026-06-19 08:32:49,OFC,NEW DELHI VAC,12 Jan 2027,7
2026-06-19 08:33:06,OFC,CHENNAI VAC,04 Jan 2027,10
2026-06-19 08:33:06,OFC,NEW DELHI VAC,12 Jan 2027,7
2026-06-19 08:33:25,OFC,CHENNAI VAC,04 Jan 2027,10
2026-06-19 08:33:25,OFC,NEW DELHI VAC,12 Jan 2027,7
2026-06-19 08:33:43,OFC,CHENNAI VAC,04 Jan 2027,10
2026-06-19 08:33:43,OFC,NEW DELHI VAC,12 Jan 2027,7
2026-06-19 08:34:00,OFC,CHENNAI VAC,04 Jan 2027,10
2026-06-19 08:34:00,OFC,NEW DELHI VAC,12 Jan 2027,7
2026-06-19 08:34:17,OFC,CHENNAI VAC,04 Jan 2027,10
2026-06-19 08:34:17,OFC,NEW DELHI VAC,12 Jan 2027,7
2026-06-19 08:34:33,OFC,CHENNAI VAC,04 Jan 2027,10
2026-06-19 08:34:33,OFC,NEW DELHI VAC,12 Jan 2027,7
2026-06-19 08:34:53,OFC,CHENNAI VAC,04 Jan 2027,10
2026-06-19 08:34:53,OFC,NEW DELHI VAC,12 Jan 2027,7
2026-06-19 08:35:10,OFC,CHENNAI VAC,04 Jan 2027,10
2026-06-19 08:35:10,OFC,NEW DELHI VAC,12 Jan 2027,7
2026-06-19 08:35:28,OFC,CHENNAI VAC,04 Jan 2027,10
2026-06-19 08:35:28,OFC,NEW DELHI VAC,12 Jan 2027,7
2026-06-19 08:35:48,OFC,CHENNAI VAC,04 Jan 2027,10
2026-06-19 08:35:48,OFC,NEW DELHI VAC,12 Jan 2027,7
2026-06-19 08:36:04,OFC,CHENNAI VAC,04 Jan 2027,10
2026-06-19 08:36:04,OFC,NEW DELHI VAC,12 Jan 2027,7
2026-06-19 09:00:39,OFC,CHENNAI VAC,28 Jun 2026,18
2026-06-19 09:01:31,OFC,HYDERABAD VAC,19 Nov 2026,8
2026-06-19 09:01:50,OFC,HYDERABAD VAC,19 Nov 2026,8
2026-06-19 09:02:08,OFC,CHENNAI VAC,19 Jan 2027,13
2026-06-19 09:02:27,OFC,CHENNAI VAC,19 Jan 2027,13
2026-06-19 09:02:47,OFC,CHENNAI VAC,19 Jan 2027,13
2026-06-19 09:03:03,OFC,CHENNAI VAC,19 Jan 2027,13
2026-06-19 09:03:20,OFC,CHENNAI VAC,19 Jan 2027,13
2026-06-19 09:03:40,OFC,CHENNAI VAC,19 Jan 2027,13
2026-06-19 09:03:59,OFC,CHENNAI VAC,19 Jan 2027,13
2026-06-19 10:07:35,Consular,NEW DELHI,30 Jun 2026,1
2026-06-19 10:07:51,Consular,NEW DELHI,30 Jun 2026,1
2026-06-19 10:08:08,Consular,NEW DELHI,30 Jun 2026,1
2026-06-19 10:08:25,Consular,NEW DELHI,30 Jun 2026,1
2026-06-19 10:08:41,Consular,NEW DELHI,30 Jun 2026,1
2026-06-19 10:09:01,Consular,NEW DELHI,30 Jun 2026,1
2026-06-19 10:09:19,Consular,NEW DELHI,30 Jun 2026,1
2026-06-19 10:09:38,Consular,NEW DELHI,30 Jun 2026,1
2026-06-19 10:09:53,Consular,NEW DELHI,30 Jun 2026,1
2026-06-19 10:10:13,Consular,NEW DELHI,30 Jun 2026,1
2026-06-19 10:10:29,Consular,NEW DELHI,30 Jun 2026,1
2026-06-19 10:10:49,Consular,NEW DELHI,30 Jun 2026,1
2026-06-19 10:11:05,Consular,NEW DELHI,30 Jun 2026,1
2026-06-19 10:11:22,Consular,NEW DELHI,30 Jun 2026,1
2026-06-19 10:11:41,Consular,NEW DELHI,30 Jun 2026,1
2026-06-19 10:12:02,Consular,NEW DELHI,30 Jun 2026,1
2026-06-19 10:12:22,Consular,NEW DELHI,30 Jun 2026,1
2026-06-19 10:12:41,Consular,NEW DELHI,30 Jun 2026,1
2026-06-19 10:12:59,Consular,NEW DELHI,30 Jun 2026,1
2026-06-19 10:13:17,Consular,NEW DELHI,30 Jun 2026,1
2026-06-19 10:13:34,Consular,NEW DELHI,30 Jun 2026,1
2026-06-19 10:13:52,Consular,NEW DELHI,30 Jun 2026,1
2026-06-19 10:14:11,Consular,NEW DELHI,30 Jun 2026,1
2026-06-19 10:14:27,Consular,NEW DELHI,30 Jun 2026,1
2026-06-19 10:14:43,Consular,NEW DELHI,30 Jun 2026,1
2026-06-19 10:15:03,Consular,NEW DELHI,30 Jun 2026,1
2026-06-19 10:15:21,Consular,NEW DELHI,30 Jun 2026,1
2026-06-19 10:15:38,Consular,NEW DELHI,30 Jun 2026,1
2026-06-19 10:15:58,Consular,NEW DELHI,30 Jun 2026,1
2026-06-19 10:16:14,Consular,NEW DELHI,30 Jun 2026,1
2026-06-19 10:16:32,Consular,NEW DELHI,30 Jun 2026,1
2026-06-19 10:16:53,Consular,NEW DELHI,30 Jun 2026,1
2026-06-19 10:17:12,Consular,NEW DELHI,30 Jun 2026,1
2026-06-19 10:17:33,Consular,NEW DELHI,30 Jun 2026,1
2026-06-19 10:26:33,OFC,NEW DELHI VAC,04 Jan 2027,9
2026-06-19 10:26:52,OFC,CHENNAI VAC,08 Dec 2026,13
2026-06-19 10:26:52,OFC,NEW DELHI VAC,04 Jan 2027,9
2026-06-19 10:27:09,OFC,CHENNAI VAC,08 Dec 2026,13
2026-06-19 10:27:09,OFC,NEW DELHI VAC,12 Jan 2027,8
2026-06-19 10:27:29,OFC,CHENNAI VAC,04 Jan 2027,12
2026-06-19 10:27:29,OFC,NEW DELHI VAC,12 Jan 2027,8
2026-06-19 10:27:49,OFC,CHENNAI VAC,04 Jan 2027,12
2026-06-19 10:28:05,OFC,CHENNAI VAC,04 Jan 2027,12
2026-06-19 10:28:05,OFC,NEW DELHI VAC,12 Jan 2027,8
2026-06-19 10:28:22,OFC,NEW DELHI VAC,12 Jan 2027,8
2026-06-19 10:28:39,OFC,NEW DELHI VAC,12 Jan 2027,8
2026-06-19 10:28:58,OFC,CHENNAI VAC,05 Jan 2027,11
2026-06-19 10:28:58,OFC,NEW DELHI VAC,12 Jan 2027,8
2026-06-19 10:29:16,OFC,CHENNAI VAC,05 Jan 2027,11
2026-06-19 10:29:16,OFC,NEW DELHI VAC,13 Jan 2027,7
2026-06-19 10:29:35,OFC,CHENNAI VAC,05 Jan 2027,11
2026-06-19 10:29:35,OFC,NEW DELHI VAC,13 Jan 2027,7
2026-06-19 10:29:55,OFC,CHENNAI VAC,05 Jan 2027,11
2026-06-19 10:29:55,OFC,NEW DELHI VAC,13 Jan 2027,7
2026-06-19 10:30:14,OFC,CHENNAI VAC,05 Jan 2027,11
2026-06-19 10:30:14,OFC,NEW DELHI VAC,13 Jan 2027,7
2026-06-19 11:00:33,OFC,CHENNAI VAC,28 Jun 2026,1
2026-06-19 11:30:19,OFC,CHENNAI VAC,28 Jun 2026,15
2026-06-19 11:30:19,OFC,MUMBAI VAC,28 Jun 2026,1
2026-06-19 11:30:19,Consular,NEW DELHI,01 Jul 2026,1
2026-06-19 11:30:19,OFC,NEW DELHI VAC,20 Jan 2027,9
2026-06-19 11:30:39,OFC,CHENNAI VAC,28 Jun 2026,15
2026-06-19 11:30:39,OFC,MUMBAI VAC,28 Jun 2026,1
2026-06-19 11:30:39,Consular,NEW DELHI,01 Jul 2026,1
2026-06-19 11:30:39,OFC,NEW DELHI VAC,20 Jan 2027,9
2026-06-19 11:30:55,OFC,CHENNAI VAC,22 Jan 2027,14
2026-06-19 11:30:55,OFC,NEW DELHI VAC,20 Jan 2027,9
2026-06-19 11:31:14,OFC,NEW DELHI VAC,20 Jan 2027,9
2026-06-19 11:31:31,OFC,NEW DELHI VAC,20 Jan 2027,9
2026-06-19 11:32:23,Consular,NEW DELHI,01 Jul 2026,1
2026-06-19 11:32:41,Consular,NEW DELHI,01 Jul 2026,1
2026-06-19 11:32:57,Consular,NEW DELHI,01 Jul 2026,1
2026-06-19 11:33:15,Consular,NEW DELHI,01 Jul 2026,1
2026-06-19 11:33:35,Consular,NEW DELHI,01 Jul 2026,1
2026-06-19 11:33:55,Consular,NEW DELHI,01 Jul 2026,1
2026-06-19 11:34:14,Consular,NEW DELHI,01 Jul 2026,1
2026-06-19 11:34:30,Consular,NEW DELHI,01 Jul 2026,1
2026-06-19 11:34:49,Consular,NEW DELHI,01 Jul 2026,1
2026-06-19 11:35:06,Consular,NEW DELHI,01 Jul 2026,1
2026-06-19 11:35:23,Consular,NEW DELHI,01 Jul 2026,1
2026-06-19 11:35:42,Consular,NEW DELHI,01 Jul 2026,1
2026-06-19 11:36:02,Consular,NEW DELHI,01 Jul 2026,1
2026-06-19 11:38:24,Consular,NEW DELHI,01 Jul 2026,1
2026-06-19 11:38:43,Consular,NEW DELHI,01 Jul 2026,1
2026-06-19 11:38:59,Consular,NEW DELHI,01 Jul 2026,1
2026-06-19 11:39:16,Consular,NEW DELHI,01 Jul 2026,1
2026-06-19 11:39:34,Consular,NEW DELHI,01 Jul 2026,1
2026-06-19 11:39:50,Consular,NEW DELHI,01 Jul 2026,1
2026-06-19 11:40:06,Consular,NEW DELHI,01 Jul 2026,1
2026-06-19 11:40:22,Consular,NEW DELHI,01 Jul 2026,1
2026-06-19 11:40:41,Consular,NEW DELHI,01 Jul 2026,1
2026-06-19 11:40:59,Consular,NEW DELHI,01 Jul 2026,1
2026-06-19 11:41:19,Consular,NEW DELHI,01 Jul 2026,1
2026-06-19 11:41:38,Consular,NEW DELHI,01 Jul 2026,1
2026-06-19 11:41:55,Consular,NEW DELHI,01 Jul 2026,1
2026-06-19 11:42:15,Consular,NEW DELHI,01 Jul 2026,1
2026-06-19 11:42:33,Consular,NEW DELHI,01 Jul 2026,1
2026-06-19 11:42:53,Consular,NEW DELHI,01 Jul 2026,1
2026-06-19 11:43:13,Consular,NEW DELHI,01 Jul 2026,1
2026-06-19 11:43:34,Consular,NEW DELHI,01 Jul 2026,1
2026-06-19 11:43:54,Consular,NEW DELHI,01 Jul 2026,1
2026-06-19 11:44:13,Consular,NEW DELHI,01 Jul 2026,1
2026-06-19 11:44:31,Consular,NEW DELHI,01 Jul 2026,1
2026-06-19 11:44:50,Consular,NEW DELHI,01 Jul 2026,1
2026-06-19 11:45:07,Consular,NEW DELHI,01 Jul 2026,1
2026-06-19 11:45:23,Consular,NEW DELHI,01 Jul 2026,1
2026-06-19 11:45:44,Consular,NEW DELHI,01 Jul 2026,1
2026-06-19 11:46:03,Consular,NEW DELHI,01 Jul 2026,1
2026-06-19 11:46:23,Consular,NEW DELHI,01 Jul 2026,1
2026-06-19 11:46:39,Consular,NEW DELHI,01 Jul 2026,1
2026-06-19 11:46:56,Consular,NEW DELHI,01 Jul 2026,1
2026-06-19 11:47:13,Consular,NEW DELHI,01 Jul 2026,1
2026-06-19 11:47:34,Consular,NEW DELHI,01 Jul 2026,1
2026-06-19 11:47:52,Consular,NEW DELHI,01 Jul 2026,1
2026-06-19 11:48:12,Consular,NEW DELHI,01 Jul 2026,1
2026-06-19 11:48:32,Consular,NEW DELHI,01 Jul 2026,1
2026-06-19 11:48:48,Consular,NEW DELHI,01 Jul 2026,1
2026-06-19 11:49:07,Consular,NEW DELHI,01 Jul 2026,1
2026-06-19 11:49:23,Consular,NEW DELHI,01 Jul 2026,1
2026-06-19 11:49:43,Consular,NEW DELHI,01 Jul 2026,1
2026-06-19 11:50:03,Consular,NEW DELHI,01 Jul 2026,1
2026-06-19 11:50:23,Consular,NEW DELHI,01 Jul 2026,1
2026-06-19 11:50:39,Consular,NEW DELHI,01 Jul 2026,1
2026-06-19 11:50:57,Consular,NEW DELHI,01 Jul 2026,1
2026-06-19 11:51:13,Consular,NEW DELHI,01 Jul 2026,1
2026-06-19 11:51:30,Consular,NEW DELHI,01 Jul 2026,1
2026-06-19 11:51:49,Consular,NEW DELHI,01 Jul 2026,1
2026-06-19 11:52:09,Consular,NEW DELHI,01 Jul 2026,1
2026-06-19 11:52:26,Consular,NEW DELHI,01 Jul 2026,1
2026-06-19 11:52:42,Consular,NEW DELHI,01 Jul 2026,1
2026-06-19 11:52:59,Consular,NEW DELHI,01 Jul 2026,1
2026-06-19 11:53:20,Consular,NEW DELHI,01 Jul 2026,1
2026-06-19 11:53:36,Consular,NEW DELHI,01 Jul 2026,1
2026-06-19 11:53:57,Consular,NEW DELHI,01 Jul 2026,1
2026-06-19 11:54:17,Consular,NEW DELHI,01 Jul 2026,1
2026-06-19 11:54:35,Consular,NEW DELHI,01 Jul 2026,1
2026-06-19 11:54:53,Consular,NEW DELHI,01 Jul 2026,1
2026-06-19 11:55:13,Consular,NEW DELHI,01 Jul 2026,1
2026-06-19 11:55:32,Consular,NEW DELHI,01 Jul 2026,1
2026-06-19 11:55:52,Consular,NEW DELHI,01 Jul 2026,1
2026-06-19 11:56:12,Consular,NEW DELHI,01 Jul 2026,1
2026-06-19 11:56:32,Consular,NEW DELHI,01 Jul 2026,1
2026-06-19 11:56:49,Consular,NEW DELHI,01 Jul 2026,1
2026-06-19 11:57:07,Consular,NEW DELHI,01 Jul 2026,1
2026-06-19 11:57:25,Consular,NEW DELHI,01 Jul 2026,1
2026-06-19 11:57:41,Consular,NEW DELHI,01 Jul 2026,1
2026-06-19 11:58:00,Consular,NEW DELHI,01 Jul 2026,1
2026-06-19 11:58:21,Consular,NEW DELHI,01 Jul 2026,1
2026-06-19 11:58:38,Consular,NEW DELHI,01 Jul 2026,1
2026-06-19 11:58:54,Consular,NEW DELHI,01 Jul 2026,1
2026-06-19 11:59:14,Consular,NEW DELHI,01 Jul 2026,1
2026-06-19 11:59:30,Consular,NEW DELHI,01 Jul 2026,1
2026-06-19 11:59:50,Consular,NEW DELHI,01 Jul 2026,1
2026-06-19 12:00:11,Consular,NEW DELHI,01 Jul 2026,1
2026-06-19 12:00:28,Consular,NEW DELHI,01 Jul 2026,1
2026-06-19 12:00:47,Consular,NEW DELHI,01 Jul 2026,1
2026-06-19 12:01:03,Consular,NEW DELHI,01 Jul 2026,1
2026-06-19 12:01:23,Consular,NEW DELHI,01 Jul 2026,1
2026-06-19 12:01:40,Consular,NEW DELHI,01 Jul 2026,1
2026-06-19 12:01:57,Consular,NEW DELHI,01 Jul 2026,1
2026-06-19 12:02:17,Consular,NEW DELHI,01 Jul 2026,1
2026-06-19 12:02:34,Consular,NEW DELHI,01 Jul 2026,1
2026-06-19 12:02:54,Consular,NEW DELHI,01 Jul 2026,1
2026-06-19 12:03:11,Consular,NEW DELHI,01 Jul 2026,1
2026-06-19 12:03:28,Consular,NEW DELHI,01 Jul 2026,1
2026-06-19 12:13:36,OFC,CHENNAI VAC,06 Aug 2026,1
2026-06-19 12:13:57,OFC,CHENNAI VAC,06 Aug 2026,1
2026-06-19 12:14:16,OFC,CHENNAI VAC,06 Aug 2026,1
2026-06-19 12:14:32,OFC,CHENNAI VAC,06 Aug 2026,1
2026-06-19 12:30:23,OFC,CHENNAI VAC,28 Jun 2026,5
2026-06-19 12:30:23,OFC,HYDERABAD VAC,17 Nov 2026,9
2026-06-19 12:30:23,OFC,MUMBAI VAC,28 Jun 2026,1
2026-06-19 12:30:42,OFC,CHENNAI VAC,28 Jun 2026,4
2026-06-19 12:31:01,OFC,CHENNAI VAC,30 Nov 2026,3
2026-06-19 12:31:01,OFC,HYDERABAD VAC,17 Nov 2026,9
2026-06-19 12:31:18,OFC,HYDERABAD VAC,17 Nov 2026,9
2026-06-19 13:00:16,OFC,CHENNAI VAC,28 Jun 2026,1
2026-06-19 13:00:16,OFC,MUMBAI VAC,28 Jun 2026,1
2026-06-19 13:00:32,OFC,CHENNAI VAC,28 Jun 2026,1
2026-06-19 13:00:32,OFC,MUMBAI VAC,28 Jun 2026,1
2026-06-19 13:01:08,OFC,MUMBAI VAC,28 Jun 2026,1
2026-06-19 13:01:26,OFC,MUMBAI VAC,28 Jun 2026,1
2026-06-19 13:01:44,OFC,MUMBAI VAC,28 Jun 2026,1
2026-06-19 13:02:03,OFC,MUMBAI VAC,28 Jun 2026,1
2026-06-19 13:02:23,OFC,MUMBAI VAC,28 Jun 2026,1
2026-06-19 13:30:32,OFC,MUMBAI VAC,28 Jun 2026,1
2026-06-19 13:56:17,OFC,NEW DELHI VAC,02 Feb 2027,6
2026-06-19 13:56:49,OFC,NEW DELHI VAC,02 Feb 2027,6
2026-06-19 13:57:05,OFC,NEW DELHI VAC,02 Feb 2027,6
2026-06-19 13:57:23,OFC,NEW DELHI VAC,02 Feb 2027,6
2026-06-19 13:57:40,OFC,NEW DELHI VAC,02 Feb 2027,6
2026-06-19 13:57:57,OFC,NEW DELHI VAC,02 Feb 2027,6
2026-06-19 14:00:18,OFC,NEW DELHI VAC,10 Jul 2026,2
2026-06-19 14:00:51,Consular,NEW DELHI,27 Jul 2026,1
2026-06-19 14:30:22,OFC,NEW DELHI VAC,24 Jun 2026,2
2026-06-19 19:02:51,OFC,CHENNAI VAC,14 Jul 2026,13
2026-06-19 19:02:51,OFC,NEW DELHI VAC,22 Jun 2026,6
2026-06-19 19:03:11,OFC,CHENNAI VAC,14 Jul 2026,13
2026-06-19 19:06:20,OFC,NEW DELHI VAC,22 Jun 2026,6
2026-06-19 19:07:13,OFC,KOLKATA VAC,22 Jun 2026,24
2026-06-19 19:07:32,OFC,KOLKATA VAC,22 Jun 2026,24
2026-06-19 19:07:51,OFC,CHENNAI VAC,14 Jul 2026,13
2026-06-20 00:25:58,OFC,CHENNAI VAC,04 Jan 2027,12
2026-06-20 00:25:58,OFC,NEW DELHI VAC,04 Jan 2027,9
2026-06-20 00:26:15,OFC,CHENNAI VAC,04 Jan 2027,12
2026-06-20 00:26:15,Consular,NEW DELHI,03 Feb 2027,1
2026-06-20 00:26:15,OFC,NEW DELHI VAC,04 Jan 2027,9
2026-06-20 00:26:36,OFC,CHENNAI VAC,04 Jan 2027,12
2026-06-20 00:26:36,Consular,NEW DELHI,03 Feb 2027,1
2026-06-20 00:26:56,Consular,NEW DELHI,03 Feb 2027,1
2026-06-20 00:26:56,OFC,NEW DELHI VAC,12 Jan 2027,8
2026-06-20 00:27:15,Consular,NEW DELHI,03 Feb 2027,1
2026-06-20 00:27:34,Consular,NEW DELHI,03 Feb 2027,1
2026-06-20 00:27:52,Consular,NEW DELHI,03 Feb 2027,1
2026-06-20 00:27:52,OFC,NEW DELHI VAC,12 Jan 2027,8
2026-06-20 00:28:11,Consular,NEW DELHI,03 Feb 2027,1
2026-06-20 00:28:27,Consular,NEW DELHI,03 Feb 2027,1
2026-06-20 00:28:47,Consular,NEW DELHI,03 Feb 2027,1
2026-06-20 00:29:07,Consular,NEW DELHI,03 Feb 2027,1
2026-06-20 00:29:24,Consular,NEW DELHI,03 Feb 2027,1
2026-06-20 00:29:40,Consular,NEW DELHI,03 Feb 2027,1
2026-06-20 00:29:56,Consular,NEW DELHI,03 Feb 2027,1
2026-06-20 00:30:12,Consular,NEW DELHI,03 Feb 2027,1
2026-06-20 00:30:12,OFC,NEW DELHI VAC,27 Jul 2026,2
2026-06-20 00:30:28,Consular,NEW DELHI,03 Feb 2027,1
2026-06-20 00:30:46,Consular,NEW DELHI,03 Feb 2027,1
2026-06-20 00:31:05,Consular,NEW DELHI,03 Feb 2027,1
2026-06-20 00:31:21,Consular,NEW DELHI,03 Feb 2027,1
2026-06-20 00:31:39,Consular,NEW DELHI,03 Feb 2027,1
2026-06-20 00:32:00,Consular,NEW DELHI,03 Feb 2027,1
2026-06-20 00:32:19,Consular,NEW DELHI,03 Feb 2027,1
2026-06-20 00:32:39,Consular,NEW DELHI,03 Feb 2027,1
2026-06-20 00:32:59,Consular,NEW DELHI,03 Feb 2027,1
2026-06-20 00:33:16,Consular,NEW DELHI,03 Feb 2027,1
2026-06-20 00:33:36,Consular,NEW DELHI,03 Feb 2027,1
2026-06-20 00:33:52,Consular,NEW DELHI,03 Feb 2027,1
2026-06-20 00:34:11,Consular,NEW DELHI,03 Feb 2027,1
2026-06-20 00:34:30,Consular,NEW DELHI,03 Feb 2027,1
2026-06-20 00:34:48,Consular,NEW DELHI,03 Feb 2027,1
2026-06-20 00:35:06,Consular,NEW DELHI,03 Feb 2027,1
2026-06-20 00:35:23,Consular,NEW DELHI,03 Feb 2027,1
2026-06-20 00:35:43,Consular,NEW DELHI,03 Feb 2027,1
2026-06-20 00:36:00,Consular,NEW DELHI,03 Feb 2027,1
2026-06-20 00:36:18,Consular,NEW DELHI,03 Feb 2027,1
2026-06-20 00:36:36,Consular,NEW DELHI,03 Feb 2027,1
2026-06-20 00:36:55,Consular,NEW DELHI,03 Feb 2027,1
2026-06-20 00:37:15,Consular,NEW DELHI,03 Feb 2027,1
2026-06-20 00:37:34,Consular,NEW DELHI,03 Feb 2027,1
2026-06-20 00:37:51,Consular,NEW DELHI,03 Feb 2027,1
2026-06-20 00:38:08,Consular,NEW DELHI,03 Feb 2027,1
2026-06-20 00:38:26,Consular,NEW DELHI,03 Feb 2027,1
2026-06-20 00:38:45,Consular,NEW DELHI,03 Feb 2027,1
2026-06-20 00:39:04,Consular,NEW DELHI,03 Feb 2027,1
2026-06-20 00:39:24,Consular,NEW DELHI,03 Feb 2027,1
2026-06-20 00:39:40,Consular,NEW DELHI,03 Feb 2027,1
2026-06-20 00:40:00,Consular,NEW DELHI,03 Feb 2027,1
2026-06-20 00:40:19,Consular,NEW DELHI,03 Feb 2027,1
2026-06-20 00:40:36,Consular,NEW DELHI,03 Feb 2027,1
2026-06-20 00:40:52,Consular,NEW DELHI,03 Feb 2027,1
2026-06-20 00:41:12,Consular,NEW DELHI,03 Feb 2027,1
2026-06-20 00:41:30,Consular,NEW DELHI,03 Feb 2027,1
2026-06-20 00:41:46,Consular,NEW DELHI,03 Feb 2027,1
2026-06-20 00:42:07,Consular,NEW DELHI,03 Feb 2027,1
2026-06-20 00:42:25,Consular,NEW DELHI,03 Feb 2027,1
2026-06-20 00:42:43,Consular,NEW DELHI,03 Feb 2027,1
2026-06-20 00:43:01,Consular,NEW DELHI,03 Feb 2027,1
2026-06-20 00:43:21,Consular,NEW DELHI,03 Feb 2027,1
2026-06-20 00:43:42,Consular,NEW DELHI,03 Feb 2027,1
2026-06-20 00:44:03,Consular,NEW DELHI,03 Feb 2027,1
2026-06-20 00:44:20,Consular,NEW DELHI,03 Feb 2027,1
2026-06-20 00:44:37,Consular,NEW DELHI,03 Feb 2027,1
2026-06-20 00:44:54,Consular,NEW DELHI,03 Feb 2027,1
2026-06-20 00:45:14,Consular,NEW DELHI,03 Feb 2027,1
2026-06-20 00:45:33,Consular,NEW DELHI,03 Feb 2027,1
2026-06-20 00:45:52,Consular,NEW DELHI,03 Feb 2027,1
2026-06-20 00:46:10,Consular,NEW DELHI,03 Feb 2027,1
2026-06-20 00:46:29,Consular,NEW DELHI,03 Feb 2027,1
2026-06-20 00:46:46,Consular,NEW DELHI,03 Feb 2027,1
2026-06-20 00:47:06,Consular,NEW DELHI,03 Feb 2027,1
2026-06-20 00:47:24,Consular,NEW DELHI,03 Feb 2027,1
2026-06-20 00:47:43,Consular,NEW DELHI,03 Feb 2027,1
2026-06-20 00:47:59,Consular,NEW DELHI,03 Feb 2027,1
2026-06-20 00:48:15,Consular,NEW DELHI,03 Feb 2027,1
2026-06-20 00:48:34,Consular,NEW DELHI,03 Feb 2027,1
2026-06-20 00:48:53,Consular,NEW DELHI,03 Feb 2027,1
2026-06-20 00:49:13,Consular,NEW DELHI,03 Feb 2027,1
2026-06-20 00:49:30,Consular,NEW DELHI,03 Feb 2027,1
2026-06-20 00:49:50,Consular,NEW DELHI,03 Feb 2027,1
2026-06-20 00:50:10,Consular,NEW DELHI,03 Feb 2027,1
2026-06-20 00:50:27,Consular,NEW DELHI,03 Feb 2027,1
2026-06-20 00:50:44,Consular,NEW DELHI,03 Feb 2027,1
2026-06-20 00:51:01,Consular,NEW DELHI,03 Feb 2027,1
2026-06-20 00:51:21,Consular,NEW DELHI,03 Feb 2027,1
2026-06-20 00:51:39,Consular,NEW DELHI,03 Feb 2027,1
2026-06-20 00:51:55,Consular,NEW DELHI,03 Feb 2027,1
2026-06-20 00:52:10,Consular,NEW DELHI,03 Feb 2027,1
2026-06-20 00:52:27,Consular,NEW DELHI,03 Feb 2027,1
2026-06-20 00:52:45,Consular,NEW DELHI,03 Feb 2027,1
2026-06-20 00:53:03,Consular,NEW DELHI,03 Feb 2027,1
2026-06-20 00:53:20,Consular,NEW DELHI,03 Feb 2027,1
2026-06-20 00:53:38,Consular,NEW DELHI,03 Feb 2027,1
2026-06-20 00:53:55,Consular,NEW DELHI,03 Feb 2027,1
2026-06-20 00:54:12,Consular,NEW DELHI,03 Feb 2027,1
2026-06-20 00:54:32,Consular,NEW DELHI,03 Feb 2027,1
2026-06-20 00:54:52,Consular,NEW DELHI,03 Feb 2027,1
2026-06-20 00:55:12,Consular,NEW DELHI,03 Feb 2027,1
2026-06-20 00:55:29,Consular,NEW DELHI,03 Feb 2027,1
2026-06-20 00:55:48,OFC,CHENNAI VAC,04 Jan 2027,9
2026-06-20 00:55:48,Consular,NEW DELHI,03 Feb 2027,1
2026-06-20 00:55:48,OFC,NEW DELHI VAC,12 Jan 2027,7
2026-06-20 00:56:07,OFC,CHENNAI VAC,04 Jan 2027,9
2026-06-20 00:56:07,Consular,NEW DELHI,03 Feb 2027,1
2026-06-20 00:56:07,OFC,NEW DELHI VAC,12 Jan 2027,7
2026-06-20 00:56:25,OFC,CHENNAI VAC,04 Jan 2027,9
2026-06-20 00:56:25,Consular,NEW DELHI,03 Feb 2027,1
2026-06-20 00:56:25,OFC,NEW DELHI VAC,12 Jan 2027,7
2026-06-20 00:56:43,OFC,CHENNAI VAC,04 Jan 2027,9
2026-06-20 00:56:43,Consular,NEW DELHI,03 Feb 2027,1
2026-06-20 00:56:43,OFC,NEW DELHI VAC,12 Jan 2027,7
2026-06-20 00:57:01,OFC,CHENNAI VAC,04 Jan 2027,9
2026-06-20 00:57:01,Consular,NEW DELHI,03 Feb 2027,1
2026-06-20 00:57:01,OFC,NEW DELHI VAC,13 Jan 2027,6
2026-06-20 00:57:19,OFC,CHENNAI VAC,04 Jan 2027,9
2026-06-20 00:57:19,Consular,NEW DELHI,03 Feb 2027,1
2026-06-20 00:57:19,OFC,NEW DELHI VAC,13 Jan 2027,6
2026-06-20 00:57:38,OFC,CHENNAI VAC,04 Jan 2027,9
2026-06-20 00:57:38,Consular,NEW DELHI,03 Feb 2027,1
2026-06-20 00:57:38,OFC,NEW DELHI VAC,13 Jan 2027,6
2026-06-20 00:57:58,OFC,CHENNAI VAC,04 Jan 2027,9
2026-06-20 00:57:58,Consular,NEW DELHI,03 Feb 2027,1
2026-06-20 00:57:58,OFC,NEW DELHI VAC,13 Jan 2027,6
2026-06-20 00:58:15,OFC,CHENNAI VAC,04 Jan 2027,9
2026-06-20 00:58:15,Consular,NEW DELHI,03 Feb 2027,1
2026-06-20 00:58:15,OFC,NEW DELHI VAC,13 Jan 2027,6
2026-06-20 00:58:34,OFC,CHENNAI VAC,04 Jan 2027,9
2026-06-20 00:58:34,Consular,NEW DELHI,03 Feb 2027,1
2026-06-20 00:58:34,OFC,NEW DELHI VAC,13 Jan 2027,6
2026-06-20 00:58:53,OFC,CHENNAI VAC,04 Jan 2027,9
2026-06-20 00:58:53,Consular,NEW DELHI,03 Feb 2027,1
2026-06-20 00:58:53,OFC,NEW DELHI VAC,13 Jan 2027,6
2026-06-20 00:59:12,OFC,CHENNAI VAC,05 Jan 2027,8
2026-06-20 00:59:12,Consular,NEW DELHI,03 Feb 2027,1
2026-06-20 00:59:12,OFC,NEW DELHI VAC,14 Jan 2027,5
2026-06-20 00:59:31,OFC,CHENNAI VAC,05 Jan 2027,8
2026-06-20 00:59:31,Consular,NEW DELHI,03 Feb 2027,1
2026-06-20 00:59:48,OFC,CHENNAI VAC,05 Jan 2027,8
2026-06-20 00:59:48,Consular,NEW DELHI,03 Feb 2027,1
2026-06-20 00:59:48,OFC,NEW DELHI VAC,14 Jan 2027,5
2026-06-20 01:00:04,OFC,CHENNAI VAC,05 Jan 2027,8
2026-06-20 01:00:04,Consular,NEW DELHI,03 Feb 2027,1
2026-06-20 01:00:04,OFC,NEW DELHI VAC,14 Jan 2027,5
2026-06-20 01:00:23,OFC,CHENNAI VAC,04 Nov 2026,8
2026-06-20 01:00:23,OFC,MUMBAI VAC,26 Oct 2026,1
2026-06-20 01:00:23,Consular,NEW DELHI,03 Feb 2027,1
2026-06-20 01:00:23,OFC,NEW DELHI VAC,16 Oct 2026,7
2026-06-20 01:00:40,OFC,CHENNAI VAC,04 Nov 2026,8
2026-06-20 01:00:40,OFC,HYDERABAD VAC,30 Oct 2026,5
2026-06-20 01:00:40,OFC,KOLKATA VAC,27 Oct 2026,4
2026-06-20 01:00:40,OFC,NEW DELHI VAC,23 Oct 2026,6
2026-06-20 01:01:00,OFC,CHENNAI VAC,06 Jan 2027,7
2026-06-20 01:01:00,OFC,HYDERABAD VAC,30 Oct 2026,5
2026-06-20 01:01:00,OFC,NEW DELHI VAC,14 Jan 2027,5
2026-06-20 01:01:16,OFC,CHENNAI VAC,06 Jan 2027,7
2026-06-20 01:01:16,OFC,NEW DELHI VAC,14 Jan 2027,5
2026-06-20 01:01:36,OFC,CHENNAI VAC,06 Jan 2027,7
2026-06-20 01:01:36,OFC,HYDERABAD VAC,31 Jul 2026,7
2026-06-20 01:01:36,OFC,NEW DELHI VAC,14 Jan 2027,5
2026-06-20 01:01:52,OFC,CHENNAI VAC,06 Jan 2027,7
2026-06-20 01:26:06,OFC,NEW DELHI VAC,28 Jul 2026,1
2026-06-20 01:56:00,OFC,CHENNAI VAC,04 Jan 2027,9
2026-06-20 01:56:00,OFC,NEW DELHI VAC,04 Jan 2027,7
2026-06-20 01:56:17,OFC,CHENNAI VAC,04 Jan 2027,9
2026-06-20 01:56:17,OFC,NEW DELHI VAC,04 Jan 2027,8
2026-06-20 01:56:35,OFC,CHENNAI VAC,04 Jan 2027,9
2026-06-20 01:56:35,OFC,NEW DELHI VAC,04 Jan 2027,8
2026-06-20 01:56:52,OFC,CHENNAI VAC,04 Jan 2027,9
2026-06-20 01:56:52,OFC,NEW DELHI VAC,04 Jan 2027,8
2026-06-20 01:57:12,OFC,CHENNAI VAC,04 Jan 2027,9
2026-06-20 01:57:12,OFC,NEW DELHI VAC,12 Jan 2027,7
2026-06-20 01:57:31,OFC,CHENNAI VAC,04 Jan 2027,9
2026-06-20 01:57:31,OFC,NEW DELHI VAC,12 Jan 2027,7
2026-06-20 01:57:47,OFC,CHENNAI VAC,04 Jan 2027,9
2026-06-20 01:57:47,OFC,NEW DELHI VAC,12 Jan 2027,7
2026-06-20 01:58:07,OFC,CHENNAI VAC,04 Jan 2027,9
2026-06-20 01:58:07,OFC,NEW DELHI VAC,12 Jan 2027,7
2026-06-20 01:58:26,OFC,NEW DELHI VAC,12 Jan 2027,7
2026-06-20 02:55:59,OFC,CHENNAI VAC,04 Nov 2026,2
2026-06-20 02:55:59,OFC,HYDERABAD VAC,30 Oct 2026,14
2026-06-20 02:56:17,OFC,NEW DELHI VAC,12 Nov 2026,1
2026-06-20 03:00:18,OFC,MUMBAI VAC,29 Jul 2026,1
2026-06-20 12:18:40,OFC,HYDERABAD VAC,23 Jun 2026,26
2026-06-20 12:26:00,OFC,CHENNAI VAC,04 Nov 2026,2
2026-06-20 12:26:00,OFC,HYDERABAD VAC,30 Oct 2026,11
2026-06-20 12:26:18,OFC,HYDERABAD VAC,30 Oct 2026,11
2026-06-20 12:26:18,OFC,KOLKATA VAC,02 Nov 2026,5
2026-06-20 12:26:56,OFC,MUMBAI VAC,29 Jul 2026,1
2026-06-20 12:30:22,OFC,HYDERABAD VAC,22 Jun 2026,3
2026-06-20 12:30:22,OFC,KOLKATA VAC,28 Sep 2026,1
2026-06-20 12:30:22,OFC,MUMBAI VAC,28 Jun 2026,1
2026-06-20 12:30:22,OFC,NEW DELHI VAC,22 Jun 2026,4
2026-06-20 12:30:40,OFC,HYDERABAD VAC,22 Jun 2026,3
2026-06-20 12:30:40,OFC,KOLKATA VAC,28 Sep 2026,1
2026-06-20 12:30:40,OFC,NEW DELHI VAC,22 Jun 2026,4
2026-06-20 12:30:59,OFC,CHENNAI VAC,28 Jun 2026,1
2026-06-20 12:30:59,OFC,MUMBAI VAC,28 Jun 2026,1
2026-06-20 12:31:15,OFC,CHENNAI VAC,23 Jun 2026,5
2026-06-20 12:31:15,OFC,MUMBAI VAC,22 Jun 2026,2
2026-06-20 12:31:31,OFC,CHENNAI VAC,23 Jun 2026,5
2026-06-20 12:31:31,OFC,MUMBAI VAC,28 Jun 2026,1
2026-06-20 12:31:49,Consular,KOLKATA,01 Jul 2026,1
2026-06-20 12:31:49,OFC,MUMBAI VAC,28 Jun 2026,1
2026-06-20 12:32:08,OFC,MUMBAI VAC,22 Jun 2026,2
2026-06-20 12:35:27,OFC,HYDERABAD VAC,22 Jun 2026,27
2026-06-20 13:24:45,OFC,HYDERABAD VAC,23 Jun 2026,26
2026-06-20 13:26:13,OFC,MUMBAI VAC,29 Jul 2026,1
2026-06-20 13:30:18,OFC,NEW DELHI VAC,28 Jul 2026,1
2026-06-20 13:33:23,Consular,CHENNAI,11 Aug 2026,1
2026-06-20 13:33:41,Consular,CHENNAI,11 Aug 2026,1
2026-06-20 13:34:01,Consular,CHENNAI,11 Aug 2026,1
2026-06-20 13:34:18,Consular,CHENNAI,11 Aug 2026,1
2026-06-20 13:34:35,Consular,CHENNAI,11 Aug 2026,1
2026-06-20 13:34:52,Consular,CHENNAI,11 Aug 2026,1
2026-06-20 13:35:08,Consular,CHENNAI,11 Aug 2026,1
2026-06-20 13:35:27,Consular,CHENNAI,11 Aug 2026,1
2026-06-20 13:35:44,Consular,CHENNAI,11 Aug 2026,1
2026-06-20 13:36:04,Consular,CHENNAI,11 Aug 2026,1
2026-06-20 13:36:23,Consular,CHENNAI,11 Aug 2026,1
2026-06-20 13:36:44,Consular,CHENNAI,11 Aug 2026,1
2026-06-20 13:37:02,Consular,CHENNAI,11 Aug 2026,1
2026-06-20 13:37:20,Consular,CHENNAI,11 Aug 2026,1
2026-06-20 13:37:37,Consular,CHENNAI,11 Aug 2026,1
2026-06-20 13:37:57,Consular,CHENNAI,11 Aug 2026,1
2026-06-20 13:38:14,Consular,CHENNAI,11 Aug 2026,1
2026-06-20 13:38:32,Consular,CHENNAI,11 Aug 2026,1
2026-06-20 13:38:51,Consular,CHENNAI,11 Aug 2026,1
2026-06-20 13:39:10,Consular,CHENNAI,11 Aug 2026,1
2026-06-20 13:39:29,Consular,CHENNAI,11 Aug 2026,1
2026-06-20 13:39:48,Consular,CHENNAI,11 Aug 2026,1
2026-06-20 13:40:09,Consular,CHENNAI,11 Aug 2026,1
2026-06-20 13:40:28,Consular,CHENNAI,11 Aug 2026,1
2026-06-20 13:40:45,Consular,CHENNAI,11 Aug 2026,1
2026-06-20 13:41:04,Consular,CHENNAI,11 Aug 2026,1
2026-06-20 13:41:22,Consular,CHENNAI,11 Aug 2026,1
2026-06-20 13:41:41,Consular,CHENNAI,11 Aug 2026,1
2026-06-20 13:42:01,Consular,CHENNAI,11 Aug 2026,1
2026-06-20 13:42:22,Consular,CHENNAI,11 Aug 2026,1
2026-06-20 13:42:39,Consular,CHENNAI,11 Aug 2026,1
2026-06-20 13:42:58,Consular,CHENNAI,11 Aug 2026,1
2026-06-20 13:43:19,Consular,CHENNAI,11 Aug 2026,1
2026-06-20 13:43:39,Consular,CHENNAI,11 Aug 2026,1
2026-06-20 13:43:59,Consular,CHENNAI,11 Aug 2026,1
2026-06-20 13:44:16,Consular,CHENNAI,11 Aug 2026,1
2026-06-20 13:44:34,Consular,CHENNAI,11 Aug 2026,1
2026-06-20 13:44:54,Consular,CHENNAI,11 Aug 2026,1
2026-06-20 13:45:14,Consular,CHENNAI,11 Aug 2026,1
2026-06-20 13:45:34,Consular,CHENNAI,11 Aug 2026,1
2026-06-20 13:45:51,Consular,CHENNAI,11 Aug 2026,1
2026-06-20 13:46:11,Consular,CHENNAI,11 Aug 2026,1
2026-06-20 13:46:28,Consular,CHENNAI,11 Aug 2026,1
2026-06-20 13:46:56,Consular,CHENNAI,11 Aug 2026,1
2026-06-20 13:47:14,Consular,CHENNAI,11 Aug 2026,1
2026-06-20 13:47:31,Consular,CHENNAI,11 Aug 2026,1
2026-06-20 13:47:49,Consular,CHENNAI,11 Aug 2026,1
2026-06-20 13:48:08,Consular,CHENNAI,11 Aug 2026,1
2026-06-20 13:48:28,Consular,CHENNAI,11 Aug 2026,1
2026-06-20 13:48:43,Consular,CHENNAI,11 Aug 2026,1
2026-06-20 13:49:03,Consular,CHENNAI,11 Aug 2026,1
2026-06-20 13:49:20,Consular,CHENNAI,11 Aug 2026,1
2026-06-20 13:49:36,Consular,CHENNAI,11 Aug 2026,1
2026-06-20 13:49:55,Consular,CHENNAI,11 Aug 2026,1
2026-06-20 13:50:15,Consular,CHENNAI,11 Aug 2026,1
2026-06-20 13:50:32,Consular,CHENNAI,11 Aug 2026,1
2026-06-20 13:50:49,Consular,CHENNAI,11 Aug 2026,1
2026-06-20 13:51:08,Consular,CHENNAI,11 Aug 2026,1
2026-06-20 13:51:27,Consular,CHENNAI,11 Aug 2026,1
2026-06-20 13:51:47,Consular,CHENNAI,11 Aug 2026,1
2026-06-20 13:52:04,Consular,CHENNAI,11 Aug 2026,1
2026-06-20 13:52:22,Consular,CHENNAI,11 Aug 2026,1
2026-06-20 13:52:42,Consular,CHENNAI,11 Aug 2026,1
2026-06-20 13:53:00,Consular,CHENNAI,11 Aug 2026,1
2026-06-20 13:53:18,Consular,CHENNAI,11 Aug 2026,1
2026-06-20 13:53:35,Consular,CHENNAI,11 Aug 2026,1
2026-06-20 13:53:51,Consular,CHENNAI,11 Aug 2026,1
2026-06-20 13:54:10,Consular,CHENNAI,11 Aug 2026,1
2026-06-20 13:54:30,Consular,CHENNAI,11 Aug 2026,1
2026-06-20 13:54:47,Consular,CHENNAI,11 Aug 2026,1
2026-06-20 13:55:06,Consular,CHENNAI,11 Aug 2026,1
2026-06-20 13:55:25,Consular,CHENNAI,11 Aug 2026,1
2026-06-20 13:55:46,Consular,CHENNAI,11 Aug 2026,1
2026-06-20 13:56:02,Consular,CHENNAI,11 Aug 2026,1
2026-06-20 13:56:02,OFC,CHENNAI VAC,04 Jan 2027,3
2026-06-20 13:56:02,OFC,HYDERABAD VAC,09 Dec 2026,2
2026-06-20 13:56:02,OFC,NEW DELHI VAC,04 Jan 2027,1
2026-06-20 13:56:21,OFC,CHENNAI VAC,24 Nov 2026,6
2026-06-20 13:56:21,OFC,HYDERABAD VAC,09 Nov 2026,14
2026-06-20 13:56:21,OFC,KOLKATA VAC,09 Nov 2026,11
2026-06-20 13:56:21,OFC,NEW DELHI VAC,03 Dec 2026,2
2026-06-20 13:56:38,OFC,CHENNAI VAC,04 Jan 2027,3
2026-06-20 13:56:38,OFC,HYDERABAD VAC,09 Nov 2026,14
2026-06-20 13:56:38,OFC,KOLKATA VAC,09 Nov 2026,11
2026-06-20 13:56:38,Consular,NEW DELHI,08 Dec 2026,1
2026-06-20 13:56:38,OFC,NEW DELHI VAC,04 Jan 2027,1
2026-06-20 13:56:56,OFC,HYDERABAD VAC,09 Nov 2026,14
2026-06-20 13:56:56,OFC,KOLKATA VAC,09 Nov 2026,11
2026-06-20 13:56:56,Consular,NEW DELHI,08 Dec 2026,1
2026-06-20 13:56:56,OFC,NEW DELHI VAC,04 Jan 2027,1
2026-06-20 13:57:14,OFC,CHENNAI VAC,04 Jan 2027,3
2026-06-20 13:57:14,OFC,HYDERABAD VAC,09 Nov 2026,13
2026-06-20 13:57:14,OFC,KOLKATA VAC,09 Nov 2026,11
2026-06-20 13:57:14,OFC,NEW DELHI VAC,04 Jan 2027,1
2026-06-20 13:57:33,OFC,CHENNAI VAC,04 Jan 2027,3
2026-06-20 13:57:53,Consular,CHENNAI,11 Aug 2026,1
2026-06-20 13:57:53,OFC,CHENNAI VAC,04 Jan 2027,3
2026-06-20 13:58:11,OFC,CHENNAI VAC,04 Jan 2027,3
2026-06-20 13:59:26,OFC,CHENNAI VAC,04 Jan 2027,3
2026-06-20 13:59:47,OFC,CHENNAI VAC,05 Jan 2027,2
2026-06-20 14:00:04,OFC,CHENNAI VAC,05 Jan 2027,2
2026-06-20 14:00:22,OFC,CHENNAI VAC,05 Jan 2027,2
2026-06-20 14:00:40,OFC,CHENNAI VAC,05 Jan 2027,2
2026-06-20 14:01:00,OFC,CHENNAI VAC,05 Jan 2027,2
2026-06-20 14:01:19,Consular,CHENNAI,11 Aug 2026,1
2026-06-20 14:01:19,OFC,CHENNAI VAC,06 Jan 2027,1
2026-06-20 14:01:36,OFC,CHENNAI VAC,06 Jan 2027,1
2026-06-20 14:01:55,OFC,CHENNAI VAC,06 Jan 2027,1
2026-06-20 14:02:12,OFC,CHENNAI VAC,06 Jan 2027,1
2026-06-20 14:02:31,OFC,CHENNAI VAC,06 Jan 2027,1
2026-06-20 14:02:50,OFC,CHENNAI VAC,06 Jan 2027,1
2026-06-20 14:26:22,OFC,NEW DELHI VAC,28 Jul 2026,1
2026-06-20 15:00:22,OFC,HYDERABAD VAC,01 Jul 2026,2
2026-06-20 15:00:22,OFC,MUMBAI VAC,28 Jun 2026,1
2026-06-20 15:00:41,OFC,CHENNAI VAC,28 Jun 2026,1
2026-06-20 15:00:41,OFC,MUMBAI VAC,28 Jun 2026,1
2026-06-20 15:01:01,OFC,CHENNAI VAC,28 Jun 2026,2
2026-06-20 15:25:43,OFC,CHENNAI VAC,04 Jan 2027,3
2026-06-20 15:25:43,OFC,NEW DELHI VAC,04 Jan 2027,1
2026-06-20 15:26:00,OFC,CHENNAI VAC,04 Jan 2027,3
2026-06-20 15:26:00,OFC,HYDERABAD VAC,09 Dec 2026,2
2026-06-20 15:26:00,OFC,NEW DELHI VAC,04 Jan 2027,1
2026-06-20 15:26:18,OFC,CHENNAI VAC,04 Jan 2027,3
2026-06-20 15:26:18,OFC,HYDERABAD VAC,09 Dec 2026,2
2026-06-20 15:26:18,OFC,NEW DELHI VAC,04 Jan 2027,1
2026-06-20 15:26:34,OFC,CHENNAI VAC,04 Jan 2027,3
2026-06-20 15:26:34,OFC,HYDERABAD VAC,18 Dec 2026,1
2026-06-20 15:26:52,OFC,HYDERABAD VAC,18 Dec 2026,1
2026-06-20 15:27:08,OFC,CHENNAI VAC,04 Jan 2027,3
2026-06-20 15:27:08,OFC,HYDERABAD VAC,18 Dec 2026,1
2026-06-20 15:27:25,OFC,CHENNAI VAC,04 Jan 2027,3
2026-06-20 15:28:00,OFC,CHENNAI VAC,04 Jan 2027,3
2026-06-20 15:28:20,OFC,CHENNAI VAC,04 Jan 2027,3
2026-06-20 15:28:56,OFC,CHENNAI VAC,04 Jan 2027,3
2026-06-20 15:29:13,OFC,CHENNAI VAC,04 Jan 2027,3
2026-06-20 15:29:30,OFC,CHENNAI VAC,05 Jan 2027,2
2026-06-20 15:29:49,Consular,CHENNAI,11 Aug 2026,1
2026-06-20 15:29:49,OFC,CHENNAI VAC,05 Jan 2027,2
2026-06-20 15:30:05,OFC,CHENNAI VAC,05 Jan 2027,2
2026-06-20 15:30:24,OFC,CHENNAI VAC,05 Jan 2027,2
2026-06-20 15:30:41,OFC,CHENNAI VAC,05 Jan 2027,2
2026-06-20 15:31:00,OFC,CHENNAI VAC,06 Jan 2027,1
2026-06-20 16:22:17,OFC,CHENNAI VAC,15 Jul 2026,12
2026-06-20 16:25:59,OFC,CHENNAI VAC,04 Jan 2027,3
2026-06-20 16:25:59,OFC,HYDERABAD VAC,09 Dec 2026,2
2026-06-20 16:26:19,OFC,CHENNAI VAC,04 Jan 2027,3
2026-06-20 16:26:57,OFC,CHENNAI VAC,04 Jan 2027,3
2026-06-20 16:26:57,Consular,MUMBAI,08 Jan 2027,1
2026-06-20 16:27:15,OFC,CHENNAI VAC,04 Jan 2027,3
2026-06-20 16:27:42,OFC,CHENNAI VAC,04 Jan 2027,3
2026-06-20 16:28:00,OFC,CHENNAI VAC,04 Jan 2027,3
2026-06-20 16:28:35,OFC,CHENNAI VAC,05 Jan 2027,2
2026-06-20 16:29:15,OFC,CHENNAI VAC,05 Jan 2027,2
2026-06-20 16:29:36,OFC,CHENNAI VAC,05 Jan 2027,2
2026-06-20 16:29:54,OFC,CHENNAI VAC,05 Jan 2027,2
2026-06-20 16:30:11,OFC,CHENNAI VAC,05 Jan 2027,2
2026-06-20 16:30:30,OFC,CHENNAI VAC,05 Jan 2027,2
2026-06-20 16:31:11,OFC,CHENNAI VAC,06 Jan 2027,1
2026-06-20 16:31:32,OFC,CHENNAI VAC,06 Jan 2027,1
2026-06-20 17:00:16,OFC,CHENNAI VAC,13 Aug 2026,7
2026-06-20 17:00:34,OFC,CHENNAI VAC,20 Aug 2026,4
2026-06-20 18:00:18,OFC,CHENNAI VAC,28 Jun 2026,2
2026-06-20 18:00:18,OFC,MUMBAI VAC,28 Jun 2026,1
2026-06-20 18:00:37,OFC,CHENNAI VAC,28 Jun 2026,1
2026-06-20 18:00:37,OFC,HYDERABAD VAC,10 Jul 2026,1
2026-06-20 18:00:37,OFC,NEW DELHI VAC,02 Jul 2026,1
2026-06-20 18:02:08,OFC,MUMBAI VAC,28 Jun 2026,1
2026-06-20 18:30:23,OFC,CHENNAI VAC,13 Aug 2026,7
2026-06-20 18:30:43,OFC,CHENNAI VAC,20 Aug 2026,3
2026-06-20 18:31:00,OFC,CHENNAI VAC,20 Aug 2026,2
2026-06-20 18:31:20,Consular,MUMBAI,02 Sep 2026,1
2026-06-20 18:31:53,OFC,CHENNAI VAC,20 Aug 2026,3
2026-06-20 18:32:31,OFC,CHENNAI VAC,20 Aug 2026,3
2026-06-20 20:55:47,Consular,NEW DELHI,19 Feb 2027,1
2026-06-20 20:56:05,Consular,NEW DELHI,19 Feb 2027,1
2026-06-20 20:56:21,Consular,NEW DELHI,19 Feb 2027,1
2026-06-20 20:56:40,Consular,NEW DELHI,19 Feb 2027,1
2026-06-20 20:56:58,Consular,NEW DELHI,19 Feb 2027,1
2026-06-20 20:57:16,Consular,NEW DELHI,19 Feb 2027,1
2026-06-20 20:57:34,Consular,NEW DELHI,19 Feb 2027,1
2026-06-20 20:57:50,Consular,NEW DELHI,19 Feb 2027,1
2026-06-20 20:58:06,Consular,NEW DELHI,19 Feb 2027,1
2026-06-20 20:58:26,Consular,NEW DELHI,19 Feb 2027,1
2026-06-20 20:58:45,Consular,NEW DELHI,19 Feb 2027,1
2026-06-20 20:59:04,Consular,NEW DELHI,19 Feb 2027,1
2026-06-20 20:59:23,Consular,NEW DELHI,19 Feb 2027,1
2026-06-20 20:59:42,Consular,NEW DELHI,19 Feb 2027,1
2026-06-20 21:00:02,Consular,NEW DELHI,19 Feb 2027,1
2026-06-20 21:00:22,Consular,NEW DELHI,19 Feb 2027,1
2026-06-20 21:00:38,Consular,NEW DELHI,19 Feb 2027,1
2026-06-20 21:00:58,Consular,NEW DELHI,19 Feb 2027,1
2026-06-20 21:01:18,Consular,NEW DELHI,19 Feb 2027,1
2026-06-20 21:01:36,Consular,NEW DELHI,19 Feb 2027,1
2026-06-20 21:01:51,Consular,NEW DELHI,19 Feb 2027,1
2026-06-20 21:02:10,Consular,NEW DELHI,19 Feb 2027,1
2026-06-20 21:02:29,Consular,NEW DELHI,19 Feb 2027,1
2026-06-20 21:02:48,Consular,NEW DELHI,19 Feb 2027,1
2026-06-20 21:03:07,Consular,NEW DELHI,19 Feb 2027,1
2026-06-20 21:03:25,Consular,NEW DELHI,19 Feb 2027,1
2026-06-20 21:03:45,Consular,NEW DELHI,19 Feb 2027,1
2026-06-20 21:04:05,Consular,NEW DELHI,19 Feb 2027,1
2026-06-20 21:04:25,Consular,NEW DELHI,19 Feb 2027,1
2026-06-20 21:04:41,Consular,NEW DELHI,19 Feb 2027,1
2026-06-20 21:05:01,Consular,NEW DELHI,19 Feb 2027,1
2026-06-20 21:05:17,Consular,NEW DELHI,19 Feb 2027,1
2026-06-20 21:05:36,Consular,NEW DELHI,19 Feb 2027,1
2026-06-20 21:05:55,Consular,NEW DELHI,19 Feb 2027,1
2026-06-20 21:06:13,Consular,NEW DELHI,19 Feb 2027,1
2026-06-20 21:06:33,Consular,NEW DELHI,19 Feb 2027,1
2026-06-20 21:06:50,Consular,NEW DELHI,19 Feb 2027,1
2026-06-20 21:07:08,Consular,NEW DELHI,19 Feb 2027,1
2026-06-20 21:07:27,Consular,NEW DELHI,19 Feb 2027,1
2026-06-20 21:07:46,Consular,NEW DELHI,19 Feb 2027,1
2026-06-20 21:08:04,Consular,NEW DELHI,19 Feb 2027,1
2026-06-20 21:08:24,Consular,NEW DELHI,19 Feb 2027,1
2026-06-20 21:08:41,Consular,NEW DELHI,19 Feb 2027,1
2026-06-20 21:09:01,Consular,NEW DELHI,19 Feb 2027,1
2026-06-20 21:09:18,Consular,NEW DELHI,19 Feb 2027,1
2026-06-20 21:09:38,Consular,NEW DELHI,19 Feb 2027,1
2026-06-20 21:09:56,Consular,NEW DELHI,19 Feb 2027,1
2026-06-20 21:10:13,Consular,NEW DELHI,19 Feb 2027,1
2026-06-20 21:10:31,Consular,NEW DELHI,19 Feb 2027,1
2026-06-20 21:10:47,Consular,NEW DELHI,19 Feb 2027,1
2026-06-20 21:11:03,Consular,NEW DELHI,19 Feb 2027,1
2026-06-20 21:11:19,Consular,NEW DELHI,19 Feb 2027,1
2026-06-20 21:11:37,Consular,NEW DELHI,19 Feb 2027,1
2026-06-20 21:11:58,Consular,NEW DELHI,19 Feb 2027,1
2026-06-20 21:12:16,Consular,NEW DELHI,19 Feb 2027,1
2026-06-20 21:12:34,Consular,NEW DELHI,19 Feb 2027,1
2026-06-20 21:12:50,Consular,NEW DELHI,19 Feb 2027,1
2026-06-20 21:13:09,Consular,NEW DELHI,19 Feb 2027,1
2026-06-20 21:13:28,Consular,NEW DELHI,19 Feb 2027,1
2026-06-20 21:13:47,Consular,NEW DELHI,19 Feb 2027,1
2026-06-20 21:14:03,Consular,NEW DELHI,19 Feb 2027,1
2026-06-20 21:14:19,Consular,NEW DELHI,19 Feb 2027,1
2026-06-20 21:14:38,Consular,NEW DELHI,19 Feb 2027,1
2026-06-20 21:14:56,Consular,NEW DELHI,19 Feb 2027,1
2026-06-20 21:15:13,Consular,NEW DELHI,19 Feb 2027,1
2026-06-20 21:15:28,Consular,NEW DELHI,19 Feb 2027,1
2026-06-20 21:15:47,Consular,NEW DELHI,19 Feb 2027,1
2026-06-20 21:16:05,Consular,NEW DELHI,19 Feb 2027,1
2026-06-20 21:16:21,Consular,NEW DELHI,19 Feb 2027,1
2026-06-20 21:16:40,Consular,NEW DELHI,19 Feb 2027,1
2026-06-20 21:16:56,Consular,NEW DELHI,19 Feb 2027,1
2026-06-20 21:17:13,Consular,NEW DELHI,19 Feb 2027,1
2026-06-20 21:17:32,Consular,NEW DELHI,19 Feb 2027,1
2026-06-20 21:17:47,Consular,NEW DELHI,19 Feb 2027,1
2026-06-20 21:18:08,Consular,NEW DELHI,19 Feb 2027,1
2026-06-20 21:18:23,Consular,NEW DELHI,19 Feb 2027,1
2026-06-20 21:18:42,Consular,NEW DELHI,19 Feb 2027,1
2026-06-20 21:19:00,Consular,NEW DELHI,19 Feb 2027,1
2026-06-20 21:19:16,Consular,NEW DELHI,19 Feb 2027,1
2026-06-20 21:19:33,Consular,NEW DELHI,19 Feb 2027,1
2026-06-20 21:19:52,Consular,NEW DELHI,19 Feb 2027,1
2026-06-20 21:20:11,Consular,NEW DELHI,19 Feb 2027,1
2026-06-20 21:20:31,Consular,NEW DELHI,19 Feb 2027,1
2026-06-20 21:20:50,Consular,NEW DELHI,19 Feb 2027,1
2026-06-20 21:21:08,Consular,NEW DELHI,19 Feb 2027,1
2026-06-20 21:21:28,Consular,NEW DELHI,19 Feb 2027,1
2026-06-20 21:21:47,Consular,NEW DELHI,19 Feb 2027,1
2026-06-20 21:22:03,Consular,NEW DELHI,19 Feb 2027,1
2026-06-20 21:22:22,Consular,NEW DELHI,19 Feb 2027,1
2026-06-20 21:22:40,Consular,NEW DELHI,19 Feb 2027,1
2026-06-20 21:22:56,Consular,NEW DELHI,19 Feb 2027,1
2026-06-20 21:23:12,Consular,NEW DELHI,19 Feb 2027,1
2026-06-20 21:23:32,Consular,NEW DELHI,19 Feb 2027,1
2026-06-20 21:23:48,Consular,NEW DELHI,19 Feb 2027,1
2026-06-20 21:24:04,Consular,NEW DELHI,19 Feb 2027,1
2026-06-20 21:24:21,Consular,NEW DELHI,19 Feb 2027,1
2026-06-20 21:24:38,Consular,NEW DELHI,19 Feb 2027,1
2026-06-20 21:24:56,Consular,NEW DELHI,19 Feb 2027,1
2026-06-20 21:25:14,Consular,NEW DELHI,19 Feb 2027,1
2026-06-20 21:25:31,Consular,NEW DELHI,19 Feb 2027,1
2026-06-20 21:25:51,Consular,NEW DELHI,19 Feb 2027,1
2026-06-20 21:26:11,Consular,NEW DELHI,19 Feb 2027,1
2026-06-20 21:26:30,Consular,NEW DELHI,19 Feb 2027,1
2026-06-20 21:26:47,Consular,NEW DELHI,19 Feb 2027,1
2026-06-20 21:27:05,Consular,NEW DELHI,19 Feb 2027,1
2026-06-20 21:27:24,Consular,NEW DELHI,19 Feb 2027,1
2026-06-20 21:55:55,OFC,NEW DELHI VAC,04 Jan 2027,1
2026-06-20 21:56:13,OFC,CHENNAI VAC,08 Dec 2026,3
2026-06-20 21:56:13,OFC,HYDERABAD VAC,08 Dec 2026,2
2026-06-20 21:56:13,OFC,NEW DELHI VAC,04 Jan 2027,1
2026-06-20 21:56:33,OFC,CHENNAI VAC,04 Jan 2027,2
2026-06-20 21:56:33,OFC,HYDERABAD VAC,08 Dec 2026,1
2026-06-20 21:56:33,OFC,NEW DELHI VAC,04 Jan 2027,1
2026-06-20 21:56:52,OFC,CHENNAI VAC,04 Jan 2027,2
2026-06-20 21:57:08,OFC,CHENNAI VAC,04 Jan 2027,2
2026-06-20 21:57:25,OFC,CHENNAI VAC,04 Jan 2027,2
2026-06-20 21:57:44,OFC,CHENNAI VAC,04 Jan 2027,2
2026-06-20 21:58:03,OFC,CHENNAI VAC,04 Jan 2027,2
2026-06-20 21:58:21,OFC,CHENNAI VAC,04 Jan 2027,2
2026-06-20 21:58:40,OFC,CHENNAI VAC,04 Jan 2027,2
2026-06-20 21:58:56,OFC,CHENNAI VAC,04 Jan 2027,2
2026-06-20 21:59:16,OFC,CHENNAI VAC,04 Jan 2027,2
2026-06-20 21:59:36,OFC,CHENNAI VAC,04 Jan 2027,2
2026-06-20 22:00:15,OFC,CHENNAI VAC,04 Jan 2027,2
2026-06-20 22:00:35,OFC,CHENNAI VAC,04 Jan 2027,2
2026-06-20 22:00:56,OFC,CHENNAI VAC,04 Jan 2027,2
2026-06-20 22:01:15,OFC,CHENNAI VAC,05 Jan 2027,1
2026-06-20 22:01:33,OFC,CHENNAI VAC,05 Jan 2027,1
2026-06-20 22:02:12,Consular,NEW DELHI,07 Jan 2027,1
2026-06-20 22:02:31,Consular,NEW DELHI,07 Jan 2027,1
2026-06-20 22:02:51,Consular,NEW DELHI,07 Jan 2027,1
2026-06-20 22:04:09,Consular,NEW DELHI,07 Jan 2027,1
2026-06-20 22:04:28,Consular,NEW DELHI,07 Jan 2027,1
2026-06-20 22:04:45,Consular,NEW DELHI,07 Jan 2027,1
2026-06-20 22:05:01,Consular,NEW DELHI,07 Jan 2027,1
2026-06-20 22:05:18,Consular,NEW DELHI,07 Jan 2027,1
2026-06-20 22:05:37,Consular,NEW DELHI,07 Jan 2027,1
2026-06-20 22:05:55,Consular,NEW DELHI,07 Jan 2027,1
2026-06-20 22:06:14,Consular,NEW DELHI,07 Jan 2027,1
2026-06-20 22:06:34,Consular,NEW DELHI,07 Jan 2027,1
2026-06-20 22:06:52,Consular,NEW DELHI,07 Jan 2027,1
2026-06-20 22:07:11,Consular,NEW DELHI,07 Jan 2027,1
2026-06-20 22:07:31,Consular,NEW DELHI,07 Jan 2027,1
2026-06-20 22:07:49,Consular,NEW DELHI,07 Jan 2027,1
2026-06-20 22:08:05,Consular,NEW DELHI,07 Jan 2027,1
2026-06-20 22:08:23,Consular,NEW DELHI,07 Jan 2027,1
2026-06-20 22:08:42,Consular,NEW DELHI,07 Jan 2027,1
2026-06-20 22:08:59,Consular,NEW DELHI,07 Jan 2027,1
2026-06-20 22:10:46,Consular,NEW DELHI,07 Jan 2027,1
2026-06-20 22:11:04,Consular,NEW DELHI,07 Jan 2027,1
2026-06-20 22:11:21,Consular,NEW DELHI,07 Jan 2027,1
2026-06-20 22:11:38,Consular,NEW DELHI,07 Jan 2027,1
2026-06-20 22:11:56,Consular,NEW DELHI,07 Jan 2027,1
2026-06-20 22:12:13,Consular,NEW DELHI,07 Jan 2027,1
2026-06-20 22:12:30,Consular,NEW DELHI,07 Jan 2027,1
2026-06-20 22:12:46,Consular,NEW DELHI,07 Jan 2027,1
2026-06-20 22:13:06,Consular,NEW DELHI,07 Jan 2027,1
2026-06-20 22:13:25,Consular,NEW DELHI,07 Jan 2027,1
2026-06-20 22:13:42,Consular,NEW DELHI,07 Jan 2027,1
2026-06-20 22:14:02,Consular,NEW DELHI,07 Jan 2027,1
2026-06-20 22:14:20,Consular,NEW DELHI,07 Jan 2027,1
2026-06-20 22:14:38,Consular,NEW DELHI,07 Jan 2027,1
2026-06-20 22:14:54,Consular,NEW DELHI,07 Jan 2027,1
2026-06-20 22:15:12,Consular,NEW DELHI,07 Jan 2027,1
2026-06-20 22:15:30,Consular,NEW DELHI,07 Jan 2027,1
2026-06-20 22:15:49,Consular,NEW DELHI,07 Jan 2027,1
2026-06-20 22:16:05,Consular,NEW DELHI,07 Jan 2027,1
2026-06-20 22:16:25,Consular,NEW DELHI,07 Jan 2027,1
2026-06-20 22:16:44,Consular,NEW DELHI,07 Jan 2027,1
2026-06-20 22:17:03,Consular,NEW DELHI,07 Jan 2027,1
2026-06-20 22:17:22,Consular,NEW DELHI,07 Jan 2027,1
2026-06-20 22:17:42,Consular,NEW DELHI,07 Jan 2027,1
2026-06-20 22:17:58,Consular,NEW DELHI,07 Jan 2027,1
2026-06-20 22:18:15,Consular,NEW DELHI,07 Jan 2027,1
2026-06-20 22:18:31,Consular,NEW DELHI,07 Jan 2027,1
2026-06-20 22:18:52,Consular,NEW DELHI,07 Jan 2027,1
2026-06-20 22:19:08,Consular,NEW DELHI,07 Jan 2027,1
2026-06-20 22:19:28,Consular,NEW DELHI,07 Jan 2027,1
2026-06-20 22:19:45,Consular,NEW DELHI,07 Jan 2027,1
2026-06-20 22:20:02,Consular,NEW DELHI,07 Jan 2027,1
2026-06-20 22:20:21,Consular,NEW DELHI,07 Jan 2027,1
2026-06-20 22:20:40,OFC,HYDERABAD VAC,23 Jun 2026,26
2026-06-20 22:20:40,Consular,NEW DELHI,07 Jan 2027,1
2026-06-20 22:21:01,OFC,HYDERABAD VAC,23 Jun 2026,26
2026-06-20 22:21:01,Consular,NEW DELHI,07 Jan 2027,1
2026-06-20 22:21:20,OFC,HYDERABAD VAC,23 Jun 2026,26
2026-06-20 22:21:20,Consular,NEW DELHI,07 Jan 2027,1
2026-06-20 22:21:39,Consular,NEW DELHI,07 Jan 2027,1
2026-06-20 22:21:59,Consular,NEW DELHI,07 Jan 2027,1
2026-06-20 22:22:16,Consular,NEW DELHI,07 Jan 2027,1
2026-06-20 22:22:32,Consular,NEW DELHI,07 Jan 2027,1
2026-06-20 22:22:49,Consular,NEW DELHI,07 Jan 2027,1
2026-06-20 22:23:06,OFC,HYDERABAD VAC,23 Jun 2026,26
2026-06-20 22:23:06,Consular,NEW DELHI,07 Jan 2027,1
2026-06-20 22:23:26,Consular,NEW DELHI,07 Jan 2027,1
2026-06-20 22:23:47,Consular,NEW DELHI,07 Jan 2027,1
2026-06-20 22:24:06,Consular,NEW DELHI,07 Jan 2027,1
2026-06-20 22:24:22,Consular,NEW DELHI,07 Jan 2027,1
2026-06-20 22:24:41,Consular,NEW DELHI,07 Jan 2027,1
2026-06-20 22:25:00,Consular,NEW DELHI,07 Jan 2027,1
2026-06-20 22:25:17,Consular,NEW DELHI,07 Jan 2027,1
2026-06-20 22:25:37,Consular,NEW DELHI,07 Jan 2027,1
2026-06-20 22:25:55,Consular,NEW DELHI,07 Jan 2027,1
2026-06-20 22:26:13,Consular,NEW DELHI,07 Jan 2027,1
2026-06-20 22:26:31,Consular,NEW DELHI,07 Jan 2027,1
2026-06-20 22:26:50,Consular,NEW DELHI,07 Jan 2027,1
2026-06-20 22:27:09,Consular,NEW DELHI,07 Jan 2027,1
2026-06-20 22:27:28,Consular,NEW DELHI,07 Jan 2027,1
2026-06-20 22:27:43,Consular,NEW DELHI,07 Jan 2027,1
2026-06-20 22:28:03,Consular,NEW DELHI,07 Jan 2027,1
2026-06-20 22:28:20,Consular,NEW DELHI,07 Jan 2027,1
2026-06-20 22:28:37,Consular,NEW DELHI,07 Jan 2027,1
2026-06-20 22:28:53,Consular,NEW DELHI,07 Jan 2027,1
2026-06-20 22:29:13,Consular,NEW DELHI,07 Jan 2027,1
2026-06-20 22:29:32,Consular,NEW DELHI,07 Jan 2027,1
2026-06-20 22:29:49,Consular,NEW DELHI,07 Jan 2027,1
2026-06-20 22:30:05,Consular,NEW DELHI,07 Jan 2027,1
2026-06-20 22:30:24,Consular,NEW DELHI,07 Jan 2027,1
2026-06-20 22:30:41,Consular,NEW DELHI,07 Jan 2027,1
2026-06-20 22:30:58,Consular,NEW DELHI,07 Jan 2027,1
2026-06-20 22:31:14,Consular,NEW DELHI,07 Jan 2027,1
2026-06-20 22:31:33,Consular,NEW DELHI,07 Jan 2027,1
2026-06-20 22:31:50,Consular,NEW DELHI,07 Jan 2027,1
2026-06-20 22:32:07,Consular,NEW DELHI,07 Jan 2027,1
2026-06-20 22:32:28,Consular,NEW DELHI,07 Jan 2027,1
2026-06-20 22:32:47,Consular,NEW DELHI,07 Jan 2027,1
2026-06-20 22:33:07,Consular,NEW DELHI,07 Jan 2027,1
2026-06-20 22:33:26,Consular,NEW DELHI,07 Jan 2027,1
2026-06-20 22:33:46,Consular,NEW DELHI,07 Jan 2027,1
2026-06-20 22:34:05,Consular,NEW DELHI,07 Jan 2027,1
2026-06-20 22:34:21,Consular,NEW DELHI,07 Jan 2027,1
2026-06-20 22:34:38,Consular,NEW DELHI,07 Jan 2027,1
2026-06-20 22:34:58,Consular,NEW DELHI,07 Jan 2027,1
2026-06-20 22:35:16,Consular,NEW DELHI,07 Jan 2027,1
2026-06-20 22:35:34,Consular,NEW DELHI,07 Jan 2027,1
2026-06-20 22:35:53,Consular,NEW DELHI,07 Jan 2027,1
2026-06-20 22:36:10,Consular,NEW DELHI,07 Jan 2027,1
2026-06-20 22:36:29,Consular,NEW DELHI,07 Jan 2027,1
2026-06-20 22:36:49,Consular,NEW DELHI,07 Jan 2027,1
2026-06-20 22:37:07,Consular,NEW DELHI,07 Jan 2027,1
2026-06-20 22:37:27,Consular,NEW DELHI,07 Jan 2027,1
2026-06-20 22:37:44,Consular,NEW DELHI,07 Jan 2027,1
2026-06-20 22:38:02,Consular,NEW DELHI,07 Jan 2027,1
2026-06-20 22:38:20,Consular,NEW DELHI,07 Jan 2027,1
2026-06-20 22:38:39,Consular,NEW DELHI,07 Jan 2027,1
2026-06-20 22:38:55,Consular,NEW DELHI,07 Jan 2027,1
2026-06-20 22:39:13,Consular,NEW DELHI,07 Jan 2027,1
2026-06-20 22:39:31,Consular,NEW DELHI,07 Jan 2027,1
2026-06-20 22:39:46,Consular,NEW DELHI,07 Jan 2027,1
2026-06-20 22:40:03,Consular,NEW DELHI,07 Jan 2027,1
2026-06-20 22:40:19,Consular,NEW DELHI,07 Jan 2027,1
2026-06-20 22:40:34,Consular,NEW DELHI,07 Jan 2027,1
2026-06-20 22:40:54,Consular,NEW DELHI,07 Jan 2027,1
2026-06-20 22:41:12,Consular,NEW DELHI,07 Jan 2027,1
2026-06-20 22:41:31,Consular,NEW DELHI,07 Jan 2027,1
2026-06-20 22:41:51,Consular,NEW DELHI,07 Jan 2027,1
2026-06-20 22:42:11,Consular,NEW DELHI,07 Jan 2027,1
2026-06-20 22:42:29,Consular,NEW DELHI,07 Jan 2027,1
2026-06-20 22:42:46,Consular,NEW DELHI,07 Jan 2027,1
2026-06-20 22:43:02,Consular,NEW DELHI,07 Jan 2027,1
2026-06-20 22:43:18,Consular,NEW DELHI,07 Jan 2027,1
2026-06-20 22:43:35,Consular,NEW DELHI,07 Jan 2027,1
2026-06-20 22:43:53,Consular,NEW DELHI,07 Jan 2027,1
2026-06-20 22:44:11,Consular,NEW DELHI,07 Jan 2027,1
2026-06-20 22:44:31,Consular,NEW DELHI,07 Jan 2027,1
2026-06-20 22:44:48,Consular,NEW DELHI,07 Jan 2027,1
2026-06-20 22:45:04,Consular,NEW DELHI,07 Jan 2027,1
2026-06-20 22:45:24,Consular,NEW DELHI,07 Jan 2027,1
2026-06-20 22:45:44,Consular,NEW DELHI,07 Jan 2027,1
2026-06-20 22:46:02,Consular,NEW DELHI,07 Jan 2027,1
2026-06-20 22:46:21,Consular,NEW DELHI,07 Jan 2027,1
2026-06-20 22:46:38,Consular,NEW DELHI,07 Jan 2027,1
2026-06-20 22:46:54,Consular,NEW DELHI,07 Jan 2027,1
2026-06-20 22:55:56,OFC,CHENNAI VAC,06 Jan 2027,3
2026-06-20 22:56:12,OFC,CHENNAI VAC,08 Dec 2026,6
2026-06-20 22:56:12,OFC,NEW DELHI VAC,04 Jan 2027,2
2026-06-20 22:56:27,OFC,CHENNAI VAC,04 Jan 2027,5
2026-06-20 22:56:27,OFC,NEW DELHI VAC,04 Jan 2027,1
2026-06-20 22:57:41,OFC,CHENNAI VAC,04 Jan 2027,5
2026-06-20 22:58:17,OFC,CHENNAI VAC,04 Jan 2027,5
2026-06-20 22:58:17,Consular,NEW DELHI,12 Jan 2027,1
2026-06-20 22:58:36,OFC,CHENNAI VAC,04 Jan 2027,5
2026-06-20 22:58:36,Consular,NEW DELHI,12 Jan 2027,1
2026-06-20 22:58:54,OFC,CHENNAI VAC,04 Jan 2027,5
2026-06-20 22:58:54,Consular,NEW DELHI,12 Jan 2027,1
2026-06-20 22:59:10,OFC,CHENNAI VAC,04 Jan 2027,5
2026-06-20 22:59:10,Consular,NEW DELHI,12 Jan 2027,1
2026-06-20 22:59:28,Consular,NEW DELHI,12 Jan 2027,1
2026-06-20 22:59:45,OFC,CHENNAI VAC,05 Jan 2027,1
2026-06-20 22:59:45,Consular,NEW DELHI,12 Jan 2027,1
2026-06-20 23:00:04,OFC,CHENNAI VAC,05 Jan 2027,1
2026-06-20 23:00:04,Consular,NEW DELHI,12 Jan 2027,1
2026-06-20 23:00:20,Consular,NEW DELHI,12 Jan 2027,1
2026-06-20 23:00:35,Consular,NEW DELHI,12 Jan 2027,1
2026-06-20 23:00:53,Consular,NEW DELHI,12 Jan 2027,1
2026-06-20 23:01:11,Consular,NEW DELHI,12 Jan 2027,1
2026-06-20 23:01:29,Consular,NEW DELHI,12 Jan 2027,1
2026-06-20 23:01:48,Consular,NEW DELHI,12 Jan 2027,1
2026-06-20 23:02:07,Consular,NEW DELHI,12 Jan 2027,1
2026-06-20 23:02:24,Consular,NEW DELHI,12 Jan 2027,1
2026-06-20 23:02:45,Consular,NEW DELHI,12 Jan 2027,1
2026-06-20 23:03:03,Consular,NEW DELHI,12 Jan 2027,1
2026-06-20 23:03:19,Consular,NEW DELHI,12 Jan 2027,1
2026-06-20 23:03:34,Consular,NEW DELHI,12 Jan 2027,1
2026-06-20 23:03:50,Consular,NEW DELHI,12 Jan 2027,1
2026-06-20 23:04:07,Consular,NEW DELHI,12 Jan 2027,1
2026-06-20 23:04:24,Consular,NEW DELHI,12 Jan 2027,1
2026-06-20 23:04:43,Consular,NEW DELHI,12 Jan 2027,1
2026-06-20 23:04:59,Consular,NEW DELHI,12 Jan 2027,1
2026-06-20 23:05:16,Consular,NEW DELHI,12 Jan 2027,1
2026-06-20 23:05:33,Consular,NEW DELHI,12 Jan 2027,1
2026-06-20 23:05:52,Consular,NEW DELHI,12 Jan 2027,1
2026-06-20 23:06:11,Consular,NEW DELHI,12 Jan 2027,1
2026-06-20 23:06:31,Consular,NEW DELHI,12 Jan 2027,1
2026-06-20 23:06:52,Consular,NEW DELHI,12 Jan 2027,1
2026-06-20 23:07:10,Consular,NEW DELHI,12 Jan 2027,1
2026-06-20 23:07:29,Consular,NEW DELHI,12 Jan 2027,1
2026-06-20 23:07:45,Consular,NEW DELHI,12 Jan 2027,1
2026-06-20 23:08:03,Consular,NEW DELHI,12 Jan 2027,1
2026-06-20 23:08:21,Consular,NEW DELHI,12 Jan 2027,1
2026-06-20 23:08:42,Consular,NEW DELHI,12 Jan 2027,1
2026-06-20 23:09:00,Consular,NEW DELHI,12 Jan 2027,1
2026-06-20 23:09:21,Consular,NEW DELHI,12 Jan 2027,1
2026-06-20 23:09:40,Consular,NEW DELHI,12 Jan 2027,1
2026-06-20 23:10:00,Consular,NEW DELHI,12 Jan 2027,1
2026-06-20 23:10:19,Consular,NEW DELHI,12 Jan 2027,1
2026-06-20 23:10:35,Consular,NEW DELHI,12 Jan 2027,1
2026-06-20 23:10:51,Consular,NEW DELHI,12 Jan 2027,1
2026-06-20 23:11:07,Consular,NEW DELHI,12 Jan 2027,1
2026-06-20 23:11:26,Consular,NEW DELHI,12 Jan 2027,1
2026-06-20 23:11:43,Consular,NEW DELHI,12 Jan 2027,1
2026-06-20 23:11:59,Consular,NEW DELHI,12 Jan 2027,1
2026-06-20 23:12:16,Consular,NEW DELHI,12 Jan 2027,1
2026-06-20 23:12:33,Consular,NEW DELHI,12 Jan 2027,1
2026-06-20 23:12:50,Consular,NEW DELHI,12 Jan 2027,1
2026-06-20 23:13:09,Consular,NEW DELHI,12 Jan 2027,1
2026-06-20 23:13:27,Consular,NEW DELHI,12 Jan 2027,1
2026-06-20 23:13:45,Consular,NEW DELHI,12 Jan 2027,1
2026-06-20 23:14:02,Consular,NEW DELHI,12 Jan 2027,1
2026-06-20 23:14:19,Consular,NEW DELHI,12 Jan 2027,1
2026-06-20 23:14:37,Consular,NEW DELHI,12 Jan 2027,1
2026-06-20 23:14:53,Consular,NEW DELHI,12 Jan 2027,1
2026-06-20 23:15:10,Consular,NEW DELHI,12 Jan 2027,1
2026-06-20 23:15:30,Consular,NEW DELHI,12 Jan 2027,1
2026-06-20 23:15:48,Consular,NEW DELHI,12 Jan 2027,1
2026-06-20 23:16:06,Consular,NEW DELHI,12 Jan 2027,1
2026-06-20 23:16:24,Consular,NEW DELHI,12 Jan 2027,1
2026-06-20 23:16:41,Consular,NEW DELHI,12 Jan 2027,1
2026-06-20 23:16:57,Consular,NEW DELHI,12 Jan 2027,1
2026-06-20 23:17:13,Consular,NEW DELHI,12 Jan 2027,1
2026-06-20 23:17:32,Consular,NEW DELHI,12 Jan 2027,1
2026-06-20 23:17:50,Consular,NEW DELHI,12 Jan 2027,1
2026-06-20 23:18:09,Consular,NEW DELHI,12 Jan 2027,1
2026-06-20 23:18:29,Consular,NEW DELHI,12 Jan 2027,1
2026-06-20 23:18:49,Consular,NEW DELHI,12 Jan 2027,1
2026-06-20 23:19:08,Consular,NEW DELHI,12 Jan 2027,1
2026-06-20 23:19:26,Consular,NEW DELHI,12 Jan 2027,1
2026-06-20 23:19:42,Consular,NEW DELHI,12 Jan 2027,1
2026-06-20 23:20:00,Consular,NEW DELHI,12 Jan 2027,1
2026-06-20 23:20:17,Consular,NEW DELHI,12 Jan 2027,1
2026-06-20 23:20:35,Consular,NEW DELHI,12 Jan 2027,1
2026-06-20 23:20:54,Consular,NEW DELHI,12 Jan 2027,1
2026-06-20 23:21:11,Consular,NEW DELHI,12 Jan 2027,1
2026-06-20 23:21:30,Consular,NEW DELHI,12 Jan 2027,1
2026-06-20 23:21:47,Consular,NEW DELHI,12 Jan 2027,1
2026-06-20 23:22:07,Consular,NEW DELHI,12 Jan 2027,1
2026-06-20 23:22:26,Consular,NEW DELHI,12 Jan 2027,1
2026-06-20 23:22:45,Consular,NEW DELHI,12 Jan 2027,1
2026-06-20 23:23:06,Consular,NEW DELHI,12 Jan 2027,1
2026-06-20 23:23:26,Consular,NEW DELHI,12 Jan 2027,1
2026-06-20 23:23:42,Consular,NEW DELHI,12 Jan 2027,1
2026-06-20 23:24:00,Consular,NEW DELHI,12 Jan 2027,1
2026-06-20 23:24:17,Consular,NEW DELHI,12 Jan 2027,1
2026-06-20 23:24:35,Consular,NEW DELHI,12 Jan 2027,1
2026-06-20 23:24:52,Consular,NEW DELHI,12 Jan 2027,1
2026-06-20 23:25:09,Consular,NEW DELHI,12 Jan 2027,1
2026-06-20 23:25:30,Consular,NEW DELHI,12 Jan 2027,1
2026-06-20 23:25:48,Consular,NEW DELHI,12 Jan 2027,1
2026-06-20 23:26:04,Consular,NEW DELHI,12 Jan 2027,1
2026-06-20 23:26:24,Consular,NEW DELHI,12 Jan 2027,1
2026-06-20 23:26:41,Consular,NEW DELHI,12 Jan 2027,1
2026-06-20 23:26:58,Consular,NEW DELHI,12 Jan 2027,1
2026-06-20 23:27:14,Consular,NEW DELHI,12 Jan 2027,1
2026-06-20 23:27:34,Consular,NEW DELHI,12 Jan 2027,1
2026-06-20 23:27:53,Consular,NEW DELHI,12 Jan 2027,1
2026-06-20 23:28:12,Consular,NEW DELHI,12 Jan 2027,1
2026-06-20 23:28:29,Consular,NEW DELHI,12 Jan 2027,1
2026-06-20 23:28:47,Consular,NEW DELHI,12 Jan 2027,1
2026-06-20 23:29:08,Consular,NEW DELHI,12 Jan 2027,1
2026-06-20 23:29:28,Consular,NEW DELHI,12 Jan 2027,1
2026-06-20 23:29:47,Consular,NEW DELHI,12 Jan 2027,1
2026-06-20 23:30:06,Consular,NEW DELHI,12 Jan 2027,1
2026-06-20 23:30:25,OFC,CHENNAI VAC,23 Jun 2026,5
2026-06-20 23:30:25,Consular,NEW DELHI,12 Jan 2027,1
2026-06-20 23:30:25,OFC,NEW DELHI VAC,22 Jun 2026,5
2026-06-20 23:30:42,OFC,CHENNAI VAC,25 Jun 2026,2
2026-06-20 23:30:42,OFC,MUMBAI VAC,28 Jun 2026,1
2026-06-20 23:30:42,Consular,NEW DELHI,12 Jan 2027,1
2026-06-20 23:30:42,OFC,NEW DELHI VAC,23 Jun 2026,2
2026-06-20 23:31:02,OFC,MUMBAI VAC,28 Jun 2026,1
2026-06-20 23:31:02,OFC,NEW DELHI VAC,22 Jun 2026,5
2026-06-20 23:31:19,OFC,CHENNAI VAC,23 Jun 2026,5
2026-06-20 23:31:19,OFC,NEW DELHI VAC,23 Jun 2026,2
2026-06-20 23:32:16,OFC,CHENNAI VAC,23 Jun 2026,5
2026-06-20 23:32:52,OFC,CHENNAI VAC,23 Jun 2026,5
2026-06-21 00:00:15,OFC,CHENNAI VAC,13 Aug 2026,6
2026-06-21 00:00:15,OFC,HYDERABAD VAC,31 Jul 2026,2
2026-06-21 00:00:32,OFC,CHENNAI VAC,17 Aug 2026,5
2026-06-21 00:00:49,OFC,CHENNAI VAC,13 Aug 2026,6
2026-06-21 00:56:17,OFC,NEW DELHI VAC,16 Oct 2026,2
2026-06-21 00:56:34,OFC,KOLKATA VAC,27 Oct 2026,1
2026-06-21 00:56:34,OFC,NEW DELHI VAC,16 Oct 2026,2
2026-06-21 00:56:50,OFC,KOLKATA VAC,27 Oct 2026,1
2026-06-21 00:56:50,OFC,NEW DELHI VAC,16 Oct 2026,2
2026-06-21 00:57:09,OFC,KOLKATA VAC,27 Oct 2026,1
2026-06-21 00:57:25,OFC,KOLKATA VAC,27 Oct 2026,1
2026-06-21 00:57:44,OFC,HYDERABAD VAC,22 Oct 2026,2
2026-06-21 00:58:00,OFC,HYDERABAD VAC,22 Oct 2026,2
2026-06-21 01:00:19,OFC,CHENNAI VAC,16 Nov 2026,4
2026-06-21 01:00:19,OFC,NEW DELHI VAC,09 Nov 2026,3
2026-06-21 01:00:36,OFC,CHENNAI VAC,16 Nov 2026,3
2026-06-21 01:00:36,OFC,HYDERABAD VAC,09 Nov 2026,13
2026-06-21 01:00:36,OFC,KOLKATA VAC,09 Nov 2026,11
2026-06-21 01:00:36,OFC,MUMBAI VAC,01 Dec 2026,1
2026-06-21 01:00:36,OFC,NEW DELHI VAC,30 Nov 2026,2
2026-06-21 01:00:54,OFC,KOLKATA VAC,09 Nov 2026,11
2026-06-21 01:00:54,OFC,NEW DELHI VAC,03 Dec 2026,1
2026-06-21 01:01:10,OFC,KOLKATA VAC,09 Nov 2026,11
2026-06-21 01:01:28,Consular,MUMBAI,09 Dec 2026,1
2026-06-21 01:01:44,Consular,MUMBAI,09 Dec 2026,1
2026-06-21 01:30:27,OFC,CHENNAI VAC,28 Jun 2026,3
2026-06-21 01:30:27,OFC,HYDERABAD VAC,10 Jul 2026,1
2026-06-21 01:30:43,Consular,CHENNAI,28 Jul 2026,1
2026-06-21 01:30:43,OFC,CHENNAI VAC,28 Jun 2026,3
2026-06-21 01:30:43,OFC,MUMBAI VAC,28 Jun 2026,1
2026-06-21 01:31:00,Consular,CHENNAI,28 Jul 2026,1
2026-06-21 01:31:00,OFC,HYDERABAD VAC,10 Jul 2026,1
2026-06-21 02:00:23,OFC,CHENNAI VAC,22 Jun 2026,4
2026-06-21 02:00:23,OFC,MUMBAI VAC,22 Jun 2026,1
2026-06-21 02:00:23,OFC,NEW DELHI VAC,22 Jun 2026,4
2026-06-21 02:00:43,OFC,CHENNAI VAC,22 Jun 2026,3
2026-06-21 02:00:43,OFC,HYDERABAD VAC,22 Jun 2026,2
2026-06-21 02:01:02,OFC,CHENNAI VAC,22 Jun 2026,4
2026-06-21 03:56:25,OFC,CHENNAI VAC,04 Jan 2027,3
2026-06-21 03:56:25,OFC,NEW DELHI VAC,04 Jan 2027,1
2026-06-21 03:56:45,OFC,CHENNAI VAC,04 Jan 2027,3
2026-06-21 03:56:45,OFC,NEW DELHI VAC,04 Jan 2027,1
2026-06-21 03:57:04,OFC,CHENNAI VAC,04 Jan 2027,3
2026-06-21 03:57:04,OFC,NEW DELHI VAC,04 Jan 2027,1
2026-06-21 03:57:21,OFC,CHENNAI VAC,04 Jan 2027,3
2026-06-21 03:57:21,OFC,NEW DELHI VAC,04 Jan 2027,1
2026-06-21 03:57:40,OFC,CHENNAI VAC,04 Jan 2027,3
2026-06-21 03:57:40,OFC,NEW DELHI VAC,04 Jan 2027,1
2026-06-21 03:57:57,OFC,CHENNAI VAC,04 Jan 2027,3
2026-06-21 03:57:57,OFC,NEW DELHI VAC,04 Jan 2027,1
2026-06-21 03:58:15,OFC,CHENNAI VAC,04 Jan 2027,3
2026-06-21 03:58:34,OFC,CHENNAI VAC,04 Jan 2027,3
2026-06-21 03:58:50,OFC,CHENNAI VAC,04 Jan 2027,3
2026-06-21 03:59:06,OFC,CHENNAI VAC,04 Jan 2027,3
2026-06-21 03:59:22,OFC,CHENNAI VAC,04 Jan 2027,3
2026-06-21 03:59:40,OFC,CHENNAI VAC,04 Jan 2027,3
2026-06-21 04:00:00,OFC,CHENNAI VAC,04 Jan 2027,3
2026-06-21 04:00:18,OFC,CHENNAI VAC,04 Jan 2027,3
2026-06-21 04:00:18,OFC,KOLKATA VAC,21 Jul 2026,1
2026-06-21 04:00:36,OFC,CHENNAI VAC,28 Jun 2026,6
2026-06-21 04:00:36,OFC,KOLKATA VAC,21 Jul 2026,1
2026-06-21 04:00:56,OFC,CHENNAI VAC,28 Jun 2026,6
2026-06-21 04:00:56,OFC,KOLKATA VAC,21 Jul 2026,1
2026-06-21 04:00:56,OFC,MUMBAI VAC,28 Jun 2026,1
2026-06-21 04:01:16,OFC,CHENNAI VAC,04 Jan 2027,3
2026-06-21 04:01:16,OFC,MUMBAI VAC,28 Jun 2026,1
2026-06-21 04:01:33,OFC,CHENNAI VAC,04 Jan 2027,3
2026-06-21 04:05:43,OFC,CHENNAI VAC,04 Jan 2027,3
2026-06-21 04:06:04,OFC,CHENNAI VAC,04 Jan 2027,3
2026-06-21 04:06:24,OFC,CHENNAI VAC,04 Jan 2027,3
2026-06-21 04:06:43,OFC,CHENNAI VAC,04 Jan 2027,3
2026-06-21 04:07:01,OFC,CHENNAI VAC,04 Jan 2027,3
2026-06-21 04:07:19,OFC,CHENNAI VAC,04 Jan 2027,3
2026-06-21 04:07:36,OFC,CHENNAI VAC,04 Jan 2027,3
2026-06-21 04:07:54,OFC,CHENNAI VAC,04 Jan 2027,3
2026-06-21 04:08:12,OFC,CHENNAI VAC,04 Jan 2027,3
2026-06-21 04:08:28,OFC,CHENNAI VAC,04 Jan 2027,3
2026-06-21 04:08:47,OFC,CHENNAI VAC,04 Jan 2027,3
2026-06-21 04:09:06,OFC,CHENNAI VAC,04 Jan 2027,3
2026-06-21 04:09:25,OFC,CHENNAI VAC,04 Jan 2027,3
2026-06-21 04:09:41,OFC,CHENNAI VAC,04 Jan 2027,3
2026-06-21 04:09:59,OFC,CHENNAI VAC,04 Jan 2027,3
2026-06-21 04:10:17,OFC,CHENNAI VAC,04 Jan 2027,3
2026-06-21 04:10:33,OFC,CHENNAI VAC,04 Jan 2027,3
2026-06-21 04:10:53,OFC,CHENNAI VAC,04 Jan 2027,3
2026-06-21 04:11:10,OFC,CHENNAI VAC,04 Jan 2027,3
2026-06-21 04:11:26,OFC,CHENNAI VAC,04 Jan 2027,3
2026-06-21 04:11:46,OFC,CHENNAI VAC,04 Jan 2027,3
2026-06-21 04:12:03,OFC,CHENNAI VAC,05 Jan 2027,2
2026-06-21 04:12:22,OFC,CHENNAI VAC,05 Jan 2027,2
2026-06-21 04:12:42,OFC,CHENNAI VAC,05 Jan 2027,2
2026-06-21 04:12:57,OFC,CHENNAI VAC,05 Jan 2027,2
2026-06-21 04:13:18,OFC,CHENNAI VAC,05 Jan 2027,2
2026-06-21 04:13:37,OFC,CHENNAI VAC,05 Jan 2027,2
2026-06-21 04:13:55,OFC,CHENNAI VAC,05 Jan 2027,2
2026-06-21 04:14:11,OFC,CHENNAI VAC,05 Jan 2027,2
2026-06-21 04:14:28,OFC,CHENNAI VAC,05 Jan 2027,2
2026-06-21 04:18:07,OFC,CHENNAI VAC,05 Jan 2027,2
2026-06-21 04:18:23,OFC,CHENNAI VAC,05 Jan 2027,2
2026-06-21 04:18:39,OFC,CHENNAI VAC,05 Jan 2027,2
2026-06-21 04:18:56,OFC,CHENNAI VAC,05 Jan 2027,2
2026-06-21 04:19:14,OFC,CHENNAI VAC,05 Jan 2027,2
2026-06-21 04:19:30,OFC,CHENNAI VAC,05 Jan 2027,2
2026-06-21 04:19:49,OFC,CHENNAI VAC,05 Jan 2027,2
2026-06-21 04:20:08,OFC,CHENNAI VAC,05 Jan 2027,2
2026-06-21 04:20:28,OFC,CHENNAI VAC,05 Jan 2027,2
2026-06-21 04:20:49,OFC,CHENNAI VAC,05 Jan 2027,2
2026-06-21 04:21:09,OFC,CHENNAI VAC,05 Jan 2027,2
2026-06-21 04:21:29,OFC,CHENNAI VAC,05 Jan 2027,2
2026-06-21 04:21:47,OFC,CHENNAI VAC,05 Jan 2027,2
2026-06-21 04:22:06,OFC,CHENNAI VAC,05 Jan 2027,2
2026-06-21 04:22:22,OFC,CHENNAI VAC,05 Jan 2027,2
2026-06-21 04:57:25,OFC,CHENNAI VAC,04 Jan 2027,3
2026-06-21 04:57:42,OFC,CHENNAI VAC,04 Jan 2027,3
2026-06-21 04:57:42,OFC,NEW DELHI VAC,04 Jan 2027,1
2026-06-21 04:58:02,OFC,CHENNAI VAC,04 Jan 2027,3
2026-06-21 04:58:02,OFC,NEW DELHI VAC,04 Jan 2027,1
2026-06-21 04:58:21,OFC,CHENNAI VAC,04 Jan 2027,3
2026-06-21 04:58:21,OFC,NEW DELHI VAC,04 Jan 2027,1
2026-06-21 04:58:41,OFC,CHENNAI VAC,04 Jan 2027,3
2026-06-21 04:58:41,OFC,NEW DELHI VAC,04 Jan 2027,1
2026-06-21 04:59:01,OFC,CHENNAI VAC,04 Jan 2027,3
2026-06-21 04:59:01,OFC,NEW DELHI VAC,04 Jan 2027,1
2026-06-21 04:59:21,OFC,CHENNAI VAC,04 Jan 2027,3
2026-06-21 05:00:19,OFC,CHENNAI VAC,04 Jan 2027,3
2026-06-21 05:00:36,OFC,CHENNAI VAC,04 Jan 2027,3
2026-06-21 05:00:52,OFC,CHENNAI VAC,04 Jan 2027,3
2026-06-21 05:01:11,OFC,CHENNAI VAC,04 Jan 2027,3
2026-06-21 05:01:30,OFC,CHENNAI VAC,04 Jan 2027,3
2026-06-21 05:01:50,OFC,CHENNAI VAC,04 Jan 2027,3
2026-06-21 05:02:10,OFC,CHENNAI VAC,04 Jan 2027,3
2026-06-21 05:02:27,OFC,CHENNAI VAC,04 Jan 2027,3
2026-06-21 05:03:23,OFC,CHENNAI VAC,04 Jan 2027,3
2026-06-21 05:03:43,OFC,CHENNAI VAC,04 Jan 2027,3
2026-06-21 05:04:02,OFC,CHENNAI VAC,04 Jan 2027,3
2026-06-21 05:04:20,OFC,CHENNAI VAC,04 Jan 2027,3
2026-06-21 05:04:39,OFC,CHENNAI VAC,04 Jan 2027,3
2026-06-21 05:04:56,OFC,CHENNAI VAC,04 Jan 2027,3
2026-06-21 05:05:14,OFC,CHENNAI VAC,04 Jan 2027,3
2026-06-21 05:05:34,OFC,CHENNAI VAC,04 Jan 2027,3
2026-06-21 05:05:50,OFC,CHENNAI VAC,04 Jan 2027,3
2026-06-21 05:06:09,OFC,CHENNAI VAC,04 Jan 2027,3
2026-06-21 05:06:27,OFC,CHENNAI VAC,04 Jan 2027,3
2026-06-21 05:06:45,OFC,CHENNAI VAC,04 Jan 2027,3
2026-06-21 05:07:05,OFC,CHENNAI VAC,04 Jan 2027,3
2026-06-21 05:07:21,OFC,CHENNAI VAC,04 Jan 2027,3
2026-06-21 05:07:39,OFC,CHENNAI VAC,04 Jan 2027,3
2026-06-21 05:08:00,OFC,CHENNAI VAC,04 Jan 2027,3
2026-06-21 05:08:17,OFC,CHENNAI VAC,04 Jan 2027,3
2026-06-21 05:26:20,OFC,CHENNAI VAC,05 Jan 2027,2
2026-06-21 05:26:36,OFC,CHENNAI VAC,05 Jan 2027,2
2026-06-21 05:26:55,OFC,CHENNAI VAC,05 Jan 2027,2
2026-06-21 05:27:13,OFC,CHENNAI VAC,05 Jan 2027,2
2026-06-21 05:27:32,OFC,CHENNAI VAC,05 Jan 2027,2
2026-06-21 05:27:50,OFC,CHENNAI VAC,05 Jan 2027,2
2026-06-21 05:28:07,OFC,CHENNAI VAC,05 Jan 2027,2
2026-06-21 05:28:26,OFC,CHENNAI VAC,05 Jan 2027,2
2026-06-21 05:29:01,OFC,CHENNAI VAC,05 Jan 2027,2
2026-06-21 05:29:19,OFC,CHENNAI VAC,05 Jan 2027,2
2026-06-21 05:29:37,OFC,CHENNAI VAC,06 Jan 2027,1
2026-06-21 05:29:57,OFC,CHENNAI VAC,06 Jan 2027,1
2026-06-21 05:30:16,OFC,CHENNAI VAC,06 Jan 2027,1
2026-06-21 05:30:33,OFC,CHENNAI VAC,06 Jan 2027,1
2026-06-21 05:30:33,OFC,HYDERABAD VAC,21 Dec 2026,1
2026-06-21 05:30:52,OFC,CHENNAI VAC,06 Jan 2027,1
2026-06-21 05:30:52,OFC,HYDERABAD VAC,21 Dec 2026,1
2026-06-21 05:31:11,OFC,CHENNAI VAC,06 Jan 2027,1
2026-06-21 05:31:11,OFC,HYDERABAD VAC,21 Dec 2026,1
2026-06-21 05:31:30,OFC,CHENNAI VAC,06 Jan 2027,1
2026-06-21 05:31:30,OFC,HYDERABAD VAC,21 Dec 2026,1
2026-06-21 05:31:48,OFC,CHENNAI VAC,06 Jan 2027,1
2026-06-21 05:31:48,OFC,HYDERABAD VAC,21 Dec 2026,1
2026-06-21 05:32:09,OFC,CHENNAI VAC,06 Jan 2027,1
2026-06-21 05:32:09,OFC,HYDERABAD VAC,21 Dec 2026,1
2026-06-21 05:32:26,OFC,HYDERABAD VAC,21 Dec 2026,1
2026-06-21 05:32:42,OFC,HYDERABAD VAC,21 Dec 2026,1
2026-06-21 05:56:13,OFC,CHENNAI VAC,04 Jan 2027,3
2026-06-21 05:56:30,OFC,CHENNAI VAC,04 Jan 2027,3
2026-06-21 05:56:50,OFC,CHENNAI VAC,04 Jan 2027,3
2026-06-21 05:56:50,OFC,NEW DELHI VAC,04 Jan 2027,1
2026-06-21 05:57:11,OFC,CHENNAI VAC,04 Jan 2027,3
2026-06-21 05:57:11,OFC,NEW DELHI VAC,04 Jan 2027,1
2026-06-21 05:57:27,OFC,CHENNAI VAC,04 Jan 2027,3
2026-06-21 05:57:27,OFC,NEW DELHI VAC,04 Jan 2027,1
2026-06-21 05:57:47,OFC,CHENNAI VAC,04 Jan 2027,3
2026-06-21 05:57:47,OFC,NEW DELHI VAC,04 Jan 2027,1
2026-06-21 05:58:06,OFC,CHENNAI VAC,04 Jan 2027,3
2026-06-21 05:58:06,OFC,NEW DELHI VAC,04 Jan 2027,1
2026-06-21 05:58:26,OFC,CHENNAI VAC,04 Jan 2027,3
2026-06-21 05:58:26,OFC,NEW DELHI VAC,04 Jan 2027,1
2026-06-21 05:58:43,OFC,CHENNAI VAC,04 Jan 2027,3
2026-06-21 05:58:43,OFC,NEW DELHI VAC,04 Jan 2027,1
2026-06-21 05:59:03,OFC,CHENNAI VAC,04 Jan 2027,3
2026-06-21 05:59:03,OFC,NEW DELHI VAC,04 Jan 2027,1
2026-06-21 05:59:23,OFC,CHENNAI VAC,04 Jan 2027,3
2026-06-21 05:59:41,OFC,CHENNAI VAC,04 Jan 2027,3
2026-06-21 05:59:57,OFC,CHENNAI VAC,04 Jan 2027,3
2026-06-21 06:00:15,OFC,CHENNAI VAC,04 Jan 2027,3
2026-06-21 06:00:34,OFC,CHENNAI VAC,04 Jan 2027,3
2026-06-21 06:00:52,OFC,CHENNAI VAC,04 Jan 2027,3
2026-06-21 06:01:09,OFC,CHENNAI VAC,04 Jan 2027,3
2026-06-21 06:01:30,OFC,CHENNAI VAC,04 Jan 2027,3
2026-06-21 06:01:49,OFC,CHENNAI VAC,04 Jan 2027,3
2026-06-21 06:02:05,OFC,CHENNAI VAC,04 Jan 2027,3
2026-06-21 06:02:24,OFC,CHENNAI VAC,04 Jan 2027,3
2026-06-21 06:02:43,OFC,CHENNAI VAC,04 Jan 2027,3
2026-06-21 06:03:00,OFC,CHENNAI VAC,04 Jan 2027,3
2026-06-21 06:03:20,OFC,CHENNAI VAC,04 Jan 2027,3
2026-06-21 06:03:53,OFC,CHENNAI VAC,04 Jan 2027,3
2026-06-21 06:09:03,OFC,HYDERABAD VAC,22 Jun 2026,27
2026-06-21 06:09:24,OFC,HYDERABAD VAC,22 Jun 2026,27
2026-06-21 06:09:44,OFC,HYDERABAD VAC,22 Jun 2026,27
2026-06-21 06:10:05,OFC,HYDERABAD VAC,22 Jun 2026,27
2026-06-21 06:10:25,OFC,HYDERABAD VAC,22 Jun 2026,27
2026-06-21 06:10:43,OFC,HYDERABAD VAC,22 Jun 2026,27
2026-06-21 06:11:03,OFC,HYDERABAD VAC,22 Jun 2026,27
2026-06-21 06:11:20,OFC,HYDERABAD VAC,22 Jun 2026,27
2026-06-21 06:11:38,OFC,HYDERABAD VAC,22 Jun 2026,27
2026-06-21 06:11:58,OFC,HYDERABAD VAC,22 Jun 2026,27
2026-06-21 06:19:44,OFC,HYDERABAD VAC,22 Jun 2026,27
2026-06-21 06:26:02,OFC,HYDERABAD VAC,21 Dec 2026,1
2026-06-21 06:26:20,OFC,CHENNAI VAC,05 Jan 2027,2
2026-06-21 06:26:39,OFC,CHENNAI VAC,05 Jan 2027,2
2026-06-21 06:26:39,OFC,HYDERABAD VAC,21 Dec 2026,1
2026-06-21 06:26:56,OFC,HYDERABAD VAC,21 Dec 2026,1
2026-06-21 06:27:14,OFC,CHENNAI VAC,05 Jan 2027,2
2026-06-21 06:27:14,OFC,HYDERABAD VAC,21 Dec 2026,1
2026-06-21 06:27:29,OFC,CHENNAI VAC,05 Jan 2027,2
2026-06-21 06:27:29,OFC,HYDERABAD VAC,21 Dec 2026,1
2026-06-21 06:27:48,OFC,CHENNAI VAC,05 Jan 2027,2
2026-06-21 06:27:48,OFC,HYDERABAD VAC,21 Dec 2026,1
2026-06-21 06:28:05,OFC,CHENNAI VAC,05 Jan 2027,2
2026-06-21 06:28:05,OFC,HYDERABAD VAC,21 Dec 2026,1
2026-06-21 06:28:22,OFC,CHENNAI VAC,05 Jan 2027,2
2026-06-21 06:28:22,OFC,HYDERABAD VAC,22 Jun 2026,27
2026-06-21 06:28:41,OFC,CHENNAI VAC,05 Jan 2027,2
2026-06-21 06:28:57,OFC,CHENNAI VAC,05 Jan 2027,2
2026-06-21 06:29:16,OFC,CHENNAI VAC,05 Jan 2027,2
2026-06-21 06:29:36,OFC,CHENNAI VAC,05 Jan 2027,2
2026-06-21 06:29:56,OFC,CHENNAI VAC,05 Jan 2027,2
2026-06-21 06:30:16,OFC,CHENNAI VAC,05 Jan 2027,2
2026-06-21 06:30:35,OFC,CHENNAI VAC,05 Jan 2027,2
2026-06-21 06:30:55,OFC,CHENNAI VAC,05 Jan 2027,2
2026-06-21 06:31:16,OFC,CHENNAI VAC,05 Jan 2027,2
2026-06-21 06:31:33,OFC,CHENNAI VAC,05 Jan 2027,2
2026-06-21 06:31:50,OFC,CHENNAI VAC,05 Jan 2027,2
2026-06-21 06:32:07,OFC,CHENNAI VAC,05 Jan 2027,2
2026-06-21 06:32:27,OFC,CHENNAI VAC,05 Jan 2027,2
2026-06-21 06:32:47,OFC,CHENNAI VAC,05 Jan 2027,2
2026-06-21 06:33:04,OFC,CHENNAI VAC,05 Jan 2027,2
2026-06-21 06:33:22,OFC,CHENNAI VAC,05 Jan 2027,2
2026-06-21 06:33:42,OFC,CHENNAI VAC,05 Jan 2027,2
2026-06-21 06:34:00,OFC,CHENNAI VAC,05 Jan 2027,2
2026-06-21 06:34:20,OFC,CHENNAI VAC,05 Jan 2027,2
2026-06-21 06:34:40,OFC,CHENNAI VAC,05 Jan 2027,2
2026-06-21 06:34:59,OFC,CHENNAI VAC,05 Jan 2027,2
2026-06-21 06:35:16,OFC,CHENNAI VAC,05 Jan 2027,2
2026-06-21 06:35:34,OFC,CHENNAI VAC,05 Jan 2027,2
2026-06-21 06:38:33,OFC,CHENNAI VAC,06 Jan 2027,1
2026-06-21 06:38:53,OFC,CHENNAI VAC,06 Jan 2027,1
2026-06-21 06:39:13,OFC,CHENNAI VAC,06 Jan 2027,1
2026-06-21 06:39:31,OFC,CHENNAI VAC,06 Jan 2027,1
2026-06-21 06:39:47,OFC,CHENNAI VAC,06 Jan 2027,1
2026-06-21 06:40:06,OFC,CHENNAI VAC,06 Jan 2027,1
2026-06-21 06:40:25,OFC,CHENNAI VAC,06 Jan 2027,1
2026-06-21 06:40:42,OFC,CHENNAI VAC,06 Jan 2027,1
2026-06-21 06:44:45,OFC,HYDERABAD VAC,22 Jun 2026,27
2026-06-21 06:45:02,OFC,HYDERABAD VAC,22 Jun 2026,27
2026-06-21 06:45:21,OFC,HYDERABAD VAC,22 Jun 2026,27
2026-06-21 06:45:38,OFC,HYDERABAD VAC,22 Jun 2026,27
2026-06-21 06:45:58,OFC,HYDERABAD VAC,22 Jun 2026,27
2026-06-21 06:46:55,OFC,HYDERABAD VAC,22 Jun 2026,27
2026-06-21 06:47:29,OFC,HYDERABAD VAC,22 Jun 2026,27
2026-06-21 06:47:45,OFC,HYDERABAD VAC,22 Jun 2026,27
2026-06-21 06:49:57,OFC,HYDERABAD VAC,22 Jun 2026,27
2026-06-21 06:50:17,OFC,HYDERABAD VAC,22 Jun 2026,27
2026-06-21 06:50:34,OFC,HYDERABAD VAC,22 Jun 2026,27
2026-06-21 06:56:20,OFC,CHENNAI VAC,04 Jan 2027,3
2026-06-21 06:56:20,OFC,NEW DELHI VAC,04 Jan 2027,1
2026-06-21 06:56:37,OFC,CHENNAI VAC,04 Jan 2027,3
2026-06-21 06:56:37,OFC,NEW DELHI VAC,04 Jan 2027,1
2026-06-21 06:56:54,OFC,CHENNAI VAC,04 Jan 2027,3
2026-06-21 06:57:14,OFC,CHENNAI VAC,04 Jan 2027,3
2026-06-21 06:57:32,OFC,CHENNAI VAC,04 Jan 2027,3
2026-06-21 06:57:51,OFC,CHENNAI VAC,04 Jan 2027,3
2026-06-21 06:58:45,OFC,CHENNAI VAC,04 Jan 2027,3
2026-06-21 06:58:45,OFC,HYDERABAD VAC,22 Jun 2026,27
2026-06-21 06:59:05,OFC,CHENNAI VAC,04 Jan 2027,3
2026-06-21 06:59:05,OFC,HYDERABAD VAC,22 Jun 2026,27
2026-06-21 06:59:23,OFC,CHENNAI VAC,04 Jan 2027,3
2026-06-21 06:59:23,OFC,HYDERABAD VAC,22 Jun 2026,27
2026-06-21 06:59:41,OFC,CHENNAI VAC,04 Jan 2027,3
2026-06-21 06:59:58,OFC,CHENNAI VAC,04 Jan 2027,3
2026-06-21 07:00:17,OFC,CHENNAI VAC,04 Jan 2027,3
2026-06-21 07:00:35,OFC,CHENNAI VAC,04 Jan 2027,3
2026-06-21 07:00:54,OFC,CHENNAI VAC,04 Jan 2027,3
2026-06-21 07:01:12,OFC,CHENNAI VAC,04 Jan 2027,3
2026-06-21 07:01:12,OFC,KOLKATA VAC,04 Jan 2027,3
2026-06-21 07:01:30,OFC,KOLKATA VAC,04 Jan 2027,3
2026-06-21 07:01:49,OFC,CHENNAI VAC,05 Jan 2027,2
2026-06-21 07:01:49,OFC,KOLKATA VAC,04 Jan 2027,3
2026-06-21 07:02:46,OFC,CHENNAI VAC,06 Jan 2027,1
2026-06-21 07:03:04,OFC,CHENNAI VAC,06 Jan 2027,1
2026-06-21 07:03:22,OFC,CHENNAI VAC,06 Jan 2027,1
2026-06-21 07:03:41,OFC,CHENNAI VAC,06 Jan 2027,1
2026-06-21 07:04:02,OFC,CHENNAI VAC,06 Jan 2027,1
2026-06-21 07:26:00,OFC,HYDERABAD VAC,21 Dec 2026,1
2026-06-21 07:26:17,OFC,CHENNAI VAC,05 Jan 2027,2
2026-06-21 07:26:17,OFC,HYDERABAD VAC,21 Dec 2026,1
2026-06-21 07:26:34,OFC,CHENNAI VAC,05 Jan 2027,2
2026-06-21 07:26:34,OFC,HYDERABAD VAC,21 Dec 2026,1
2026-06-21 07:26:54,OFC,CHENNAI VAC,05 Jan 2027,2
2026-06-21 07:26:54,OFC,HYDERABAD VAC,21 Dec 2026,1
2026-06-21 07:27:12,OFC,CHENNAI VAC,05 Jan 2027,2
2026-06-21 07:27:12,OFC,HYDERABAD VAC,21 Dec 2026,1
2026-06-21 07:27:29,OFC,CHENNAI VAC,05 Jan 2027,2
2026-06-21 07:27:29,OFC,HYDERABAD VAC,21 Dec 2026,1
2026-06-21 07:27:47,OFC,CHENNAI VAC,05 Jan 2027,2
2026-06-21 07:28:04,OFC,CHENNAI VAC,05 Jan 2027,2
2026-06-21 07:28:22,OFC,CHENNAI VAC,05 Jan 2027,2
2026-06-21 07:28:38,OFC,CHENNAI VAC,05 Jan 2027,2
2026-06-21 07:28:56,OFC,CHENNAI VAC,05 Jan 2027,2
2026-06-21 07:29:12,OFC,CHENNAI VAC,05 Jan 2027,2
2026-06-21 07:29:31,OFC,CHENNAI VAC,05 Jan 2027,2
2026-06-21 07:29:48,OFC,CHENNAI VAC,05 Jan 2027,2
2026-06-21 07:30:04,OFC,CHENNAI VAC,05 Jan 2027,2
2026-06-21 07:30:22,OFC,CHENNAI VAC,05 Jan 2027,2
2026-06-21 07:30:41,OFC,CHENNAI VAC,05 Jan 2027,2
2026-06-21 07:30:59,OFC,CHENNAI VAC,05 Jan 2027,2
2026-06-21 07:31:15,OFC,CHENNAI VAC,06 Jan 2027,1
2026-06-21 07:31:33,OFC,CHENNAI VAC,06 Jan 2027,1
2026-06-21 07:31:52,OFC,CHENNAI VAC,06 Jan 2027,1
2026-06-21 07:32:11,OFC,CHENNAI VAC,06 Jan 2027,1
2026-06-21 07:32:29,OFC,CHENNAI VAC,06 Jan 2027,1
2026-06-21 07:32:45,OFC,CHENNAI VAC,06 Jan 2027,1
2026-06-21 07:33:06,OFC,CHENNAI VAC,06 Jan 2027,1
2026-06-21 07:33:23,OFC,CHENNAI VAC,06 Jan 2027,1
2026-06-21 07:56:05,OFC,CHENNAI VAC,04 Nov 2026,13
2026-06-21 07:56:21,OFC,CHENNAI VAC,04 Nov 2026,13
2026-06-21 07:56:21,OFC,HYDERABAD VAC,30 Oct 2026,13
2026-06-21 07:56:21,OFC,KOLKATA VAC,30 Oct 2026,13
2026-06-21 07:56:21,OFC,NEW DELHI VAC,09 Nov 2026,12
2026-06-21 07:56:40,OFC,CHENNAI VAC,16 Nov 2026,12
2026-06-21 07:56:40,OFC,HYDERABAD VAC,30 Oct 2026,13
2026-06-21 07:56:40,OFC,KOLKATA VAC,30 Oct 2026,13
2026-06-21 07:56:40,OFC,NEW DELHI VAC,09 Nov 2026,12
2026-06-21 07:56:58,OFC,CHENNAI VAC,16 Nov 2026,12
2026-06-21 07:56:58,OFC,HYDERABAD VAC,30 Oct 2026,13
2026-06-21 07:56:58,OFC,KOLKATA VAC,30 Oct 2026,13
2026-06-21 07:56:58,OFC,NEW DELHI VAC,16 Nov 2026,11
2026-06-21 07:57:17,OFC,CHENNAI VAC,16 Nov 2026,12
2026-06-21 07:57:17,OFC,KOLKATA VAC,27 Oct 2026,9
2026-06-21 07:57:17,OFC,NEW DELHI VAC,16 Nov 2026,11
2026-06-21 07:57:34,OFC,KOLKATA VAC,27 Oct 2026,9
2026-06-21 07:57:34,OFC,NEW DELHI VAC,16 Nov 2026,11
2026-06-21 07:57:53,OFC,CHENNAI VAC,04 Jan 2027,11
2026-06-21 07:57:53,OFC,NEW DELHI VAC,16 Nov 2026,11
2026-06-21 07:58:11,OFC,CHENNAI VAC,04 Jan 2027,11
2026-06-21 07:58:11,OFC,NEW DELHI VAC,12 Jan 2027,9
2026-06-21 07:58:29,OFC,CHENNAI VAC,04 Jan 2027,11
2026-06-21 07:58:29,OFC,NEW DELHI VAC,12 Jan 2027,9
2026-06-21 07:58:47,OFC,CHENNAI VAC,04 Jan 2027,11
2026-06-21 07:58:47,OFC,NEW DELHI VAC,12 Jan 2027,9
2026-06-21 07:59:04,OFC,CHENNAI VAC,04 Jan 2027,11
2026-06-21 07:59:04,OFC,NEW DELHI VAC,12 Jan 2027,9
2026-06-21 07:59:25,OFC,CHENNAI VAC,04 Jan 2027,11
2026-06-21 07:59:25,OFC,NEW DELHI VAC,12 Jan 2027,9
2026-06-21 07:59:44,OFC,CHENNAI VAC,04 Jan 2027,11
2026-06-21 07:59:44,OFC,NEW DELHI VAC,12 Jan 2027,9
2026-06-21 08:00:03,OFC,CHENNAI VAC,04 Jan 2027,11
2026-06-21 08:00:03,OFC,NEW DELHI VAC,12 Jan 2027,9
2026-06-21 08:00:19,OFC,NEW DELHI VAC,12 Jan 2027,9
2026-06-21 08:00:35,OFC,CHENNAI VAC,28 Jun 2026,12
2026-06-21 08:00:35,OFC,MUMBAI VAC,28 Jun 2026,1
2026-06-21 08:00:35,OFC,NEW DELHI VAC,12 Jan 2027,9
2026-06-21 08:00:56,OFC,CHENNAI VAC,28 Jun 2026,12
2026-06-21 08:00:56,OFC,MUMBAI VAC,28 Jun 2026,1
2026-06-21 08:00:56,OFC,NEW DELHI VAC,12 Jan 2027,9
2026-06-21 08:01:14,OFC,CHENNAI VAC,28 Jun 2026,12
2026-06-21 08:01:14,OFC,MUMBAI VAC,28 Jun 2026,1
2026-06-21 08:01:14,OFC,NEW DELHI VAC,12 Jan 2027,9
2026-06-21 08:01:34,OFC,CHENNAI VAC,28 Jun 2026,12
2026-06-21 08:01:34,OFC,MUMBAI VAC,28 Jun 2026,1
2026-06-21 08:01:34,OFC,NEW DELHI VAC,12 Jan 2027,9
2026-06-21 08:01:50,OFC,CHENNAI VAC,28 Jun 2026,12
2026-06-21 08:01:50,OFC,MUMBAI VAC,28 Jun 2026,1
2026-06-21 08:02:06,OFC,CHENNAI VAC,04 Jan 2027,3
2026-06-21 08:02:06,OFC,MUMBAI VAC,28 Jun 2026,1
2026-06-21 08:02:26,OFC,CHENNAI VAC,04 Jan 2027,3
2026-06-21 08:02:44,OFC,CHENNAI VAC,04 Jan 2027,3
2026-06-21 08:02:44,OFC,MUMBAI VAC,28 Jun 2026,1
2026-06-21 08:03:37,OFC,CHENNAI VAC,04 Jan 2027,3
2026-06-21 08:05:28,OFC,CHENNAI VAC,05 Jan 2027,2
2026-06-21 08:05:45,OFC,CHENNAI VAC,05 Jan 2027,2
2026-06-21 08:06:03,OFC,CHENNAI VAC,06 Jan 2027,1
2026-06-21 08:06:22,OFC,CHENNAI VAC,06 Jan 2027,1
2026-06-21 08:07:34,OFC,CHENNAI VAC,06 Jan 2027,1
2026-06-21 08:08:12,OFC,CHENNAI VAC,06 Jan 2027,1
2026-06-21 08:08:29,OFC,CHENNAI VAC,06 Jan 2027,1
2026-06-21 08:26:05,OFC,CHENNAI VAC,24 Nov 2026,2
2026-06-21 08:26:05,OFC,NEW DELHI VAC,16 Nov 2026,2
2026-06-21 08:26:21,OFC,CHENNAI VAC,24 Nov 2026,4
2026-06-21 08:26:21,OFC,HYDERABAD VAC,03 Nov 2026,17
2026-06-21 08:26:21,OFC,NEW DELHI VAC,30 Nov 2026,1
2026-06-21 08:26:39,OFC,CHENNAI VAC,05 Jan 2027,2
2026-06-21 08:26:39,OFC,KOLKATA VAC,09 Nov 2026,11
2026-06-21 08:26:57,OFC,CHENNAI VAC,05 Jan 2027,2
2026-06-21 08:26:57,OFC,HYDERABAD VAC,21 Dec 2026,1
2026-06-21 08:27:13,OFC,CHENNAI VAC,05 Jan 2027,2
2026-06-21 08:27:13,OFC,HYDERABAD VAC,21 Dec 2026,1
2026-06-21 08:27:32,OFC,CHENNAI VAC,05 Jan 2027,2
2026-06-21 08:27:32,OFC,HYDERABAD VAC,21 Dec 2026,1
2026-06-21 08:27:51,OFC,CHENNAI VAC,05 Jan 2027,2
2026-06-21 08:27:51,OFC,HYDERABAD VAC,21 Dec 2026,1
2026-06-21 08:28:25,OFC,CHENNAI VAC,06 Jan 2027,1
2026-06-21 08:28:42,OFC,CHENNAI VAC,06 Jan 2027,1
2026-06-21 08:29:01,OFC,CHENNAI VAC,06 Jan 2027,1
2026-06-21 08:56:07,OFC,CHENNAI VAC,04 Jan 2027,3
2026-06-21 08:56:23,OFC,CHENNAI VAC,04 Jan 2027,3
2026-06-21 08:56:44,OFC,CHENNAI VAC,04 Jan 2027,3
2026-06-21 08:56:44,OFC,NEW DELHI VAC,04 Jan 2027,1
2026-06-21 08:57:03,OFC,CHENNAI VAC,04 Jan 2027,3
2026-06-21 08:57:03,OFC,NEW DELHI VAC,04 Jan 2027,1
2026-06-21 08:57:24,OFC,CHENNAI VAC,04 Jan 2027,3
2026-06-21 08:57:42,OFC,CHENNAI VAC,04 Jan 2027,3
2026-06-21 08:57:59,OFC,CHENNAI VAC,04 Jan 2027,3
2026-06-21 08:58:15,OFC,CHENNAI VAC,04 Jan 2027,3
2026-06-21 08:58:48,OFC,CHENNAI VAC,04 Jan 2027,3
2026-06-21 08:59:04,OFC,CHENNAI VAC,04 Jan 2027,3
2026-06-21 08:59:24,OFC,CHENNAI VAC,04 Jan 2027,3
2026-06-21 08:59:41,OFC,CHENNAI VAC,04 Jan 2027,3
2026-06-21 08:59:57,OFC,CHENNAI VAC,04 Jan 2027,3
2026-06-21 09:00:17,OFC,CHENNAI VAC,04 Jan 2027,3
2026-06-21 09:00:33,OFC,CHENNAI VAC,04 Jan 2027,3
2026-06-21 09:00:50,OFC,CHENNAI VAC,04 Jan 2027,3
2026-06-21 09:01:07,OFC,CHENNAI VAC,05 Jan 2027,2
2026-06-21 09:01:46,OFC,CHENNAI VAC,06 Jan 2027,1
2026-06-21 09:02:02,OFC,CHENNAI VAC,06 Jan 2027,1
2026-06-21 09:02:20,OFC,CHENNAI VAC,06 Jan 2027,1
2026-06-21 09:05:24,OFC,HYDERABAD VAC,23 Jun 2026,26
2026-06-21 09:25:52,OFC,CHENNAI VAC,05 Jan 2027,2
2026-06-21 09:26:09,OFC,CHENNAI VAC,05 Jan 2027,2
2026-06-21 09:26:09,OFC,HYDERABAD VAC,21 Dec 2026,1
2026-06-21 09:26:27,OFC,CHENNAI VAC,05 Jan 2027,2
2026-06-21 09:26:45,OFC,CHENNAI VAC,05 Jan 2027,2
2026-06-21 09:27:01,OFC,CHENNAI VAC,05 Jan 2027,2
2026-06-21 09:27:21,OFC,CHENNAI VAC,05 Jan 2027,2
2026-06-21 09:27:42,OFC,CHENNAI VAC,05 Jan 2027,2
2026-06-21 09:28:01,OFC,CHENNAI VAC,05 Jan 2027,2
2026-06-21 09:28:19,OFC,CHENNAI VAC,05 Jan 2027,2
2026-06-21 09:28:37,OFC,CHENNAI VAC,05 Jan 2027,2
2026-06-21 09:28:54,OFC,CHENNAI VAC,05 Jan 2027,2
2026-06-21 09:29:11,OFC,CHENNAI VAC,05 Jan 2027,2
2026-06-21 09:29:30,OFC,CHENNAI VAC,06 Jan 2027,1
2026-06-21 09:29:50,OFC,CHENNAI VAC,06 Jan 2027,1
2026-06-21 09:30:08,OFC,CHENNAI VAC,06 Jan 2027,1
2026-06-21 09:30:28,OFC,CHENNAI VAC,06 Jan 2027,1
2026-06-21 09:30:45,OFC,CHENNAI VAC,06 Jan 2027,1
2026-06-21 09:31:02,OFC,CHENNAI VAC,06 Jan 2027,1
2026-06-21 09:56:04,OFC,CHENNAI VAC,04 Jan 2027,3
2026-06-21 09:56:23,OFC,CHENNAI VAC,04 Jan 2027,3
2026-06-21 09:56:38,OFC,CHENNAI VAC,04 Jan 2027,3
2026-06-21 09:56:58,OFC,CHENNAI VAC,04 Jan 2027,3
2026-06-21 09:57:17,OFC,CHENNAI VAC,04 Jan 2027,3
2026-06-21 09:57:35,OFC,CHENNAI VAC,04 Jan 2027,3
2026-06-21 09:57:55,OFC,CHENNAI VAC,04 Jan 2027,3
2026-06-21 09:58:12,OFC,CHENNAI VAC,04 Jan 2027,3
2026-06-21 09:58:30,OFC,CHENNAI VAC,04 Jan 2027,3
2026-06-21 09:58:47,OFC,CHENNAI VAC,04 Jan 2027,3
2026-06-21 09:59:07,OFC,CHENNAI VAC,05 Jan 2027,2
2026-06-21 09:59:25,OFC,CHENNAI VAC,06 Jan 2027,1
2026-06-21 09:59:45,OFC,CHENNAI VAC,06 Jan 2027,1
2026-06-21 10:00:03,OFC,CHENNAI VAC,06 Jan 2027,1
2026-06-21 10:00:21,OFC,CHENNAI VAC,06 Jan 2027,1
2026-06-21 10:26:03,OFC,CHENNAI VAC,04 Nov 2026,6
2026-06-21 10:26:03,OFC,HYDERABAD VAC,03 Nov 2026,16
2026-06-21 10:26:03,OFC,KOLKATA VAC,09 Nov 2026,11
2026-06-21 10:26:03,OFC,NEW DELHI VAC,17 Nov 2026,2
2026-06-21 10:26:22,OFC,CHENNAI VAC,04 Nov 2026,6
2026-06-21 10:26:22,OFC,HYDERABAD VAC,03 Nov 2026,17
2026-06-21 10:26:22,OFC,KOLKATA VAC,09 Nov 2026,11
2026-06-21 10:26:40,OFC,HYDERABAD VAC,03 Nov 2026,17
2026-06-21 10:26:40,OFC,KOLKATA VAC,09 Nov 2026,11
2026-06-21 10:26:40,Consular,NEW DELHI,03 Dec 2026,1
2026-06-21 10:26:58,OFC,CHENNAI VAC,05 Jan 2027,2
2026-06-21 10:26:58,OFC,HYDERABAD VAC,21 Dec 2026,1
2026-06-21 10:26:58,Consular,NEW DELHI,03 Dec 2026,1
2026-06-21 10:27:16,OFC,CHENNAI VAC,05 Jan 2027,2
2026-06-21 10:27:16,Consular,NEW DELHI,03 Dec 2026,1
2026-06-21 10:27:33,OFC,CHENNAI VAC,05 Jan 2027,2
2026-06-21 10:27:33,OFC,KOLKATA VAC,09 Nov 2026,11
2026-06-21 10:27:33,Consular,NEW DELHI,03 Dec 2026,1
2026-06-21 10:27:52,OFC,CHENNAI VAC,05 Jan 2027,2
2026-06-21 10:27:52,Consular,NEW DELHI,03 Dec 2026,1
2026-06-21 10:28:09,OFC,CHENNAI VAC,06 Jan 2027,1
2026-06-21 10:28:09,Consular,NEW DELHI,03 Dec 2026,1
2026-06-21 10:28:28,OFC,CHENNAI VAC,06 Jan 2027,1
2026-06-21 10:28:28,Consular,NEW DELHI,03 Dec 2026,1
2026-06-21 10:28:45,OFC,CHENNAI VAC,06 Jan 2027,1
2026-06-21 10:28:45,Consular,NEW DELHI,03 Dec 2026,1
2026-06-21 10:29:04,OFC,CHENNAI VAC,06 Jan 2027,1
2026-06-21 10:29:04,Consular,NEW DELHI,03 Dec 2026,1
2026-06-21 10:29:24,OFC,CHENNAI VAC,06 Jan 2027,1
2026-06-21 10:29:24,Consular,NEW DELHI,03 Dec 2026,1
2026-06-21 10:29:45,OFC,CHENNAI VAC,06 Jan 2027,1
2026-06-21 10:29:45,Consular,NEW DELHI,03 Dec 2026,1
2026-06-21 10:55:58,OFC,CHENNAI VAC,04 Jan 2027,3
2026-06-21 10:56:15,OFC,CHENNAI VAC,04 Jan 2027,3
2026-06-21 10:56:15,OFC,NEW DELHI VAC,04 Jan 2027,1
2026-06-21 10:56:34,OFC,CHENNAI VAC,04 Jan 2027,3
2026-06-21 10:56:34,OFC,NEW DELHI VAC,04 Jan 2027,1
2026-06-21 10:56:53,OFC,CHENNAI VAC,04 Jan 2027,3
2026-06-21 10:56:53,OFC,NEW DELHI VAC,04 Jan 2027,1
2026-06-21 10:57:09,OFC,CHENNAI VAC,04 Jan 2027,3
2026-06-21 10:57:09,OFC,NEW DELHI VAC,04 Jan 2027,1
2026-06-21 10:57:26,OFC,CHENNAI VAC,04 Jan 2027,3
2026-06-21 10:58:01,OFC,CHENNAI VAC,04 Jan 2027,3
2026-06-21 10:58:24,OFC,CHENNAI VAC,04 Jan 2027,3
2026-06-21 10:58:42,OFC,CHENNAI VAC,04 Jan 2027,3
2026-06-21 10:59:04,OFC,CHENNAI VAC,04 Jan 2027,3
2026-06-21 10:59:40,OFC,CHENNAI VAC,04 Jan 2027,3
2026-06-21 10:59:59,OFC,CHENNAI VAC,04 Jan 2027,3
2026-06-21 11:00:17,OFC,CHENNAI VAC,04 Jan 2027,3
2026-06-21 11:00:36,OFC,CHENNAI VAC,04 Jan 2027,3
2026-06-21 11:01:17,OFC,CHENNAI VAC,04 Jan 2027,3
2026-06-21 11:01:38,OFC,CHENNAI VAC,04 Jan 2027,3
2026-06-21 11:01:58,OFC,CHENNAI VAC,04 Jan 2027,3
2026-06-21 11:02:32,OFC,CHENNAI VAC,05 Jan 2027,2
2026-06-21 11:02:52,OFC,CHENNAI VAC,05 Jan 2027,2
2026-06-21 11:03:10,OFC,CHENNAI VAC,05 Jan 2027,2
2026-06-21 11:03:25,OFC,CHENNAI VAC,05 Jan 2027,2
2026-06-21 11:04:01,OFC,CHENNAI VAC,05 Jan 2027,2
2026-06-21 11:04:38,OFC,CHENNAI VAC,06 Jan 2027,1
2026-06-21 11:26:20,OFC,CHENNAI VAC,05 Jan 2027,2
2026-06-21 11:26:20,OFC,HYDERABAD VAC,21 Dec 2026,1
2026-06-21 11:26:37,OFC,CHENNAI VAC,05 Jan 2027,2
2026-06-21 11:26:37,OFC,HYDERABAD VAC,21 Dec 2026,1
2026-06-21 11:26:54,OFC,CHENNAI VAC,05 Jan 2027,2
2026-06-21 11:27:12,OFC,CHENNAI VAC,05 Jan 2027,2
2026-06-21 11:27:30,OFC,CHENNAI VAC,05 Jan 2027,2
2026-06-21 11:27:50,OFC,CHENNAI VAC,05 Jan 2027,2
2026-06-21 11:28:08,OFC,CHENNAI VAC,05 Jan 2027,2
2026-06-21 11:28:28,OFC,CHENNAI VAC,06 Jan 2027,1
2026-06-21 11:28:45,OFC,CHENNAI VAC,06 Jan 2027,1
2026-06-21 11:29:05,OFC,CHENNAI VAC,06 Jan 2027,1
2026-06-21 11:29:23,OFC,CHENNAI VAC,06 Jan 2027,1
2026-06-21 11:29:41,OFC,CHENNAI VAC,06 Jan 2027,1
2026-06-21 11:29:58,OFC,CHENNAI VAC,06 Jan 2027,1
2026-06-21 11:30:18,OFC,CHENNAI VAC,06 Jan 2027,1
2026-06-21 11:30:34,OFC,CHENNAI VAC,06 Jan 2027,1
2026-06-21 11:56:03,OFC,CHENNAI VAC,04 Jan 2027,3
2026-06-21 11:56:22,OFC,CHENNAI VAC,04 Jan 2027,3
2026-06-21 11:56:38,OFC,CHENNAI VAC,04 Jan 2027,3
2026-06-21 11:56:56,OFC,CHENNAI VAC,04 Jan 2027,3
2026-06-21 11:57:32,OFC,CHENNAI VAC,04 Jan 2027,3
2026-06-21 11:58:09,OFC,CHENNAI VAC,04 Jan 2027,3
2026-06-21 11:58:28,OFC,CHENNAI VAC,04 Jan 2027,3
2026-06-21 11:58:49,OFC,CHENNAI VAC,04 Jan 2027,3
2026-06-21 11:59:09,OFC,CHENNAI VAC,05 Jan 2027,1
2026-06-21 11:59:25,OFC,CHENNAI VAC,05 Jan 2027,1
2026-06-21 12:25:54,OFC,NEW DELHI VAC,12 Jan 2027,15
2026-06-21 12:26:13,OFC,CHENNAI VAC,05 Jan 2027,13
2026-06-21 12:26:13,OFC,HYDERABAD VAC,21 Dec 2026,1
2026-06-21 12:26:13,OFC,NEW DELHI VAC,12 Jan 2027,15
2026-06-21 12:26:31,OFC,CHENNAI VAC,05 Jan 2027,13
2026-06-21 12:26:31,OFC,HYDERABAD VAC,21 Dec 2026,1
2026-06-21 12:26:31,OFC,NEW DELHI VAC,12 Jan 2027,15
2026-06-21 12:26:47,OFC,CHENNAI VAC,05 Jan 2027,13
2026-06-21 12:26:47,OFC,NEW DELHI VAC,12 Jan 2027,15
2026-06-21 12:27:05,OFC,CHENNAI VAC,05 Jan 2027,13
2026-06-21 12:27:05,OFC,NEW DELHI VAC,12 Jan 2027,15
2026-06-21 12:27:25,OFC,CHENNAI VAC,05 Jan 2027,13
2026-06-21 12:27:25,OFC,NEW DELHI VAC,12 Jan 2027,15
2026-06-21 12:27:45,OFC,NEW DELHI VAC,12 Jan 2027,15
2026-06-21 12:28:03,OFC,CHENNAI VAC,05 Jan 2027,13
2026-06-21 12:28:19,OFC,CHENNAI VAC,05 Jan 2027,13
2026-06-21 12:28:19,OFC,NEW DELHI VAC,12 Jan 2027,15
2026-06-21 12:28:35,OFC,CHENNAI VAC,05 Jan 2027,13
2026-06-21 12:28:35,OFC,NEW DELHI VAC,12 Jan 2027,15
2026-06-21 12:28:51,OFC,NEW DELHI VAC,13 Jan 2027,14
2026-06-21 12:29:08,OFC,CHENNAI VAC,05 Jan 2027,13
2026-06-21 12:29:08,OFC,NEW DELHI VAC,13 Jan 2027,14
2026-06-21 12:29:27,OFC,CHENNAI VAC,05 Jan 2027,13
2026-06-21 12:29:27,OFC,NEW DELHI VAC,13 Jan 2027,14
2026-06-21 12:29:47,OFC,CHENNAI VAC,05 Jan 2027,13
2026-06-21 12:29:47,OFC,NEW DELHI VAC,13 Jan 2027,14
2026-06-21 12:30:04,OFC,NEW DELHI VAC,13 Jan 2027,14
2026-06-21 12:30:20,OFC,CHENNAI VAC,04 Nov 2026,17
2026-06-21 12:30:20,OFC,HYDERABAD VAC,03 Nov 2026,16
2026-06-21 12:30:20,OFC,NEW DELHI VAC,17 Nov 2026,16
2026-06-21 12:30:37,OFC,CHENNAI VAC,04 Nov 2026,17
2026-06-21 12:30:37,OFC,HYDERABAD VAC,03 Nov 2026,16
2026-06-21 12:30:37,OFC,KOLKATA VAC,12 Nov 2026,10
2026-06-21 12:30:57,OFC,CHENNAI VAC,16 Nov 2026,16
2026-06-21 12:30:57,OFC,HYDERABAD VAC,03 Nov 2026,16
2026-06-21 12:30:57,OFC,KOLKATA VAC,12 Nov 2026,10
2026-06-21 12:31:13,OFC,HYDERABAD VAC,03 Nov 2026,16
2026-06-21 12:31:13,OFC,NEW DELHI VAC,30 Nov 2026,15
2026-06-21 12:31:34,OFC,CHENNAI VAC,24 Nov 2026,13
2026-06-21 12:31:34,Consular,HYDERABAD,03 Dec 2026,1
2026-06-21 12:31:34,OFC,HYDERABAD VAC,03 Nov 2026,16
2026-06-21 12:31:34,OFC,KOLKATA VAC,12 Nov 2026,10
2026-06-21 12:31:34,OFC,NEW DELHI VAC,13 Jan 2027,14
2026-06-21 12:31:51,OFC,CHENNAI VAC,24 Nov 2026,2
2026-06-21 12:31:51,Consular,HYDERABAD,03 Dec 2026,1
2026-06-21 12:31:51,OFC,HYDERABAD VAC,04 Nov 2026,15
2026-06-21 12:31:51,OFC,KOLKATA VAC,12 Nov 2026,10
2026-06-21 12:32:09,OFC,CHENNAI VAC,06 Jan 2027,1
2026-06-21 12:32:09,Consular,HYDERABAD,03 Dec 2026,1
2026-06-21 12:32:09,OFC,HYDERABAD VAC,04 Nov 2026,15
2026-06-21 12:32:09,OFC,KOLKATA VAC,12 Nov 2026,10
2026-06-21 12:32:29,OFC,CHENNAI VAC,06 Jan 2027,1
2026-06-21 12:32:29,Consular,HYDERABAD,03 Dec 2026,1
2026-06-21 12:32:29,OFC,KOLKATA VAC,12 Nov 2026,10
2026-06-21 12:32:48,OFC,CHENNAI VAC,06 Jan 2027,1
2026-06-21 12:32:48,Consular,HYDERABAD,03 Dec 2026,1
2026-06-21 12:32:48,OFC,HYDERABAD VAC,05 Nov 2026,14
2026-06-21 12:33:08,OFC,CHENNAI VAC,06 Jan 2027,1
2026-06-21 12:33:28,OFC,CHENNAI VAC,06 Jan 2027,1
2026-06-21 12:33:38,OFC,CHENNAI VAC,06 Jan 2027,1
2026-06-21 12:33:56,OFC,CHENNAI VAC,06 Jan 2027,1
2026-06-21 12:34:00,OFC,CHENNAI VAC,06 Jan 2027,1
2026-06-21 12:34:18,OFC,CHENNAI VAC,06 Jan 2027,1
2026-06-21 14:00:21,OFC,CHENNAI VAC,22 Jun 2026,6
2026-06-21 14:00:21,OFC,HYDERABAD VAC,22 Jun 2026,3
2026-06-21 14:00:21,OFC,NEW DELHI VAC,22 Jun 2026,4
2026-06-21 14:00:37,OFC,CHENNAI VAC,23 Jun 2026,4
2026-06-21 14:00:37,OFC,KOLKATA VAC,02 Jul 2026,1
2026-06-21 14:00:37,OFC,MUMBAI VAC,28 Jun 2026,1
2026-06-21 15:53:14,OFC,HYDERABAD VAC,22 Jun 2026,27
2026-06-21 16:30:23,OFC,CHENNAI VAC,22 Jun 2026,4
2026-06-21 16:30:23,OFC,HYDERABAD VAC,22 Jun 2026,2
2026-06-21 16:30:23,OFC,KOLKATA VAC,22 Jun 2026,2
2026-06-21 16:30:23,OFC,MUMBAI VAC,22 Jun 2026,2
2026-06-21 16:30:23,OFC,NEW DELHI VAC,23 Jun 2026,2
2026-06-21 16:30:43,OFC,CHENNAI VAC,23 Jun 2026,2
2026-06-21 16:30:43,OFC,NEW DELHI VAC,23 Jun 2026,2
2026-06-21 16:31:02,OFC,CHENNAI VAC,22 Jun 2026,4
2026-06-21 16:31:22,OFC,CHENNAI VAC,23 Jun 2026,2
2026-06-21 16:31:22,OFC,NEW DELHI VAC,22 Jun 2026,4
2026-06-21 16:32:00,OFC,MUMBAI VAC,22 Jun 2026,2
2026-06-21 17:08:47,OFC,HYDERABAD VAC,23 Jun 2026,26
2026-06-21 17:09:05,OFC,HYDERABAD VAC,23 Jun 2026,26
2026-06-21 17:09:24,OFC,HYDERABAD VAC,23 Jun 2026,26
2026-06-21 17:09:41,OFC,HYDERABAD VAC,23 Jun 2026,26
2026-06-21 17:15:43,OFC,HYDERABAD VAC,23 Jun 2026,26
2026-06-21 20:30:16,OFC,CHENNAI VAC,23 Jun 2026,2
2026-06-21 20:30:36,OFC,CHENNAI VAC,23 Jun 2026,2
2026-06-21 20:30:36,OFC,NEW DELHI VAC,24 Jun 2026,1
2026-06-21 22:00:26,OFC,CHENNAI VAC,23 Jun 2026,4
2026-06-21 22:00:26,OFC,HYDERABAD VAC,23 Jun 2026,2
2026-06-21 22:00:26,OFC,KOLKATA VAC,02 Jul 2026,1
2026-06-21 22:00:26,OFC,MUMBAI VAC,28 Jun 2026,1
2026-06-21 22:00:26,OFC,NEW DELHI VAC,23 Jun 2026,4
2026-06-21 22:00:44,OFC,CHENNAI VAC,23 Jun 2026,3
2026-06-21 22:00:44,OFC,HYDERABAD VAC,23 Jun 2026,2
2026-06-21 22:00:44,OFC,KOLKATA VAC,02 Jul 2026,1
2026-06-21 22:00:44,OFC,MUMBAI VAC,28 Jun 2026,1
2026-06-21 22:00:44,OFC,NEW DELHI VAC,23 Jun 2026,4
2026-06-21 22:01:04,OFC,KOLKATA VAC,02 Jul 2026,1
2026-06-21 22:01:04,OFC,MUMBAI VAC,28 Jun 2026,1
2026-06-21 22:01:04,OFC,NEW DELHI VAC,23 Jun 2026,4
2026-06-21 22:01:21,OFC,KOLKATA VAC,02 Jul 2026,1
2026-06-21 22:01:21,OFC,NEW DELHI VAC,23 Jun 2026,4
2026-06-21 22:19:23,OFC,CHENNAI VAC,21 Jul 2026,8
2026-06-21 22:19:40,OFC,HYDERABAD VAC,23 Jun 2026,26
2026-06-21 22:19:59,OFC,HYDERABAD VAC,23 Jun 2026,26
2026-06-21 22:20:15,OFC,HYDERABAD VAC,23 Jun 2026,26
2026-06-21 22:30:23,OFC,CHENNAI VAC,30 Jul 2026,1
2026-06-21 22:30:23,Consular,HYDERABAD,14 Jul 2026,1
2026-06-21 22:30:40,OFC,CHENNAI VAC,30 Jul 2026,1
2026-06-21 22:30:40,OFC,KOLKATA VAC,21 Jul 2026,1
2026-06-21 23:00:19,OFC,CHENNAI VAC,23 Jun 2026,4
2026-06-21 23:00:38,OFC,CHENNAI VAC,23 Jun 2026,4
2026-06-21 23:00:38,OFC,KOLKATA VAC,02 Jul 2026,1
2026-06-21 23:00:38,OFC,MUMBAI VAC,28 Jun 2026,1
2026-06-21 23:00:38,OFC,NEW DELHI VAC,24 Jun 2026,1
2026-06-21 23:00:55,OFC,CHENNAI VAC,23 Jun 2026,2
2026-06-21 23:01:14,OFC,CHENNAI VAC,23 Jun 2026,4
2026-06-21 23:01:14,OFC,NEW DELHI VAC,23 Jun 2026,4
2026-06-21 23:01:34,OFC,NEW DELHI VAC,23 Jun 2026,4
2026-06-21 23:01:53,OFC,MUMBAI VAC,28 Jun 2026,1
2026-06-21 23:09:41,OFC,NEW DELHI VAC,23 Jun 2026,5
2026-06-21 23:11:35,OFC,NEW DELHI VAC,23 Jun 2026,5
2026-06-21 23:11:54,OFC,NEW DELHI VAC,23 Jun 2026,5
2026-06-21 23:12:11,OFC,NEW DELHI VAC,23 Jun 2026,5
2026-06-21 23:13:06,OFC,NEW DELHI VAC,23 Jun 2026,5
2026-06-21 23:25:54,OFC,CHENNAI VAC,16 Nov 2026,4
2026-06-21 23:25:54,OFC,HYDERABAD VAC,09 Nov 2026,13
2026-06-21 23:25:54,OFC,KOLKATA VAC,09 Nov 2026,11
2026-06-21 23:25:54,OFC,NEW DELHI VAC,17 Nov 2026,4
2026-06-21 23:26:13,OFC,CHENNAI VAC,16 Nov 2026,4
2026-06-21 23:26:13,OFC,HYDERABAD VAC,09 Nov 2026,13
2026-06-21 23:26:13,OFC,KOLKATA VAC,09 Nov 2026,11
2026-06-21 23:26:13,OFC,NEW DELHI VAC,17 Nov 2026,4
2026-06-21 23:26:33,OFC,HYDERABAD VAC,09 Nov 2026,13
2026-06-21 23:26:33,OFC,KOLKATA VAC,09 Nov 2026,11
2026-06-21 23:26:33,OFC,NEW DELHI VAC,01 Dec 2026,2
2026-06-21 23:26:50,OFC,KOLKATA VAC,09 Nov 2026,11
2026-06-21 23:30:19,OFC,CHENNAI VAC,30 Jul 2026,1
2026-06-21 23:30:19,Consular,NEW DELHI,06 Jul 2026,2
2026-06-21 23:30:40,OFC,CHENNAI VAC,30 Jul 2026,1
2026-06-21 23:30:40,OFC,KOLKATA VAC,21 Jul 2026,1
2026-06-21 23:30:40,Consular,NEW DELHI,06 Jul 2026,2
2026-06-21 23:31:01,OFC,CHENNAI VAC,30 Jul 2026,1
2026-06-21 23:31:19,OFC,CHENNAI VAC,30 Jul 2026,1
2026-06-21 23:31:54,OFC,CHENNAI VAC,30 Jul 2026,1
2026-06-21 23:32:10,OFC,CHENNAI VAC,30 Jul 2026,1
2026-06-22 06:00:17,OFC,CHENNAI VAC,30 Jul 2026,1
2026-06-22 06:00:17,Consular,NEW DELHI,08 Jul 2026,1
2026-06-22 06:00:34,OFC,CHENNAI VAC,30 Jul 2026,1
2026-06-22 06:00:54,OFC,CHENNAI VAC,30 Jul 2026,1
2026-06-22 06:00:54,Consular,NEW DELHI,11 Aug 2026,2
2026-06-22 06:01:13,OFC,CHENNAI VAC,30 Jul 2026,1
2026-06-22 06:01:33,OFC,CHENNAI VAC,30 Jul 2026,1
2026-06-22 06:03:02,OFC,CHENNAI VAC,30 Jul 2026,1
2026-06-22 06:03:20,OFC,CHENNAI VAC,30 Jul 2026,1
2026-06-22 06:03:39,OFC,CHENNAI VAC,30 Jul 2026,1
2026-06-22 06:03:56,OFC,CHENNAI VAC,30 Jul 2026,1
2026-06-22 06:04:16,OFC,CHENNAI VAC,30 Jul 2026,1
2026-06-22 06:04:36,OFC,CHENNAI VAC,30 Jul 2026,1
2026-06-22 06:04:56,OFC,CHENNAI VAC,30 Jul 2026,1
2026-06-22 06:05:15,OFC,CHENNAI VAC,30 Jul 2026,1
2026-06-22 06:30:11,OFC,MUMBAI VAC,28 Jun 2026,1
2026-06-22 06:30:29,Consular,HYDERABAD,06 Jul 2026,1
2026-06-22 06:30:29,OFC,MUMBAI VAC,28 Jun 2026,1
2026-06-22 06:30:49,OFC,CHENNAI VAC,25 Jun 2026,2
2026-06-22 07:00:25,Consular,MUMBAI,16 Jul 2026,1
2026-06-22 07:26:01,OFC,CHENNAI VAC,04 Jan 2027,6
2026-06-22 07:26:01,OFC,NEW DELHI VAC,04 Jan 2027,1
2026-06-22 07:26:19,OFC,CHENNAI VAC,04 Jan 2027,6
2026-06-22 07:26:19,OFC,HYDERABAD VAC,28 Dec 2026,1
2026-06-22 07:26:38,OFC,CHENNAI VAC,04 Jan 2027,6
2026-06-22 07:30:21,OFC,CHENNAI VAC,23 Jun 2026,8
2026-06-22 07:30:21,Consular,HYDERABAD,09 Jul 2026,1
2026-06-22 07:30:21,OFC,MUMBAI VAC,28 Jun 2026,1
2026-06-22 07:30:21,OFC,NEW DELHI VAC,23 Jun 2026,4
2026-06-22 07:30:42,OFC,CHENNAI VAC,31 Aug 2026,4
2026-06-22 07:31:01,OFC,CHENNAI VAC,31 Aug 2026,3
2026-06-22 07:31:20,OFC,CHENNAI VAC,03 Sep 2026,2
2026-06-22 07:31:38,OFC,CHENNAI VAC,03 Sep 2026,1
2026-06-22 07:32:14,OFC,CHENNAI VAC,03 Sep 2026,1
2026-06-22 07:56:13,OFC,CHENNAI VAC,04 Nov 2026,2
2026-06-22 07:56:13,OFC,HYDERABAD VAC,30 Oct 2026,13
2026-06-22 07:56:13,OFC,KOLKATA VAC,27 Oct 2026,9
2026-06-22 07:56:30,OFC,HYDERABAD VAC,30 Oct 2026,13
2026-06-22 07:56:46,OFC,CHENNAI VAC,04 Nov 2026,2
2026-06-22 07:56:46,OFC,HYDERABAD VAC,30 Oct 2026,13
2026-06-22 07:56:46,OFC,KOLKATA VAC,27 Oct 2026,9
2026-06-22 08:00:46,OFC,MUMBAI VAC,28 Jun 2026,1
2026-06-22 08:30:27,OFC,CHENNAI VAC,25 Jun 2026,4
2026-06-22 08:30:27,Consular,HYDERABAD,10 Jul 2026,1
2026-06-22 08:30:27,OFC,MUMBAI VAC,28 Jun 2026,1
2026-06-22 08:30:27,Consular,NEW DELHI,10 Jul 2026,1
2026-06-22 08:30:27,OFC,NEW DELHI VAC,23 Jun 2026,4
2026-06-22 08:30:48,OFC,CHENNAI VAC,30 Jul 2026,1
2026-06-22 08:30:48,OFC,KOLKATA VAC,21 Jul 2026,1
2026-06-22 08:31:05,OFC,CHENNAI VAC,28 Jun 2026,2
2026-06-22 08:31:44,OFC,CHENNAI VAC,30 Jul 2026,1
2026-06-22 08:32:24,OFC,CHENNAI VAC,25 Jun 2026,4
2026-06-22 09:00:13,OFC,CHENNAI VAC,23 Jun 2026,1
2026-06-22 09:00:13,OFC,MUMBAI VAC,28 Jun 2026,1
2026-06-22 09:00:13,OFC,NEW DELHI VAC,26 Jun 2026,1
2026-06-22 09:30:18,OFC,CHENNAI VAC,31 Aug 2026,4
2026-06-22 09:30:18,OFC,NEW DELHI VAC,21 Sep 2026,1
2026-06-22 09:30:35,OFC,CHENNAI VAC,31 Aug 2026,4
2026-06-22 09:31:08,OFC,CHENNAI VAC,31 Aug 2026,4
2026-06-22 09:31:26,OFC,CHENNAI VAC,31 Aug 2026,4
2026-06-22 09:32:22,OFC,CHENNAI VAC,31 Aug 2026,4
2026-06-22 09:56:05,OFC,CHENNAI VAC,19 Jan 2027,11
2026-06-22 09:56:21,OFC,CHENNAI VAC,19 Jan 2027,11
2026-06-22 09:56:21,OFC,NEW DELHI VAC,13 Jan 2027,14
2026-06-22 09:56:40,OFC,CHENNAI VAC,22 Jan 2027,10
2026-06-22 09:56:40,OFC,NEW DELHI VAC,13 Jan 2027,14
2026-06-22 09:56:57,OFC,CHENNAI VAC,22 Jan 2027,10
2026-06-22 09:56:57,OFC,NEW DELHI VAC,13 Jan 2027,13
2026-06-22 10:00:14,OFC,CHENNAI VAC,23 Jun 2026,7
2026-06-22 10:00:14,OFC,KOLKATA VAC,02 Jul 2026,2
2026-06-22 10:00:14,OFC,MUMBAI VAC,28 Jun 2026,1
2026-06-22 10:00:14,OFC,NEW DELHI VAC,23 Jun 2026,5
2026-06-22 10:00:33,OFC,CHENNAI VAC,23 Jun 2026,6
2026-06-22 10:00:33,OFC,KOLKATA VAC,02 Jul 2026,2
2026-06-22 10:00:52,OFC,CHENNAI VAC,30 Jul 2026,1
2026-06-22 10:00:52,OFC,KOLKATA VAC,21 Jul 2026,1
2026-06-22 10:01:08,OFC,CHENNAI VAC,23 Jun 2026,6
2026-06-22 10:01:27,OFC,CHENNAI VAC,23 Jun 2026,7
2026-06-22 10:30:38,OFC,CHENNAI VAC,25 Jun 2026,1
2026-06-22 10:30:56,Consular,HYDERABAD,09 Jul 2026,1
2026-06-22 10:46:36,Consular,HYDERABAD,30 Jun 2026,1
2026-06-22 10:46:36,OFC,HYDERABAD VAC,28 Jun 2026,1
2026-06-22 10:46:36,OFC,MUMBAI VAC,28 Jun 2026,1
2026-06-22 10:46:56,OFC,HYDERABAD VAC,28 Jun 2026,1
2026-06-22 10:47:14,Consular,HYDERABAD,30 Jun 2026,1
2026-06-22 10:47:14,OFC,HYDERABAD VAC,28 Jun 2026,1
2026-06-22 10:47:49,Consular,HYDERABAD,30 Jun 2026,1
2026-06-22 10:48:09,Consular,HYDERABAD,30 Jun 2026,1
2026-06-22 10:48:48,Consular,HYDERABAD,30 Jun 2026,1
2026-06-22 10:49:05,Consular,HYDERABAD,30 Jun 2026,1
2026-06-22 10:49:25,Consular,HYDERABAD,30 Jun 2026,1
2026-06-22 10:49:45,Consular,HYDERABAD,30 Jun 2026,1
2026-06-22 11:00:13,OFC,CHENNAI VAC,23 Jun 2026,4
2026-06-22 11:00:13,OFC,KOLKATA VAC,21 Jul 2026,1
2026-06-22 11:00:13,OFC,MUMBAI VAC,28 Jun 2026,1
2026-06-22 11:00:34,OFC,KOLKATA VAC,21 Jul 2026,1
2026-06-22 11:00:53,OFC,CHENNAI VAC,23 Jun 2026,4
2026-06-22 11:30:58,OFC,MUMBAI VAC,28 Jun 2026,1
2026-06-22 11:30:58,OFC,NEW DELHI VAC,29 Jun 2026,1
2026-06-22 12:00:20,OFC,CHENNAI VAC,30 Jul 2026,1
2026-06-22 12:00:20,OFC,KOLKATA VAC,21 Jul 2026,1
2026-06-22 12:00:37,OFC,CHENNAI VAC,30 Jul 2026,1
2026-06-22 12:00:53,OFC,CHENNAI VAC,30 Jul 2026,1
2026-06-22 12:01:09,OFC,CHENNAI VAC,30 Jul 2026,1
2026-06-22 12:01:26,Consular,NEW DELHI,11 Aug 2026,1
2026-06-22 12:25:44,OFC,CHENNAI VAC,04 Jan 2027,3
2026-06-22 12:25:44,OFC,HYDERABAD VAC,28 Dec 2026,1
2026-06-22 12:25:44,OFC,MUMBAI VAC,28 Dec 2026,1
2026-06-22 12:25:44,OFC,NEW DELHI VAC,10 Dec 2026,1
2026-06-22 12:26:02,OFC,CHENNAI VAC,04 Jan 2027,3
2026-06-22 12:26:19,OFC,CHENNAI VAC,04 Jan 2027,3
2026-06-22 12:26:40,OFC,CHENNAI VAC,04 Jan 2027,3
2026-06-22 12:26:57,OFC,CHENNAI VAC,04 Jan 2027,3
2026-06-22 12:27:14,OFC,CHENNAI VAC,04 Jan 2027,3
2026-06-22 12:27:31,OFC,CHENNAI VAC,04 Jan 2027,3
2026-06-22 12:27:51,OFC,CHENNAI VAC,04 Jan 2027,3
2026-06-22 12:28:26,OFC,CHENNAI VAC,05 Jan 2027,2
2026-06-22 12:28:42,OFC,CHENNAI VAC,06 Jan 2027,1
2026-06-22 12:29:00,OFC,CHENNAI VAC,06 Jan 2027,1
2026-06-22 12:29:18,OFC,CHENNAI VAC,06 Jan 2027,1
2026-06-22 13:00:15,OFC,CHENNAI VAC,30 Jul 2026,1
2026-06-22 13:00:15,OFC,KOLKATA VAC,21 Jul 2026,1
2026-06-22 13:00:31,OFC,CHENNAI VAC,30 Jul 2026,1
2026-06-22 13:25:54,OFC,CHENNAI VAC,04 Jan 2027,3
2026-06-22 13:25:54,OFC,HYDERABAD VAC,28 Dec 2026,1
2026-06-22 13:26:14,OFC,CHENNAI VAC,04 Jan 2027,3
2026-06-22 13:26:14,OFC,NEW DELHI VAC,10 Dec 2026,1
2026-06-22 13:26:31,OFC,CHENNAI VAC,04 Jan 2027,3
2026-06-22 13:27:11,OFC,CHENNAI VAC,04 Jan 2027,3
2026-06-22 13:27:27,OFC,CHENNAI VAC,04 Jan 2027,3
2026-06-22 13:27:45,OFC,CHENNAI VAC,04 Jan 2027,3
2026-06-22 13:28:04,OFC,CHENNAI VAC,04 Jan 2027,3
2026-06-22 13:28:20,OFC,CHENNAI VAC,05 Jan 2027,2
2026-06-22 13:28:38,OFC,CHENNAI VAC,05 Jan 2027,2
2026-06-22 13:29:14,OFC,CHENNAI VAC,06 Jan 2027,1
2026-06-22 13:29:50,OFC,CHENNAI VAC,06 Jan 2027,1
2026-06-22 13:30:10,OFC,CHENNAI VAC,06 Jan 2027,1
2026-06-22 13:30:29,OFC,CHENNAI VAC,23 Jun 2026,5
2026-06-22 13:30:29,OFC,MUMBAI VAC,28 Jun 2026,1
2026-06-22 13:30:29,Consular,NEW DELHI,10 Aug 2026,1
2026-06-22 13:30:49,OFC,CHENNAI VAC,06 Jan 2027,1
2026-06-22 13:31:09,OFC,HYDERABAD VAC,24 Jun 2026,2
2026-06-22 13:31:47,OFC,CHENNAI VAC,23 Jun 2026,5
2026-06-22 13:35:49,OFC,HYDERABAD VAC,23 Jun 2026,26
2026-06-22 14:00:16,OFC,CHENNAI VAC,30 Jul 2026,1
2026-06-22 14:00:36,OFC,CHENNAI VAC,30 Jul 2026,1
2026-06-22 14:11:33,OFC,KOLKATA VAC,23 Jun 2026,23
2026-06-22 14:12:24,OFC,MUMBAI VAC,25 Jun 2026,25
2026-06-22 14:12:42,OFC,KOLKATA VAC,23 Jun 2026,23
2026-06-22 14:26:18,OFC,HYDERABAD VAC,28 Dec 2026,1
2026-06-22 14:26:18,OFC,NEW DELHI VAC,10 Dec 2026,1
2026-06-22 14:30:25,OFC,CHENNAI VAC,25 Jun 2026,2
2026-06-22 14:30:25,OFC,HYDERABAD VAC,28 Jun 2026,1
2026-06-22 14:31:39,OFC,NEW DELHI VAC,23 Jun 2026,4
2026-06-22 14:45:25,OFC,MUMBAI VAC,25 Jun 2026,25
2026-06-22 14:45:45,OFC,MUMBAI VAC,25 Jun 2026,25
2026-06-22 15:00:28,OFC,CHENNAI VAC,30 Jul 2026,1
2026-06-22 15:00:28,Consular,HYDERABAD,10 Jul 2026,2
2026-06-22 15:00:45,OFC,CHENNAI VAC,24 Jun 2026,4
2026-06-22 15:00:45,Consular,HYDERABAD,22 Jul 2026,1
2026-06-22 15:01:01,OFC,CHENNAI VAC,30 Jul 2026,1
2026-06-22 15:25:45,OFC,HYDERABAD VAC,28 Jun 2026,1
2026-06-22 15:26:05,OFC,CHENNAI VAC,09 Oct 2026,1
2026-06-22 15:26:05,OFC,KOLKATA VAC,27 Oct 2026,1
2026-06-22 15:26:05,OFC,NEW DELHI VAC,23 Oct 2026,1
2026-06-22 15:30:24,OFC,CHENNAI VAC,25 Jun 2026,2
2026-06-22 15:30:24,OFC,HYDERABAD VAC,28 Jun 2026,1
2026-06-22 15:30:24,OFC,MUMBAI VAC,28 Jun 2026,1
2026-06-22 15:30:42,OFC,CHENNAI VAC,25 Jun 2026,3
2026-06-22 15:30:42,OFC,NEW DELHI VAC,23 Jun 2026,3
2026-06-22 15:30:59,OFC,NEW DELHI VAC,23 Jun 2026,2
2026-06-22 15:31:51,OFC,CHENNAI VAC,25 Jun 2026,3
2026-06-22 15:32:12,OFC,NEW DELHI VAC,23 Jun 2026,3
2026-06-22 15:36:27,OFC,CHENNAI VAC,25 Jun 2026,3
2026-06-22 16:22:28,Consular,CHENNAI,20 Jul 2026,2
2026-06-22 16:22:49,Consular,CHENNAI,20 Jul 2026,2
2026-06-22 16:22:49,Consular,NEW DELHI,20 Jul 2026,2
2026-06-22 16:23:46,Consular,CHENNAI,20 Jul 2026,2
2026-06-22 16:26:05,OFC,CHENNAI VAC,28 Jun 2026,1
2026-06-22 16:26:05,OFC,HYDERABAD VAC,28 Jun 2026,1
2026-06-22 16:26:05,OFC,MUMBAI VAC,28 Jun 2026,1
2026-06-22 16:26:05,Consular,NEW DELHI,20 Jul 2026,2
2026-06-22 16:26:25,OFC,HYDERABAD VAC,28 Jun 2026,1
2026-06-22 16:26:25,OFC,MUMBAI VAC,28 Jun 2026,1
2026-06-22 16:26:47,Consular,CHENNAI,20 Jul 2026,5
2026-06-22 16:27:07,Consular,CHENNAI,20 Jul 2026,2
2026-06-22 16:27:07,Consular,NEW DELHI,21 Jul 2026,1
2026-06-22 16:31:34,Consular,NEW DELHI,21 Jul 2026,1
2026-06-22 16:32:33,Consular,CHENNAI,20 Jul 2026,2
2026-06-22 16:33:23,Consular,CHENNAI,20 Jul 2026,2
2026-06-22 16:36:39,Consular,CHENNAI,20 Jul 2026,5
2026-06-22 16:36:39,Consular,NEW DELHI,14 Sep 2026,5
2026-06-22 16:36:59,Consular,CHENNAI,20 Jul 2026,5
2026-06-22 16:36:59,Consular,NEW DELHI,14 Sep 2026,5
2026-06-22 16:37:18,Consular,NEW DELHI,14 Sep 2026,5
2026-06-22 16:37:39,Consular,NEW DELHI,21 Jul 2026,4
2026-06-22 16:37:56,Consular,NEW DELHI,21 Jul 2026,4
2026-06-22 16:38:17,Consular,NEW DELHI,21 Jul 2026,4
2026-06-22 16:42:00,Consular,NEW DELHI,21 Jul 2026,4
2026-06-22 16:42:17,Consular,NEW DELHI,21 Jul 2026,4
2026-06-22 16:44:27,Consular,CHENNAI,20 Jul 2026,2
2026-06-22 16:44:45,Consular,CHENNAI,20 Jul 2026,2
2026-06-22 16:45:03,Consular,CHENNAI,20 Jul 2026,2
2026-06-22 16:49:17,Consular,NEW DELHI,21 Jul 2026,1
2026-06-22 16:49:35,Consular,NEW DELHI,21 Jul 2026,1
2026-06-22 16:49:52,Consular,NEW DELHI,21 Jul 2026,1
2026-06-22 16:50:11,OFC,CHENNAI VAC,20 Aug 2026,1
2026-06-22 16:50:32,OFC,CHENNAI VAC,20 Aug 2026,2
2026-06-22 16:50:53,OFC,CHENNAI VAC,20 Aug 2026,2
2026-06-22 16:51:12,OFC,CHENNAI VAC,20 Aug 2026,2
2026-06-22 16:51:12,Consular,NEW DELHI,14 Sep 2026,5
2026-06-22 16:51:29,OFC,CHENNAI VAC,20 Aug 2026,1
2026-06-22 16:51:29,Consular,NEW DELHI,14 Sep 2026,5
2026-06-22 16:51:49,OFC,CHENNAI VAC,20 Aug 2026,1
2026-06-22 16:51:49,Consular,NEW DELHI,15 Sep 2026,4
2026-06-22 16:52:07,Consular,NEW DELHI,15 Sep 2026,4
2026-06-22 16:52:26,Consular,NEW DELHI,15 Sep 2026,4
2026-06-22 16:52:45,Consular,NEW DELHI,16 Sep 2026,3
2026-06-22 16:53:03,Consular,NEW DELHI,14 Sep 2026,5
2026-06-22 16:53:21,Consular,NEW DELHI,14 Sep 2026,5
2026-06-22 16:53:39,Consular,NEW DELHI,16 Sep 2026,3
2026-06-22 16:53:59,Consular,NEW DELHI,16 Sep 2026,3
2026-06-22 16:54:53,Consular,NEW DELHI,17 Sep 2026,2
2026-06-22 16:55:11,Consular,NEW DELHI,17 Sep 2026,2
2026-06-22 16:55:31,Consular,NEW DELHI,17 Sep 2026,2
2026-06-22 16:55:48,Consular,NEW DELHI,17 Sep 2026,2
2026-06-22 16:56:06,OFC,CHENNAI VAC,03 Sep 2026,1
2026-06-22 16:56:06,OFC,HYDERABAD VAC,28 Jun 2026,1
2026-06-22 16:56:06,Consular,NEW DELHI,17 Sep 2026,2
2026-06-22 16:56:25,Consular,CHENNAI,20 Jul 2026,2
2026-06-22 16:56:25,OFC,CHENNAI VAC,03 Sep 2026,1
2026-06-22 16:56:25,OFC,HYDERABAD VAC,28 Jun 2026,1
2026-06-22 16:56:25,Consular,NEW DELHI,17 Sep 2026,2
2026-06-22 16:56:45,OFC,CHENNAI VAC,03 Sep 2026,1
2026-06-22 16:56:45,Consular,NEW DELHI,17 Sep 2026,2
2026-06-22 16:57:04,OFC,CHENNAI VAC,03 Sep 2026,1
2026-06-22 16:57:04,Consular,NEW DELHI,17 Sep 2026,2
2026-06-22 16:57:24,Consular,NEW DELHI,18 Sep 2026,1
2026-06-22 16:57:41,Consular,NEW DELHI,17 Sep 2026,2
2026-06-22 16:57:58,Consular,NEW DELHI,17 Sep 2026,2
2026-06-22 16:58:14,Consular,NEW DELHI,17 Sep 2026,2
2026-06-22 17:00:25,OFC,CHENNAI VAC,24 Nov 2026,4
2026-06-22 17:00:25,OFC,KOLKATA VAC,12 Nov 2026,10
2026-06-22 17:00:47,OFC,CHENNAI VAC,30 Nov 2026,3
2026-06-22 17:00:47,OFC,HYDERABAD VAC,10 Nov 2026,15
2026-06-22 17:00:47,OFC,KOLKATA VAC,12 Nov 2026,10
2026-06-22 17:00:47,OFC,NEW DELHI VAC,30 Nov 2026,3
2026-06-22 17:01:07,OFC,HYDERABAD VAC,10 Nov 2026,15
2026-06-22 17:01:07,OFC,KOLKATA VAC,12 Nov 2026,9
2026-06-22 17:01:46,OFC,KOLKATA VAC,12 Nov 2026,10
2026-06-22 17:09:48,Consular,NEW DELHI,21 Jul 2026,1
2026-06-22 17:16:07,Consular,NEW DELHI,21 Jul 2026,1
2026-06-22 17:16:58,Consular,NEW DELHI,21 Jul 2026,1
2026-06-22 17:19:26,Consular,NEW DELHI,21 Jul 2026,1
2026-06-22 17:23:07,Consular,NEW DELHI,21 Jul 2026,1
2026-06-22 17:23:27,Consular,CHENNAI,21 Jul 2026,1
2026-06-22 17:23:48,Consular,NEW DELHI,21 Jul 2026,1
2026-06-22 17:24:08,Consular,NEW DELHI,21 Jul 2026,1
2026-06-22 17:24:25,Consular,CHENNAI,21 Jul 2026,1
2026-06-22 17:24:46,Consular,NEW DELHI,21 Jul 2026,1
2026-06-22 17:26:04,OFC,MUMBAI VAC,28 Jun 2026,1
2026-06-22 17:26:23,Consular,CHENNAI,21 Jul 2026,1
2026-06-22 17:26:23,OFC,MUMBAI VAC,28 Jun 2026,1
2026-06-22 17:41:03,Consular,NEW DELHI,21 Jul 2026,1
2026-06-22 17:41:24,Consular,NEW DELHI,21 Jul 2026,1
2026-06-22 17:41:40,Consular,NEW DELHI,21 Jul 2026,1
2026-06-22 17:44:25,Consular,NEW DELHI,21 Jul 2026,1
2026-06-22 17:44:44,Consular,NEW DELHI,21 Jul 2026,1
2026-06-22 17:45:00,Consular,CHENNAI,17 Jul 2026,2
2026-06-22 17:45:00,Consular,NEW DELHI,21 Jul 2026,1
2026-06-22 17:45:19,Consular,NEW DELHI,21 Jul 2026,1
2026-06-22 17:45:37,Consular,NEW DELHI,21 Jul 2026,1
2026-06-22 17:47:09,Consular,NEW DELHI,21 Jul 2026,1
2026-06-22 17:47:29,Consular,NEW DELHI,21 Jul 2026,1
2026-06-22 17:48:39,Consular,NEW DELHI,21 Jul 2026,1
2026-06-22 17:49:00,Consular,NEW DELHI,21 Jul 2026,1
2026-06-22 17:49:15,Consular,NEW DELHI,21 Jul 2026,1
2026-06-22 17:49:35,Consular,NEW DELHI,21 Jul 2026,1
2026-06-22 17:49:54,Consular,NEW DELHI,21 Jul 2026,1
2026-06-22 17:50:14,Consular,NEW DELHI,21 Jul 2026,1
2026-06-22 17:50:33,Consular,NEW DELHI,21 Jul 2026,1
2026-06-22 17:50:52,Consular,NEW DELHI,21 Jul 2026,1
2026-06-22 17:51:10,Consular,NEW DELHI,21 Jul 2026,1
2026-06-22 17:51:27,Consular,NEW DELHI,21 Jul 2026,1
2026-06-22 17:51:46,Consular,NEW DELHI,21 Jul 2026,1
2026-06-22 17:52:04,Consular,NEW DELHI,21 Jul 2026,1
2026-06-22 17:53:52,Consular,CHENNAI,21 Jul 2026,1
2026-06-22 17:54:11,Consular,NEW DELHI,21 Jul 2026,1
2026-06-22 17:54:30,Consular,CHENNAI,21 Jul 2026,1
2026-06-22 17:54:30,Consular,NEW DELHI,21 Jul 2026,1
2026-06-22 17:54:53,Consular,NEW DELHI,21 Jul 2026,1
2026-06-22 17:55:08,Consular,NEW DELHI,21 Jul 2026,1
2026-06-22 17:55:21,Consular,NEW DELHI,21 Jul 2026,1
2026-06-22 17:55:33,Consular,NEW DELHI,21 Jul 2026,1
2026-06-22 17:55:45,Consular,CHENNAI,21 Jul 2026,1
2026-06-22 17:55:45,Consular,NEW DELHI,21 Jul 2026,1
2026-06-22 17:55:57,Consular,CHENNAI,21 Jul 2026,1
2026-06-22 17:55:57,OFC,HYDERABAD VAC,28 Jun 2026,1
2026-06-22 17:55:57,Consular,NEW DELHI,21 Jul 2026,1
2026-06-22 17:56:27,Consular,NEW DELHI,21 Jul 2026,1
2026-06-22 17:58:01,Consular,NEW DELHI,21 Jul 2026,1
2026-06-22 17:59:20,Consular,CHENNAI,21 Jul 2026,1
2026-06-22 18:00:30,OFC,NEW DELHI VAC,24 Jun 2026,1
2026-06-22 18:00:43,Consular,NEW DELHI,21 Jul 2026,1
2026-06-22 18:00:59,Consular,NEW DELHI,21 Jul 2026,1
2026-06-22 18:01:13,Consular,NEW DELHI,21 Jul 2026,1
2026-06-22 18:10:25,Consular,CHENNAI,21 Jul 2026,1
2026-06-22 18:10:33,Consular,CHENNAI,21 Jul 2026,1
2026-06-22 18:11:30,Consular,NEW DELHI,21 Jul 2026,1
2026-06-22 18:11:40,Consular,NEW DELHI,21 Jul 2026,1
2026-06-22 18:11:51,Consular,CHENNAI,21 Jul 2026,1
2026-06-22 18:11:51,Consular,NEW DELHI,21 Jul 2026,1
2026-06-22 18:12:01,Consular,CHENNAI,21 Jul 2026,1
2026-06-22 18:12:01,Consular,NEW DELHI,21 Jul 2026,1
2026-06-22 18:12:10,Consular,CHENNAI,21 Jul 2026,1
2026-06-22 18:12:10,Consular,NEW DELHI,21 Jul 2026,1
2026-06-22 18:12:21,Consular,CHENNAI,21 Jul 2026,1
2026-06-22 18:12:21,Consular,NEW DELHI,21 Jul 2026,1
2026-06-22 18:12:31,Consular,CHENNAI,21 Jul 2026,1
2026-06-22 18:12:31,Consular,NEW DELHI,21 Jul 2026,1
2026-06-22 18:12:44,Consular,CHENNAI,21 Jul 2026,1
2026-06-22 18:12:44,Consular,NEW DELHI,21 Jul 2026,1
2026-06-22 18:12:52,Consular,NEW DELHI,21 Jul 2026,1
2026-06-22 18:13:44,Consular,CHENNAI,21 Jul 2026,1
2026-06-22 18:13:44,Consular,NEW DELHI,21 Jul 2026,1
2026-06-22 18:13:54,Consular,CHENNAI,21 Jul 2026,1
2026-06-22 18:13:54,Consular,NEW DELHI,21 Jul 2026,1
2026-06-22 18:14:01,Consular,CHENNAI,21 Jul 2026,1
2026-06-22 18:14:01,Consular,NEW DELHI,21 Jul 2026,1
2026-06-22 18:14:16,Consular,CHENNAI,21 Jul 2026,1
2026-06-22 18:14:16,Consular,NEW DELHI,21 Jul 2026,1
2026-06-22 18:15:43,Consular,CHENNAI,21 Jul 2026,1
2026-06-22 18:15:53,Consular,CHENNAI,21 Jul 2026,1
2026-06-22 18:17:22,Consular,NEW DELHI,21 Jul 2026,1
2026-06-22 18:17:37,Consular,CHENNAI,21 Jul 2026,1
2026-06-22 18:17:37,Consular,NEW DELHI,21 Jul 2026,1
2026-06-22 18:17:50,Consular,CHENNAI,21 Jul 2026,1
2026-06-22 18:17:57,Consular,CHENNAI,21 Jul 2026,1
2026-06-22 18:18:04,Consular,CHENNAI,21 Jul 2026,1
2026-06-22 18:18:16,Consular,CHENNAI,21 Jul 2026,1
2026-06-22 18:18:31,Consular,CHENNAI,21 Jul 2026,1
2026-06-22 18:18:41,Consular,CHENNAI,21 Jul 2026,1
2026-06-22 18:18:55,Consular,CHENNAI,21 Jul 2026,1
2026-06-22 18:19:02,Consular,CHENNAI,21 Jul 2026,1
2026-06-22 18:19:09,Consular,CHENNAI,21 Jul 2026,1
2026-06-22 18:19:21,Consular,CHENNAI,21 Jul 2026,1
2026-06-22 18:20:38,Consular,NEW DELHI,21 Jul 2026,1
2026-06-22 18:21:32,Consular,NEW DELHI,21 Jul 2026,1
2026-06-22 18:21:41,Consular,NEW DELHI,21 Jul 2026,1
2026-06-22 18:22:30,Consular,NEW DELHI,21 Jul 2026,1
2026-06-22 18:22:42,Consular,NEW DELHI,21 Jul 2026,1
2026-06-22 18:22:51,Consular,NEW DELHI,21 Jul 2026,1
2026-06-22 18:23:06,Consular,NEW DELHI,21 Jul 2026,1
2026-06-22 18:23:13,Consular,CHENNAI,21 Jul 2026,1
2026-06-22 18:23:13,Consular,NEW DELHI,21 Jul 2026,1
2026-06-22 18:23:21,Consular,CHENNAI,21 Jul 2026,1
2026-06-22 18:23:21,Consular,NEW DELHI,21 Jul 2026,1
2026-06-22 18:23:34,Consular,CHENNAI,21 Jul 2026,1
2026-06-22 18:23:34,Consular,NEW DELHI,21 Jul 2026,1
2026-06-22 18:23:47,Consular,CHENNAI,21 Jul 2026,1
2026-06-22 18:23:47,Consular,NEW DELHI,21 Jul 2026,1
2026-06-22 18:24:02,Consular,CHENNAI,21 Jul 2026,1
2026-06-22 18:24:02,Consular,NEW DELHI,21 Jul 2026,1
2026-06-22 18:24:09,Consular,NEW DELHI,21 Jul 2026,1
2026-06-22 18:24:31,Consular,NEW DELHI,21 Jul 2026,1
2026-06-22 18:24:44,Consular,NEW DELHI,21 Jul 2026,1
2026-06-22 18:24:53,Consular,NEW DELHI,21 Jul 2026,1
2026-06-22 18:25:07,Consular,NEW DELHI,21 Jul 2026,1
2026-06-22 18:25:22,Consular,NEW DELHI,21 Jul 2026,1
2026-06-22 18:25:28,Consular,NEW DELHI,21 Jul 2026,1
2026-06-22 18:25:37,Consular,NEW DELHI,21 Jul 2026,1
2026-06-22 18:25:48,Consular,NEW DELHI,21 Jul 2026,1
2026-06-22 18:25:58,OFC,HYDERABAD VAC,28 Jun 2026,4
2026-06-22 18:25:58,Consular,NEW DELHI,21 Jul 2026,1
2026-06-22 18:26:11,OFC,HYDERABAD VAC,15 Oct 2026,2
2026-06-22 18:26:11,OFC,MUMBAI VAC,28 Jun 2026,1
2026-06-22 18:26:11,Consular,NEW DELHI,21 Jul 2026,4
2026-06-22 18:26:11,OFC,NEW DELHI VAC,23 Oct 2026,1
2026-06-22 18:26:18,OFC,HYDERABAD VAC,15 Oct 2026,2
2026-06-22 18:26:18,Consular,NEW DELHI,21 Jul 2026,4
2026-06-22 18:28:01,Consular,NEW DELHI,21 Jul 2026,4
2026-06-22 18:28:14,Consular,NEW DELHI,21 Jul 2026,4
2026-06-22 18:28:25,Consular,NEW DELHI,21 Jul 2026,4
2026-06-22 18:28:41,Consular,CHENNAI,21 Jul 2026,1
2026-06-22 18:28:51,Consular,CHENNAI,21 Jul 2026,1
2026-06-22 18:28:51,Consular,NEW DELHI,21 Jul 2026,1
2026-06-22 18:29:06,Consular,CHENNAI,21 Jul 2026,1
2026-06-22 18:29:06,Consular,NEW DELHI,21 Jul 2026,1
2026-06-22 18:29:21,Consular,NEW DELHI,21 Jul 2026,1
2026-06-22 18:29:31,Consular,NEW DELHI,21 Jul 2026,1
2026-06-22 18:29:41,Consular,NEW DELHI,21 Jul 2026,1
2026-06-22 18:29:55,Consular,NEW DELHI,21 Jul 2026,1
2026-06-22 18:30:09,Consular,NEW DELHI,21 Jul 2026,1
2026-06-22 18:31:02,Consular,NEW DELHI,08 Jul 2026,2
2026-06-22 18:32:15,Consular,CHENNAI,21 Jul 2026,1
2026-06-22 18:32:15,Consular,NEW DELHI,21 Jul 2026,1
2026-06-22 18:32:24,Consular,NEW DELHI,21 Jul 2026,1
2026-06-22 18:32:33,Consular,NEW DELHI,21 Jul 2026,1
2026-06-22 18:32:45,Consular,NEW DELHI,21 Jul 2026,1
2026-06-22 18:34:13,Consular,CHENNAI,21 Jul 2026,1
2026-06-22 18:34:13,Consular,NEW DELHI,21 Jul 2026,1
2026-06-22 18:34:19,Consular,CHENNAI,21 Jul 2026,1
2026-06-22 18:34:19,Consular,NEW DELHI,21 Jul 2026,1
2026-06-22 18:34:30,Consular,CHENNAI,21 Jul 2026,1
2026-06-22 18:34:30,Consular,NEW DELHI,21 Jul 2026,1
2026-06-22 18:34:44,Consular,NEW DELHI,21 Jul 2026,1
2026-06-22 18:34:56,Consular,CHENNAI,21 Jul 2026,1
2026-06-22 18:34:56,Consular,NEW DELHI,21 Jul 2026,1
2026-06-22 18:35:10,Consular,CHENNAI,21 Jul 2026,1
2026-06-22 18:35:10,Consular,NEW DELHI,21 Jul 2026,1
2026-06-22 18:35:20,Consular,CHENNAI,21 Jul 2026,1
2026-06-22 18:35:20,Consular,NEW DELHI,21 Jul 2026,1
2026-06-22 18:35:32,Consular,CHENNAI,21 Jul 2026,1
2026-06-22 18:35:32,Consular,NEW DELHI,21 Jul 2026,1
2026-06-22 18:35:38,Consular,CHENNAI,21 Jul 2026,1
2026-06-22 18:35:38,Consular,NEW DELHI,21 Jul 2026,1
2026-06-22 18:36:30,Consular,NEW DELHI,21 Jul 2026,1
2026-06-22 18:36:41,Consular,NEW DELHI,21 Jul 2026,4
2026-06-22 18:36:56,Consular,NEW DELHI,21 Jul 2026,4
2026-06-22 18:37:09,Consular,NEW DELHI,21 Jul 2026,4
2026-06-22 18:37:24,Consular,NEW DELHI,21 Jul 2026,4
2026-06-22 18:37:37,Consular,NEW DELHI,21 Jul 2026,4
2026-06-22 18:37:51,Consular,NEW DELHI,21 Jul 2026,4
2026-06-22 18:38:00,Consular,NEW DELHI,21 Jul 2026,4
2026-06-22 18:38:10,Consular,NEW DELHI,21 Jul 2026,4
2026-06-22 18:38:16,Consular,NEW DELHI,21 Jul 2026,4
2026-06-22 18:38:26,Consular,CHENNAI,21 Jul 2026,1
2026-06-22 18:38:26,Consular,NEW DELHI,21 Jul 2026,1
2026-06-22 18:38:34,Consular,CHENNAI,21 Jul 2026,1
2026-06-22 18:38:34,Consular,NEW DELHI,21 Jul 2026,1
2026-06-22 18:40:09,Consular,NEW DELHI,21 Jul 2026,1
2026-06-22 18:40:17,Consular,NEW DELHI,21 Jul 2026,1
2026-06-22 18:40:51,Consular,NEW DELHI,21 Jul 2026,1
2026-06-22 18:41:04,Consular,NEW DELHI,21 Jul 2026,1
2026-06-22 18:41:17,Consular,NEW DELHI,21 Jul 2026,1
2026-06-22 18:41:30,Consular,NEW DELHI,21 Jul 2026,1
2026-06-22 18:41:38,Consular,NEW DELHI,21 Jul 2026,1
2026-06-22 18:41:45,Consular,NEW DELHI,21 Jul 2026,1
2026-06-22 18:41:54,Consular,NEW DELHI,21 Jul 2026,1
2026-06-22 18:42:02,Consular,NEW DELHI,21 Jul 2026,1
2026-06-22 18:42:12,Consular,NEW DELHI,21 Jul 2026,1
2026-06-22 18:42:27,Consular,NEW DELHI,21 Jul 2026,1
2026-06-22 18:42:42,Consular,NEW DELHI,21 Jul 2026,1
2026-06-22 18:42:57,Consular,NEW DELHI,21 Jul 2026,1
2026-06-22 18:43:11,Consular,NEW DELHI,21 Jul 2026,1
2026-06-22 18:43:24,Consular,NEW DELHI,21 Jul 2026,1
2026-06-22 18:43:34,Consular,NEW DELHI,21 Jul 2026,1
2026-06-22 18:43:47,Consular,NEW DELHI,21 Jul 2026,1
2026-06-22 18:43:56,Consular,NEW DELHI,21 Jul 2026,1
2026-06-22 18:44:01,Consular,NEW DELHI,21 Jul 2026,1
2026-06-22 18:44:16,Consular,NEW DELHI,21 Jul 2026,1
2026-06-22 18:44:26,Consular,NEW DELHI,21 Jul 2026,1
2026-06-22 18:44:37,Consular,NEW DELHI,21 Jul 2026,1
2026-06-22 18:44:46,Consular,NEW DELHI,21 Jul 2026,1
2026-06-22 18:46:56,Consular,NEW DELHI,21 Jul 2026,1
2026-06-22 18:47:05,Consular,NEW DELHI,21 Jul 2026,1
2026-06-22 18:47:19,Consular,NEW DELHI,21 Jul 2026,1
2026-06-22 18:47:28,Consular,NEW DELHI,21 Jul 2026,1
2026-06-22 18:47:35,Consular,NEW DELHI,21 Jul 2026,1
2026-06-22 18:47:43,Consular,NEW DELHI,21 Jul 2026,1
2026-06-22 18:47:52,Consular,NEW DELHI,21 Jul 2026,1
2026-06-22 18:48:03,Consular,NEW DELHI,21 Jul 2026,1
2026-06-22 18:48:18,Consular,NEW DELHI,21 Jul 2026,1
2026-06-22 18:48:27,Consular,NEW DELHI,21 Jul 2026,1
2026-06-22 18:48:36,Consular,NEW DELHI,21 Jul 2026,1
2026-06-22 18:48:44,Consular,NEW DELHI,21 Jul 2026,1
2026-06-22 18:48:56,Consular,NEW DELHI,21 Jul 2026,1
2026-06-22 18:49:03,Consular,NEW DELHI,21 Jul 2026,1
2026-06-22 18:49:16,Consular,NEW DELHI,21 Jul 2026,1
2026-06-22 18:55:56,OFC,HYDERABAD VAC,17 Dec 2026,1
2026-06-22 18:55:56,OFC,MUMBAI VAC,28 Dec 2026,1
2026-06-22 18:55:56,OFC,NEW DELHI VAC,08 Jan 2027,1
2026-06-22 18:56:04,OFC,HYDERABAD VAC,17 Dec 2026,1
2026-06-22 18:56:04,OFC,NEW DELHI VAC,08 Jan 2027,1
2026-06-22 18:56:19,OFC,HYDERABAD VAC,28 Jun 2026,1
2026-06-22 18:56:31,Consular,MUMBAI,14 Jan 2027,1
2026-06-22 18:56:43,Consular,MUMBAI,14 Jan 2027,1
2026-06-22 18:56:49,Consular,MUMBAI,14 Jan 2027,1
2026-06-22 18:56:56,OFC,HYDERABAD VAC,28 Jun 2026,1
2026-06-22 18:57:29,Consular,CHENNAI,21 Jul 2026,3
2026-06-22 18:57:36,Consular,CHENNAI,21 Jul 2026,3
2026-06-22 18:57:44,Consular,CHENNAI,21 Jul 2026,3
2026-06-22 19:00:32,OFC,CHENNAI VAC,24 Nov 2026,4
2026-06-22 19:00:32,OFC,HYDERABAD VAC,01 Jul 2026,9
2026-06-22 19:00:32,OFC,KOLKATA VAC,23 Nov 2026,4
2026-06-22 19:00:32,Consular,NEW DELHI,21 Jul 2026,1
2026-06-22 19:00:40,OFC,CHENNAI VAC,04 Dec 2026,2
2026-06-22 19:00:40,OFC,HYDERABAD VAC,23 Nov 2026,8
2026-06-22 19:00:40,OFC,KOLKATA VAC,23 Nov 2026,4
2026-06-22 19:00:47,Consular,CHENNAI,21 Jul 2026,1
2026-06-22 19:00:47,OFC,CHENNAI VAC,04 Dec 2026,2
2026-06-22 19:00:47,OFC,HYDERABAD VAC,23 Nov 2026,8
2026-06-22 19:00:47,OFC,KOLKATA VAC,23 Nov 2026,4
2026-06-22 19:00:47,OFC,MUMBAI VAC,09 Dec 2026,1
2026-06-22 19:00:57,Consular,CHENNAI,21 Jul 2026,1
2026-06-22 19:00:57,OFC,HYDERABAD VAC,23 Nov 2026,8
2026-06-22 19:00:57,OFC,KOLKATA VAC,23 Nov 2026,4
2026-06-22 19:01:06,Consular,CHENNAI,21 Jul 2026,3
2026-06-22 19:08:42,Consular,NEW DELHI,21 Jul 2026,1
2026-06-22 19:08:53,Consular,NEW DELHI,21 Jul 2026,1
2026-06-22 19:09:06,Consular,NEW DELHI,21 Jul 2026,1
2026-06-22 19:09:16,Consular,NEW DELHI,21 Jul 2026,1
2026-06-22 19:09:28,Consular,NEW DELHI,21 Jul 2026,1
2026-06-22 19:09:37,Consular,NEW DELHI,21 Jul 2026,1
2026-06-22 19:11:51,Consular,NEW DELHI,21 Jul 2026,1
2026-06-22 19:11:58,Consular,NEW DELHI,21 Jul 2026,1
2026-06-22 19:12:04,Consular,NEW DELHI,21 Jul 2026,1
2026-06-22 19:12:19,Consular,CHENNAI,21 Jul 2026,1
2026-06-22 19:12:25,Consular,CHENNAI,21 Jul 2026,1
2026-06-22 19:12:34,Consular,CHENNAI,21 Jul 2026,1
2026-06-22 19:12:46,Consular,CHENNAI,21 Jul 2026,1
2026-06-22 19:13:37,Consular,CHENNAI,21 Jul 2026,1
2026-06-22 19:13:37,Consular,NEW DELHI,21 Jul 2026,1
2026-06-22 19:18:04,Consular,CHENNAI,21 Jul 2026,1
2026-06-22 19:18:15,Consular,CHENNAI,21 Jul 2026,1
2026-06-22 19:18:15,Consular,NEW DELHI,21 Jul 2026,1
2026-06-22 19:18:30,Consular,CHENNAI,21 Jul 2026,1
2026-06-22 19:18:30,Consular,NEW DELHI,21 Jul 2026,1
2026-06-22 19:18:42,Consular,CHENNAI,21 Jul 2026,1
2026-06-22 19:18:42,Consular,NEW DELHI,21 Jul 2026,1
2026-06-22 19:18:53,Consular,CHENNAI,21 Jul 2026,1
2026-06-22 19:18:53,Consular,NEW DELHI,21 Jul 2026,1
2026-06-22 19:19:00,Consular,CHENNAI,21 Jul 2026,1
2026-06-22 19:19:00,Consular,NEW DELHI,21 Jul 2026,1
2026-06-22 19:19:06,Consular,CHENNAI,21 Jul 2026,1
2026-06-22 19:19:06,Consular,NEW DELHI,21 Jul 2026,1
2026-06-22 19:19:14,Consular,CHENNAI,21 Jul 2026,1
2026-06-22 19:19:14,Consular,NEW DELHI,21 Jul 2026,1
2026-06-22 19:19:27,Consular,CHENNAI,21 Jul 2026,1
2026-06-22 19:19:27,Consular,NEW DELHI,21 Jul 2026,1
2026-06-22 19:19:41,Consular,NEW DELHI,21 Jul 2026,1
2026-06-22 19:19:52,Consular,NEW DELHI,21 Jul 2026,1
2026-06-22 19:19:52,OFC,NEW DELHI VAC,14 Jul 2026,1
2026-06-22 19:20:07,Consular,NEW DELHI,21 Jul 2026,1
2026-06-22 19:22:09,OFC,NEW DELHI VAC,14 Jul 2026,1
2026-06-22 19:24:00,OFC,NEW DELHI VAC,14 Jul 2026,1
2026-06-22 19:26:15,OFC,MUMBAI VAC,28 Jun 2026,1
2026-06-22 19:26:15,OFC,NEW DELHI VAC,14 Jul 2026,1
2026-06-22 19:30:28,Consular,NEW DELHI,21 Jul 2026,1
2026-06-22 19:30:33,Consular,NEW DELHI,21 Jul 2026,1
2026-06-22 19:30:46,Consular,NEW DELHI,21 Jul 2026,1
2026-06-22 19:31:13,Consular,NEW DELHI,21 Jul 2026,1
2026-06-22 19:32:10,Consular,NEW DELHI,21 Jul 2026,1
2026-06-22 19:32:19,Consular,NEW DELHI,21 Jul 2026,1
2026-06-22 19:32:24,Consular,NEW DELHI,21 Jul 2026,1
2026-06-22 19:32:33,Consular,NEW DELHI,21 Jul 2026,1
2026-06-22 19:32:47,Consular,NEW DELHI,21 Jul 2026,1
2026-06-22 19:32:57,Consular,NEW DELHI,21 Jul 2026,1
2026-06-22 19:33:11,Consular,CHENNAI,21 Jul 2026,1
2026-06-22 19:33:11,Consular,NEW DELHI,21 Jul 2026,1
2026-06-22 19:33:18,Consular,CHENNAI,21 Jul 2026,1
2026-06-22 19:33:18,Consular,NEW DELHI,21 Jul 2026,1
2026-06-22 19:33:27,Consular,CHENNAI,21 Jul 2026,1
2026-06-22 19:33:27,Consular,NEW DELHI,21 Jul 2026,1
2026-06-22 19:33:38,Consular,CHENNAI,21 Jul 2026,1
2026-06-22 19:33:38,Consular,NEW DELHI,21 Jul 2026,1
2026-06-22 19:33:51,Consular,CHENNAI,21 Jul 2026,1
2026-06-22 19:33:51,Consular,NEW DELHI,21 Jul 2026,1
2026-06-22 19:34:45,Consular,CHENNAI,21 Jul 2026,1
2026-06-22 19:34:45,Consular,NEW DELHI,21 Jul 2026,1
2026-06-22 19:34:51,Consular,CHENNAI,21 Jul 2026,1
2026-06-22 19:34:51,Consular,NEW DELHI,21 Jul 2026,1
2026-06-22 19:34:58,Consular,CHENNAI,21 Jul 2026,1
2026-06-22 19:34:58,Consular,NEW DELHI,21 Jul 2026,1
2026-06-22 19:34:58,OFC,NEW DELHI VAC,14 Jul 2026,1
2026-06-22 19:35:54,Consular,CHENNAI,21 Jul 2026,1
2026-06-22 19:35:54,Consular,NEW DELHI,21 Jul 2026,1
2026-06-22 19:36:04,Consular,CHENNAI,21 Jul 2026,1
2026-06-22 19:36:04,Consular,NEW DELHI,21 Jul 2026,1
2026-06-22 19:36:04,OFC,NEW DELHI VAC,15 Jul 2026,1
2026-06-22 19:36:13,Consular,CHENNAI,21 Jul 2026,1
2026-06-22 19:36:13,Consular,NEW DELHI,21 Jul 2026,1
2026-06-22 19:36:21,Consular,CHENNAI,21 Jul 2026,1
2026-06-22 19:36:21,Consular,NEW DELHI,21 Jul 2026,1
2026-06-22 19:37:13,Consular,CHENNAI,21 Jul 2026,1
2026-06-22 19:37:13,Consular,NEW DELHI,21 Jul 2026,1
2026-06-22 19:37:24,Consular,CHENNAI,21 Jul 2026,1
2026-06-22 19:37:24,Consular,NEW DELHI,21 Jul 2026,1
2026-06-22 19:37:32,Consular,CHENNAI,21 Jul 2026,1
2026-06-22 19:37:32,Consular,NEW DELHI,21 Jul 2026,1
2026-06-22 19:37:45,Consular,CHENNAI,21 Jul 2026,1
2026-06-22 19:37:45,Consular,NEW DELHI,21 Jul 2026,1
2026-06-22 19:37:56,Consular,CHENNAI,21 Jul 2026,1
2026-06-22 19:37:56,Consular,NEW DELHI,21 Jul 2026,1
2026-06-22 19:38:07,Consular,CHENNAI,21 Jul 2026,1
2026-06-22 19:38:07,Consular,NEW DELHI,21 Jul 2026,1
2026-06-22 19:38:16,Consular,CHENNAI,21 Jul 2026,1
2026-06-22 19:38:16,Consular,NEW DELHI,21 Jul 2026,1
2026-06-22 19:38:23,Consular,CHENNAI,21 Jul 2026,1
2026-06-22 19:38:23,Consular,NEW DELHI,21 Jul 2026,1
2026-06-22 19:38:34,Consular,CHENNAI,21 Jul 2026,1
2026-06-22 19:38:34,Consular,NEW DELHI,21 Jul 2026,1
2026-06-22 19:38:50,Consular,CHENNAI,21 Jul 2026,1
2026-06-22 19:38:50,Consular,NEW DELHI,21 Jul 2026,1
2026-06-22 19:38:59,Consular,CHENNAI,21 Jul 2026,1
2026-06-22 19:38:59,Consular,NEW DELHI,21 Jul 2026,1
2026-06-22 19:39:13,Consular,CHENNAI,21 Jul 2026,1
2026-06-22 19:39:13,Consular,NEW DELHI,21 Jul 2026,1
2026-06-22 19:39:29,Consular,CHENNAI,21 Jul 2026,1
2026-06-22 19:39:29,Consular,NEW DELHI,21 Jul 2026,1
2026-06-22 19:39:42,Consular,CHENNAI,21 Jul 2026,1
2026-06-22 19:39:42,Consular,NEW DELHI,21 Jul 2026,1
2026-06-22 19:41:18,Consular,CHENNAI,21 Jul 2026,3
2026-06-22 19:41:18,Consular,NEW DELHI,21 Jul 2026,4
2026-06-22 19:41:26,Consular,CHENNAI,21 Jul 2026,3
2026-06-22 19:41:26,Consular,NEW DELHI,21 Jul 2026,4
2026-06-22 19:41:33,Consular,CHENNAI,21 Jul 2026,3
2026-06-22 19:41:33,Consular,NEW DELHI,21 Jul 2026,4
2026-06-22 19:41:39,Consular,CHENNAI,21 Jul 2026,3
2026-06-22 19:41:39,Consular,NEW DELHI,21 Jul 2026,4
2026-06-22 19:41:52,Consular,CHENNAI,21 Jul 2026,3
2026-06-22 19:41:52,Consular,NEW DELHI,21 Jul 2026,4
2026-06-22 19:41:58,Consular,CHENNAI,21 Jul 2026,3
2026-06-22 19:41:58,Consular,NEW DELHI,21 Jul 2026,4
2026-06-22 19:42:06,Consular,CHENNAI,21 Jul 2026,3
2026-06-22 19:42:06,Consular,NEW DELHI,21 Jul 2026,4
2026-06-22 19:42:16,Consular,CHENNAI,21 Jul 2026,3
2026-06-22 19:42:16,Consular,NEW DELHI,21 Jul 2026,4
2026-06-22 19:43:50,Consular,CHENNAI,21 Jul 2026,3
2026-06-22 19:43:50,Consular,NEW DELHI,21 Jul 2026,4
2026-06-22 19:43:59,Consular,CHENNAI,21 Jul 2026,3
2026-06-22 19:43:59,Consular,NEW DELHI,21 Jul 2026,4
2026-06-22 19:44:13,Consular,CHENNAI,21 Jul 2026,3
2026-06-22 19:44:13,Consular,NEW DELHI,21 Jul 2026,4
2026-06-22 19:44:25,Consular,CHENNAI,21 Jul 2026,3
2026-06-22 19:44:25,Consular,NEW DELHI,21 Jul 2026,4
2026-06-22 19:44:25,OFC,NEW DELHI VAC,15 Jul 2026,1
2026-06-22 19:44:33,Consular,CHENNAI,21 Jul 2026,3
2026-06-22 19:44:33,Consular,NEW DELHI,21 Jul 2026,4
2026-06-22 19:44:48,Consular,CHENNAI,21 Jul 2026,3
2026-06-22 19:44:48,Consular,NEW DELHI,21 Jul 2026,4
2026-06-22 19:44:55,Consular,CHENNAI,21 Jul 2026,3
2026-06-22 19:44:55,Consular,NEW DELHI,21 Jul 2026,4
2026-06-22 19:45:09,Consular,CHENNAI,21 Jul 2026,3
2026-06-22 19:45:09,Consular,NEW DELHI,21 Jul 2026,4
2026-06-22 19:45:19,Consular,CHENNAI,21 Jul 2026,3
2026-06-22 19:45:19,Consular,NEW DELHI,21 Jul 2026,4
2026-06-22 19:45:29,Consular,CHENNAI,21 Jul 2026,3
2026-06-22 19:45:29,Consular,NEW DELHI,21 Jul 2026,4
2026-06-22 19:45:34,Consular,CHENNAI,21 Jul 2026,3
2026-06-22 19:45:34,Consular,NEW DELHI,21 Jul 2026,4
2026-06-22 19:45:47,Consular,CHENNAI,21 Jul 2026,3
2026-06-22 19:45:47,Consular,NEW DELHI,21 Jul 2026,4
2026-06-22 19:46:00,Consular,CHENNAI,21 Jul 2026,3
2026-06-22 19:46:00,Consular,NEW DELHI,21 Jul 2026,4
2026-06-22 19:46:00,OFC,NEW DELHI VAC,15 Jul 2026,1
2026-06-22 19:46:08,Consular,CHENNAI,21 Jul 2026,3
2026-06-22 19:46:08,Consular,NEW DELHI,21 Jul 2026,4
2026-06-22 19:46:08,OFC,NEW DELHI VAC,15 Jul 2026,1
2026-06-22 19:46:59,Consular,CHENNAI,21 Jul 2026,3
2026-06-22 19:46:59,Consular,NEW DELHI,21 Jul 2026,4
2026-06-22 19:47:10,Consular,CHENNAI,21 Jul 2026,3
2026-06-22 19:47:10,Consular,NEW DELHI,21 Jul 2026,4
2026-06-22 19:47:20,Consular,CHENNAI,21 Jul 2026,3
2026-06-22 19:47:20,Consular,NEW DELHI,21 Jul 2026,4
2026-06-22 19:47:27,Consular,CHENNAI,21 Jul 2026,3
2026-06-22 19:47:27,Consular,NEW DELHI,21 Jul 2026,4
2026-06-22 19:47:34,Consular,CHENNAI,21 Jul 2026,3
2026-06-22 19:47:34,Consular,NEW DELHI,21 Jul 2026,4
2026-06-22 19:47:43,Consular,CHENNAI,21 Jul 2026,3
2026-06-22 19:47:43,Consular,NEW DELHI,21 Jul 2026,4
2026-06-22 19:47:52,Consular,CHENNAI,21 Jul 2026,3
2026-06-22 19:47:52,Consular,NEW DELHI,21 Jul 2026,4
2026-06-22 19:48:03,Consular,CHENNAI,21 Jul 2026,3
2026-06-22 19:48:03,Consular,NEW DELHI,21 Jul 2026,4
2026-06-22 19:48:17,Consular,CHENNAI,21 Jul 2026,3
2026-06-22 19:48:17,Consular,NEW DELHI,21 Jul 2026,4
2026-06-22 19:50:25,Consular,NEW DELHI,21 Jul 2026,1
2026-06-22 19:50:36,Consular,CHENNAI,21 Jul 2026,1
2026-06-22 19:50:36,Consular,NEW DELHI,21 Jul 2026,1
2026-06-22 19:50:44,Consular,CHENNAI,21 Jul 2026,1
2026-06-22 19:50:44,Consular,NEW DELHI,21 Jul 2026,1
2026-06-22 19:50:59,Consular,CHENNAI,21 Jul 2026,1
2026-06-22 19:50:59,Consular,NEW DELHI,21 Jul 2026,1
2026-06-22 19:51:09,Consular,CHENNAI,21 Jul 2026,1
2026-06-22 19:51:09,Consular,NEW DELHI,21 Jul 2026,1
2026-06-22 19:51:19,Consular,CHENNAI,21 Jul 2026,1
2026-06-22 19:51:19,Consular,NEW DELHI,21 Jul 2026,1
2026-06-22 19:51:19,OFC,NEW DELHI VAC,15 Jul 2026,1
2026-06-22 19:51:33,Consular,CHENNAI,21 Jul 2026,1
2026-06-22 19:51:33,Consular,NEW DELHI,21 Jul 2026,1
2026-06-22 19:51:40,Consular,CHENNAI,21 Jul 2026,1
2026-06-22 19:51:40,Consular,NEW DELHI,21 Jul 2026,1
2026-06-22 19:51:47,Consular,CHENNAI,21 Jul 2026,1
2026-06-22 19:51:47,Consular,NEW DELHI,21 Jul 2026,1
2026-06-22 19:52:41,Consular,CHENNAI,21 Jul 2026,1
2026-06-22 19:52:41,Consular,NEW DELHI,21 Jul 2026,1
2026-06-22 19:52:51,Consular,CHENNAI,21 Jul 2026,1
2026-06-22 19:52:51,Consular,NEW DELHI,21 Jul 2026,1
2026-06-22 19:53:06,Consular,CHENNAI,21 Jul 2026,1
2026-06-22 19:53:06,Consular,NEW DELHI,21 Jul 2026,1
2026-06-22 19:53:15,Consular,CHENNAI,21 Jul 2026,1
2026-06-22 19:53:15,Consular,NEW DELHI,21 Jul 2026,1
2026-06-22 19:53:22,Consular,CHENNAI,21 Jul 2026,1
2026-06-22 19:53:22,Consular,NEW DELHI,21 Jul 2026,1
2026-06-22 19:53:30,Consular,CHENNAI,21 Jul 2026,1
2026-06-22 19:53:30,Consular,NEW DELHI,21 Jul 2026,1
2026-06-22 19:53:41,Consular,CHENNAI,21 Jul 2026,1
2026-06-22 19:53:41,Consular,NEW DELHI,21 Jul 2026,1
2026-06-22 19:53:55,Consular,CHENNAI,21 Jul 2026,1
2026-06-22 19:53:55,Consular,NEW DELHI,21 Jul 2026,1
2026-06-22 19:54:04,Consular,CHENNAI,21 Jul 2026,1
2026-06-22 19:54:04,Consular,NEW DELHI,21 Jul 2026,1
2026-06-22 19:54:18,Consular,CHENNAI,21 Jul 2026,1
2026-06-22 19:54:18,Consular,NEW DELHI,21 Jul 2026,1
2026-06-22 19:54:18,OFC,NEW DELHI VAC,15 Jul 2026,1
2026-06-22 19:54:33,Consular,CHENNAI,21 Jul 2026,1
2026-06-22 19:54:33,Consular,NEW DELHI,21 Jul 2026,1
2026-06-22 19:56:08,Consular,CHENNAI,21 Jul 2026,1
2026-06-22 19:56:08,OFC,HYDERABAD VAC,28 Jun 2026,1
2026-06-22 19:56:08,Consular,NEW DELHI,21 Jul 2026,4
2026-06-22 19:56:20,Consular,CHENNAI,21 Jul 2026,3
2026-06-22 19:56:20,Consular,NEW DELHI,21 Jul 2026,4
2026-06-22 19:56:36,Consular,CHENNAI,21 Jul 2026,3
2026-06-22 19:56:36,Consular,NEW DELHI,21 Jul 2026,4
2026-06-22 19:56:49,Consular,CHENNAI,21 Jul 2026,3
2026-06-22 19:56:49,Consular,NEW DELHI,21 Jul 2026,4
2026-06-22 19:57:04,Consular,CHENNAI,21 Jul 2026,3
2026-06-22 19:57:04,Consular,NEW DELHI,21 Jul 2026,4
2026-06-22 19:57:13,Consular,CHENNAI,21 Jul 2026,3
2026-06-22 19:57:13,Consular,NEW DELHI,21 Jul 2026,4
2026-06-22 19:57:22,Consular,CHENNAI,21 Jul 2026,3
2026-06-22 19:57:22,Consular,NEW DELHI,21 Jul 2026,4
2026-06-22 19:57:31,Consular,CHENNAI,21 Jul 2026,3
2026-06-22 19:57:31,Consular,NEW DELHI,21 Jul 2026,4
2026-06-22 19:57:44,Consular,CHENNAI,21 Jul 2026,3
2026-06-22 19:57:44,Consular,NEW DELHI,21 Jul 2026,4
2026-06-22 19:59:40,Consular,CHENNAI,21 Jul 2026,3
2026-06-22 19:59:50,Consular,CHENNAI,21 Jul 2026,3
2026-06-22 19:59:58,Consular,CHENNAI,21 Jul 2026,3
2026-06-22 20:00:09,Consular,CHENNAI,21 Jul 2026,3
2026-06-22 20:02:25,Consular,NEW DELHI,21 Jul 2026,1
2026-06-22 20:02:39,Consular,NEW DELHI,21 Jul 2026,1
2026-06-22 20:02:39,OFC,NEW DELHI VAC,16 Jul 2026,1
2026-06-22 20:02:48,Consular,NEW DELHI,21 Jul 2026,1
2026-06-22 20:03:01,Consular,NEW DELHI,21 Jul 2026,1
2026-06-22 20:03:15,Consular,NEW DELHI,21 Jul 2026,1
2026-06-22 20:03:15,OFC,NEW DELHI VAC,16 Jul 2026,1
2026-06-22 20:06:46,OFC,NEW DELHI VAC,16 Jul 2026,1
2026-06-22 20:08:20,Consular,CHENNAI,21 Jul 2026,1
2026-06-22 20:08:34,Consular,CHENNAI,21 Jul 2026,1
2026-06-22 20:08:48,Consular,CHENNAI,21 Jul 2026,1
2026-06-22 20:08:56,Consular,CHENNAI,21 Jul 2026,1
2026-06-22 20:10:28,Consular,CHENNAI,21 Jul 2026,1
2026-06-22 20:10:43,Consular,CHENNAI,21 Jul 2026,1
2026-06-22 20:10:55,Consular,CHENNAI,21 Jul 2026,1
2026-06-22 20:11:06,Consular,CHENNAI,21 Jul 2026,1
2026-06-22 20:11:20,Consular,CHENNAI,21 Jul 2026,1
2026-06-22 20:11:32,Consular,CHENNAI,21 Jul 2026,1
2026-06-22 20:11:32,OFC,CHENNAI VAC,15 Jul 2026,1
2026-06-22 20:11:44,Consular,CHENNAI,21 Jul 2026,1
2026-06-22 20:11:44,OFC,CHENNAI VAC,15 Jul 2026,1
2026-06-22 20:11:54,Consular,CHENNAI,21 Jul 2026,1
2026-06-22 20:12:05,Consular,CHENNAI,21 Jul 2026,1
2026-06-22 20:12:14,Consular,CHENNAI,21 Jul 2026,1
2026-06-22 20:12:22,Consular,CHENNAI,21 Jul 2026,1
2026-06-22 20:12:34,Consular,CHENNAI,21 Jul 2026,1
2026-06-22 20:12:43,Consular,CHENNAI,21 Jul 2026,1
2026-06-22 20:12:50,Consular,CHENNAI,21 Jul 2026,1
2026-06-22 20:13:05,Consular,CHENNAI,21 Jul 2026,1
2026-06-22 20:13:11,Consular,CHENNAI,21 Jul 2026,1
2026-06-22 20:14:43,Consular,CHENNAI,21 Jul 2026,1
2026-06-22 20:14:54,Consular,CHENNAI,21 Jul 2026,1
2026-06-22 20:16:25,Consular,CHENNAI,21 Jul 2026,1
2026-06-22 20:16:25,OFC,CHENNAI VAC,15 Jul 2026,1
2026-06-22 20:16:32,Consular,CHENNAI,21 Jul 2026,1
2026-06-22 20:16:42,Consular,CHENNAI,21 Jul 2026,1
2026-06-22 20:16:55,Consular,CHENNAI,21 Jul 2026,1
2026-06-22 20:17:09,Consular,CHENNAI,21 Jul 2026,1
2026-06-22 20:17:21,Consular,CHENNAI,21 Jul 2026,1
2026-06-22 20:17:37,Consular,CHENNAI,21 Jul 2026,1
2026-06-22 20:17:49,Consular,CHENNAI,21 Jul 2026,1
2026-06-22 20:18:03,Consular,CHENNAI,21 Jul 2026,1
2026-06-22 20:18:18,Consular,CHENNAI,21 Jul 2026,1
2026-06-22 20:18:30,Consular,CHENNAI,21 Jul 2026,1
2026-06-22 20:18:38,Consular,CHENNAI,21 Jul 2026,1
2026-06-22 20:18:46,Consular,CHENNAI,21 Jul 2026,1
2026-06-22 20:18:54,Consular,CHENNAI,21 Jul 2026,1
2026-06-22 20:19:02,Consular,CHENNAI,21 Jul 2026,1
2026-06-22 20:19:02,OFC,CHENNAI VAC,15 Jul 2026,1
2026-06-22 20:19:16,Consular,CHENNAI,21 Jul 2026,1
2026-06-22 20:19:16,OFC,CHENNAI VAC,15 Jul 2026,1
2026-06-22 20:19:25,Consular,CHENNAI,21 Jul 2026,1
2026-06-22 20:19:40,Consular,CHENNAI,21 Jul 2026,1
2026-06-22 20:20:35,Consular,CHENNAI,21 Jul 2026,1
2026-06-22 20:20:43,Consular,CHENNAI,21 Jul 2026,1
2026-06-22 20:20:53,Consular,CHENNAI,21 Jul 2026,1
2026-06-22 20:22:21,Consular,CHENNAI,21 Jul 2026,1
2026-06-22 20:22:36,Consular,CHENNAI,21 Jul 2026,1
2026-06-22 20:22:43,Consular,CHENNAI,21 Jul 2026,1
2026-06-22 20:22:51,Consular,CHENNAI,21 Jul 2026,1
2026-06-22 20:22:59,Consular,CHENNAI,21 Jul 2026,1
2026-06-22 20:23:08,Consular,CHENNAI,21 Jul 2026,1
2026-06-22 20:23:55,Consular,CHENNAI,21 Jul 2026,1
2026-06-22 20:24:10,Consular,CHENNAI,21 Jul 2026,1
2026-06-22 20:24:20,Consular,CHENNAI,21 Jul 2026,1
2026-06-22 20:24:28,Consular,CHENNAI,21 Jul 2026,1
2026-06-22 20:24:43,Consular,CHENNAI,21 Jul 2026,1
2026-06-22 20:24:57,Consular,CHENNAI,21 Jul 2026,1
2026-06-22 20:25:08,Consular,CHENNAI,21 Jul 2026,1
2026-06-22 20:25:17,Consular,CHENNAI,21 Jul 2026,1
2026-06-22 20:25:31,Consular,CHENNAI,21 Jul 2026,1
2026-06-22 20:25:45,Consular,CHENNAI,21 Jul 2026,1
2026-06-22 20:25:58,Consular,CHENNAI,21 Jul 2026,1
2026-06-22 20:25:58,OFC,CHENNAI VAC,05 Jan 2027,12
2026-06-22 20:25:58,OFC,NEW DELHI VAC,08 Jan 2027,10
2026-06-22 20:26:07,Consular,CHENNAI,21 Jul 2026,1
2026-06-22 20:26:07,OFC,CHENNAI VAC,05 Jan 2027,12
2026-06-22 20:26:07,OFC,NEW DELHI VAC,15 Jul 2026,10
2026-06-22 20:26:18,Consular,CHENNAI,21 Jul 2026,1
2026-06-22 20:26:18,OFC,CHENNAI VAC,05 Jan 2027,12
2026-06-22 20:26:18,OFC,NEW DELHI VAC,13 Jan 2027,9
2026-06-22 20:26:31,Consular,CHENNAI,21 Jul 2026,1
2026-06-22 20:26:31,OFC,CHENNAI VAC,05 Jan 2027,12
2026-06-22 20:26:31,OFC,NEW DELHI VAC,13 Jan 2027,9
2026-06-22 20:26:44,Consular,CHENNAI,21 Jul 2026,1
2026-06-22 20:26:44,OFC,CHENNAI VAC,05 Jan 2027,12
2026-06-22 20:26:54,Consular,CHENNAI,21 Jul 2026,1
2026-06-22 20:26:54,OFC,NEW DELHI VAC,13 Jan 2027,9
2026-06-22 20:28:20,Consular,CHENNAI,21 Jul 2026,1
2026-06-22 20:28:30,Consular,CHENNAI,21 Jul 2026,1
2026-06-22 20:28:44,Consular,CHENNAI,21 Jul 2026,1
2026-06-22 20:28:44,OFC,CHENNAI VAC,05 Jan 2027,12
2026-06-22 20:28:56,Consular,CHENNAI,21 Jul 2026,1
2026-06-22 20:29:11,Consular,CHENNAI,21 Jul 2026,1
2026-06-22 20:29:20,Consular,CHENNAI,21 Jul 2026,1
2026-06-22 20:29:20,OFC,MUMBAI VAC,28 Jun 2026,1
2026-06-22 20:29:34,Consular,CHENNAI,21 Jul 2026,1
2026-06-22 20:29:42,Consular,CHENNAI,21 Jul 2026,1
2026-06-22 20:29:55,Consular,CHENNAI,21 Jul 2026,1
2026-06-22 20:30:11,Consular,CHENNAI,21 Jul 2026,1
2026-06-22 20:30:17,Consular,CHENNAI,21 Jul 2026,1
2026-06-22 20:30:17,OFC,CHENNAI VAC,05 Jan 2027,12
2026-06-22 20:30:17,OFC,MUMBAI VAC,28 Jun 2026,1
2026-06-22 20:30:30,Consular,CHENNAI,21 Jul 2026,1
2026-06-22 20:30:30,OFC,NEW DELHI VAC,19 Jan 2027,8
2026-06-22 20:30:37,Consular,CHENNAI,21 Jul 2026,1
2026-06-22 20:30:37,OFC,CHENNAI VAC,24 Aug 2026,16
2026-06-22 20:30:37,OFC,NEW DELHI VAC,19 Jan 2027,8
2026-06-22 20:30:50,Consular,CHENNAI,21 Jul 2026,1
2026-06-22 20:30:50,OFC,NEW DELHI VAC,19 Jan 2027,8
2026-06-22 20:31:01,Consular,CHENNAI,21 Jul 2026,1
2026-06-22 20:31:01,OFC,CHENNAI VAC,03 Sep 2026,13
2026-06-22 20:31:01,OFC,NEW DELHI VAC,19 Jan 2027,8
2026-06-22 20:31:13,Consular,CHENNAI,21 Jul 2026,1
2026-06-22 20:31:27,Consular,CHENNAI,21 Jul 2026,1
2026-06-22 20:31:37,Consular,CHENNAI,21 Jul 2026,1
2026-06-22 20:32:10,OFC,CHENNAI VAC,31 Aug 2026,15
2026-06-22 21:00:24,OFC,CHENNAI VAC,24 Jun 2026,1
2026-06-22 21:00:24,OFC,NEW DELHI VAC,21 Sep 2026,1
2026-06-22 21:00:47,Consular,CHENNAI,22 Jul 2026,2
2026-06-22 21:01:02,Consular,CHENNAI,22 Jul 2026,2
2026-06-22 21:01:17,Consular,HYDERABAD,23 Jul 2026,1
2026-06-22 21:01:33,Consular,HYDERABAD,23 Jul 2026,1
2026-06-22 21:01:48,Consular,HYDERABAD,23 Jul 2026,1
2026-06-22 21:02:16,Consular,NEW DELHI,30 Jun 2026,1
2026-06-22 21:03:02,Consular,NEW DELHI,30 Jun 2026,1
2026-06-22 21:03:18,Consular,NEW DELHI,30 Jun 2026,1
2026-06-22 21:03:28,Consular,NEW DELHI,30 Jun 2026,1
2026-06-22 21:03:36,Consular,NEW DELHI,30 Jun 2026,1
2026-06-22 21:05:05,Consular,NEW DELHI,30 Jun 2026,1
2026-06-22 21:05:12,Consular,NEW DELHI,30 Jun 2026,1
2026-06-22 21:05:21,Consular,NEW DELHI,30 Jun 2026,1
2026-06-22 21:05:33,Consular,NEW DELHI,30 Jun 2026,1
2026-06-22 21:05:46,Consular,NEW DELHI,30 Jun 2026,1
2026-06-22 21:06:01,Consular,NEW DELHI,30 Jun 2026,1
2026-06-22 21:06:17,Consular,NEW DELHI,30 Jun 2026,1
2026-06-22 21:06:31,Consular,NEW DELHI,30 Jun 2026,1
2026-06-22 21:06:45,Consular,NEW DELHI,30 Jun 2026,1
2026-06-22 21:06:55,Consular,NEW DELHI,30 Jun 2026,1
2026-06-22 21:07:03,Consular,NEW DELHI,30 Jun 2026,1
2026-06-22 21:07:15,Consular,NEW DELHI,30 Jun 2026,1
2026-06-22 21:07:22,Consular,NEW DELHI,30 Jun 2026,1
2026-06-22 21:07:32,Consular,NEW DELHI,30 Jun 2026,1
2026-06-22 21:07:39,Consular,NEW DELHI,30 Jun 2026,1
2026-06-22 21:07:48,Consular,NEW DELHI,30 Jun 2026,1
2026-06-22 21:08:42,Consular,NEW DELHI,30 Jun 2026,1
2026-06-22 21:08:54,Consular,NEW DELHI,30 Jun 2026,1
2026-06-22 21:09:07,Consular,NEW DELHI,30 Jun 2026,1
2026-06-22 21:09:21,Consular,NEW DELHI,30 Jun 2026,1
2026-06-22 21:09:27,Consular,NEW DELHI,30 Jun 2026,1
2026-06-22 21:09:43,Consular,NEW DELHI,30 Jun 2026,1
2026-06-22 21:10:34,Consular,NEW DELHI,30 Jun 2026,1
2026-06-22 21:10:43,Consular,NEW DELHI,30 Jun 2026,1
2026-06-22 21:10:57,Consular,NEW DELHI,30 Jun 2026,1
2026-06-22 21:11:12,Consular,NEW DELHI,30 Jun 2026,1
2026-06-22 21:11:22,Consular,NEW DELHI,30 Jun 2026,1
2026-06-22 21:11:36,Consular,NEW DELHI,30 Jun 2026,1
2026-06-22 21:11:51,Consular,NEW DELHI,30 Jun 2026,1
2026-06-22 21:12:07,Consular,NEW DELHI,30 Jun 2026,1
2026-06-22 21:12:12,Consular,NEW DELHI,30 Jun 2026,1
2026-06-22 21:12:23,Consular,NEW DELHI,30 Jun 2026,1
2026-06-22 21:12:33,Consular,NEW DELHI,30 Jun 2026,1
2026-06-22 21:12:49,Consular,NEW DELHI,30 Jun 2026,1
2026-06-22 21:12:56,Consular,NEW DELHI,30 Jun 2026,1
2026-06-22 21:13:02,Consular,NEW DELHI,30 Jun 2026,1
2026-06-22 21:13:15,Consular,NEW DELHI,30 Jun 2026,1
2026-06-22 21:13:24,Consular,NEW DELHI,30 Jun 2026,1
2026-06-22 21:13:35,Consular,NEW DELHI,30 Jun 2026,1
2026-06-22 21:15:06,Consular,NEW DELHI,30 Jun 2026,1
2026-06-22 21:26:51,Consular,NEW DELHI,30 Jun 2026,1
2026-06-22 21:27:03,Consular,NEW DELHI,30 Jun 2026,1
2026-06-22 21:27:11,Consular,NEW DELHI,30 Jun 2026,1
2026-06-22 21:27:19,Consular,NEW DELHI,30 Jun 2026,1
2026-06-22 21:27:35,Consular,NEW DELHI,30 Jun 2026,1
2026-06-22 21:27:42,Consular,NEW DELHI,30 Jun 2026,1
2026-06-22 21:27:49,Consular,NEW DELHI,30 Jun 2026,1
2026-06-22 21:28:03,Consular,NEW DELHI,30 Jun 2026,1
2026-06-22 21:28:10,Consular,NEW DELHI,30 Jun 2026,1
2026-06-22 21:28:21,Consular,NEW DELHI,30 Jun 2026,1
2026-06-22 21:28:34,Consular,NEW DELHI,30 Jun 2026,1
2026-06-22 21:28:43,Consular,NEW DELHI,30 Jun 2026,1
2026-06-22 21:28:55,Consular,NEW DELHI,30 Jun 2026,1
2026-06-22 21:30:24,Consular,NEW DELHI,30 Jun 2026,1
2026-06-22 21:30:34,Consular,NEW DELHI,30 Jun 2026,1
2026-06-22 21:32:53,Consular,HYDERABAD,30 Jun 2026,1
2026-06-22 21:33:05,Consular,HYDERABAD,30 Jun 2026,1
2026-06-22 21:33:17,Consular,HYDERABAD,30 Jun 2026,1
2026-06-22 21:33:30,Consular,CHENNAI,21 Jul 2026,1
2026-06-22 21:33:30,Consular,HYDERABAD,30 Jun 2026,1
2026-06-22 21:33:30,Consular,MUMBAI,20 Jul 2026,1
2026-06-22 21:33:43,Consular,CHENNAI,21 Jul 2026,1
2026-06-22 21:33:43,Consular,HYDERABAD,30 Jun 2026,1
2026-06-22 21:33:43,Consular,MUMBAI,20 Jul 2026,1
2026-06-22 21:33:58,Consular,CHENNAI,21 Jul 2026,1
2026-06-22 21:33:58,Consular,MUMBAI,20 Jul 2026,1
2026-06-22 21:34:08,Consular,CHENNAI,21 Jul 2026,1
2026-06-22 21:34:08,Consular,MUMBAI,20 Jul 2026,1
2026-06-22 21:34:16,Consular,CHENNAI,21 Jul 2026,1
2026-06-22 21:34:16,Consular,MUMBAI,20 Jul 2026,1
2026-06-22 21:34:31,Consular,CHENNAI,21 Jul 2026,1
2026-06-22 21:34:31,Consular,MUMBAI,20 Jul 2026,1
2026-06-22 21:34:42,Consular,CHENNAI,21 Jul 2026,1
2026-06-22 21:34:42,Consular,MUMBAI,20 Jul 2026,1
2026-06-22 21:34:57,Consular,CHENNAI,21 Jul 2026,1
2026-06-22 21:34:57,Consular,MUMBAI,20 Jul 2026,1
2026-06-22 21:35:05,Consular,CHENNAI,21 Jul 2026,1
2026-06-22 21:35:05,Consular,MUMBAI,20 Jul 2026,1
2026-06-22 21:35:12,Consular,CHENNAI,21 Jul 2026,1
2026-06-22 21:35:12,Consular,MUMBAI,20 Jul 2026,1
2026-06-22 21:35:21,Consular,MUMBAI,20 Jul 2026,1
2026-06-22 21:35:36,Consular,MUMBAI,20 Jul 2026,1
2026-06-22 21:35:43,Consular,MUMBAI,20 Jul 2026,1
2026-06-22 21:35:53,Consular,MUMBAI,20 Jul 2026,1
2026-06-22 21:36:40,Consular,MUMBAI,20 Jul 2026,1
2026-06-22 21:36:51,Consular,MUMBAI,20 Jul 2026,1
2026-06-22 21:36:57,Consular,MUMBAI,20 Jul 2026,1
2026-06-22 21:37:09,Consular,MUMBAI,20 Jul 2026,1
2026-06-22 21:59:19,Consular,CHENNAI,21 Jul 2026,1
2026-06-22 21:59:25,Consular,CHENNAI,21 Jul 2026,1
2026-06-22 21:59:40,Consular,CHENNAI,21 Jul 2026,1
2026-06-22 21:59:51,Consular,CHENNAI,21 Jul 2026,1
2026-06-22 22:00:04,Consular,CHENNAI,21 Jul 2026,1
2026-06-22 22:00:16,Consular,CHENNAI,21 Jul 2026,1
2026-06-22 22:00:16,OFC,CHENNAI VAC,31 Jul 2026,11
2026-06-22 22:00:16,OFC,HYDERABAD VAC,08 Dec 2026,1
2026-06-22 22:00:16,OFC,MUMBAI VAC,28 Dec 2026,1
2026-06-22 22:00:25,Consular,CHENNAI,21 Jul 2026,1
2026-06-22 22:00:25,OFC,CHENNAI VAC,31 Jul 2026,11
2026-06-22 22:00:25,OFC,KOLKATA VAC,23 Nov 2026,4
2026-06-22 22:00:25,OFC,MUMBAI VAC,28 Dec 2026,1
2026-06-22 22:00:36,Consular,CHENNAI,21 Jul 2026,1
2026-06-22 22:00:36,OFC,CHENNAI VAC,31 Jul 2026,11
2026-06-22 22:00:36,OFC,HYDERABAD VAC,23 Nov 2026,8
2026-06-22 22:00:36,OFC,KOLKATA VAC,23 Nov 2026,4
2026-06-22 22:00:36,OFC,NEW DELHI VAC,01 Dec 2026,2
2026-06-22 22:00:46,Consular,CHENNAI,21 Jul 2026,1
2026-06-22 22:00:46,OFC,HYDERABAD VAC,23 Nov 2026,8
2026-06-22 22:00:46,Consular,NEW DELHI,10 Aug 2026,3
2026-06-22 22:00:46,OFC,NEW DELHI VAC,01 Dec 2026,2
2026-06-22 22:01:01,Consular,CHENNAI,21 Jul 2026,1
2026-06-22 22:01:01,OFC,CHENNAI VAC,24 Nov 2026,4
2026-06-22 22:01:01,OFC,HYDERABAD VAC,23 Nov 2026,8
2026-06-22 22:01:01,Consular,NEW DELHI,10 Aug 2026,3
2026-06-22 22:01:16,OFC,CHENNAI VAC,04 Dec 2026,2
2026-06-22 22:01:16,OFC,HYDERABAD VAC,23 Nov 2026,8
2026-06-22 22:01:16,Consular,NEW DELHI,10 Aug 2026,3
2026-06-22 22:01:16,OFC,NEW DELHI VAC,01 Dec 2026,2
2026-06-22 22:02:09,OFC,KOLKATA VAC,23 Nov 2026,4
2026-06-22 22:02:18,OFC,KOLKATA VAC,23 Nov 2026,4
2026-06-22 22:02:24,OFC,KOLKATA VAC,23 Nov 2026,4
2026-06-22 22:02:33,OFC,KOLKATA VAC,23 Nov 2026,4
2026-06-22 22:04:50,Consular,CHENNAI,21 Jul 2026,1
2026-06-22 22:05:05,Consular,CHENNAI,21 Jul 2026,1
2026-06-22 22:05:13,Consular,CHENNAI,21 Jul 2026,1
2026-06-22 22:05:25,Consular,CHENNAI,21 Jul 2026,1
2026-06-22 22:05:35,Consular,CHENNAI,21 Jul 2026,1
2026-06-22 22:05:45,Consular,CHENNAI,21 Jul 2026,1
2026-06-22 22:05:54,Consular,CHENNAI,21 Jul 2026,1
2026-06-22 22:06:02,Consular,CHENNAI,21 Jul 2026,1
2026-06-22 22:06:10,Consular,CHENNAI,21 Jul 2026,1
2026-06-22 22:06:24,Consular,CHENNAI,21 Jul 2026,1
2026-06-22 22:06:31,Consular,CHENNAI,21 Jul 2026,1
2026-06-22 22:19:06,Consular,KOLKATA,17 Jul 2026,1
2026-06-22 22:19:21,Consular,KOLKATA,17 Jul 2026,1
2026-06-22 22:19:21,OFC,NEW DELHI VAC,15 Jul 2026,1
2026-06-22 22:19:32,Consular,KOLKATA,17 Jul 2026,1
2026-06-22 22:19:43,Consular,KOLKATA,17 Jul 2026,1
2026-06-22 22:19:57,Consular,KOLKATA,17 Jul 2026,1
2026-06-22 22:20:13,Consular,KOLKATA,17 Jul 2026,1
2026-06-22 22:20:23,Consular,KOLKATA,17 Jul 2026,1
2026-06-22 22:20:31,Consular,KOLKATA,17 Jul 2026,1
2026-06-22 22:20:41,Consular,KOLKATA,17 Jul 2026,1
2026-06-22 22:22:53,Consular,KOLKATA,17 Jul 2026,1
2026-06-22 22:23:04,Consular,KOLKATA,17 Jul 2026,1
2026-06-22 22:23:12,Consular,KOLKATA,17 Jul 2026,1
2026-06-22 22:23:25,Consular,KOLKATA,17 Jul 2026,1
2026-06-22 22:23:37,Consular,KOLKATA,17 Jul 2026,1
2026-06-22 22:23:52,Consular,KOLKATA,17 Jul 2026,1
2026-06-22 22:24:02,Consular,KOLKATA,17 Jul 2026,1
2026-06-22 22:24:13,Consular,KOLKATA,17 Jul 2026,1
2026-06-22 22:24:21,Consular,KOLKATA,17 Jul 2026,1
2026-06-22 22:24:28,Consular,KOLKATA,17 Jul 2026,1
2026-06-22 22:24:36,Consular,KOLKATA,17 Jul 2026,1
2026-06-22 22:24:42,Consular,KOLKATA,17 Jul 2026,1
2026-06-22 22:24:52,Consular,KOLKATA,17 Jul 2026,1
2026-06-22 22:24:58,Consular,KOLKATA,17 Jul 2026,1
2026-06-22 22:25:14,Consular,KOLKATA,17 Jul 2026,1
2026-06-22 22:25:26,Consular,KOLKATA,17 Jul 2026,1
2026-06-22 22:25:38,Consular,KOLKATA,17 Jul 2026,1
2026-06-22 22:25:49,OFC,CHENNAI VAC,04 Nov 2026,2
2026-06-22 22:25:49,Consular,KOLKATA,17 Jul 2026,1
2026-06-22 22:25:49,OFC,NEW DELHI VAC,23 Oct 2026,1
2026-06-22 22:25:57,OFC,CHENNAI VAC,04 Nov 2026,2
2026-06-22 22:25:57,OFC,HYDERABAD VAC,26 Oct 2026,12
2026-06-22 22:25:57,Consular,KOLKATA,17 Jul 2026,1
2026-06-22 22:25:57,OFC,MUMBAI VAC,18 Nov 2026,1
2026-06-22 22:25:57,OFC,NEW DELHI VAC,23 Oct 2026,1
2026-06-22 22:27:27,OFC,HYDERABAD VAC,03 Nov 2026,10
2026-06-22 22:27:27,OFC,KOLKATA VAC,27 Oct 2026,6
2026-06-22 22:27:39,OFC,HYDERABAD VAC,03 Nov 2026,10
2026-06-22 22:27:39,OFC,NEW DELHI VAC,15 Jul 2026,1
2026-06-22 22:29:11,OFC,HYDERABAD VAC,05 Nov 2026,8
2026-06-22 22:29:11,OFC,KOLKATA VAC,09 Nov 2026,5
2026-06-22 22:29:18,OFC,HYDERABAD VAC,05 Nov 2026,8
2026-06-22 22:29:18,OFC,KOLKATA VAC,09 Nov 2026,5
2026-06-22 22:29:25,OFC,HYDERABAD VAC,05 Nov 2026,8
2026-06-22 22:29:25,OFC,KOLKATA VAC,09 Nov 2026,5
2026-06-22 22:29:35,OFC,HYDERABAD VAC,05 Nov 2026,8
2026-06-22 22:29:35,OFC,KOLKATA VAC,09 Nov 2026,5
2026-06-22 22:29:35,OFC,NEW DELHI VAC,15 Jul 2026,1
2026-06-22 22:29:48,OFC,HYDERABAD VAC,05 Nov 2026,8
2026-06-22 22:29:48,OFC,KOLKATA VAC,09 Nov 2026,5
2026-06-22 22:30:01,OFC,HYDERABAD VAC,05 Nov 2026,8
2026-06-22 22:30:01,OFC,KOLKATA VAC,09 Nov 2026,5
2026-06-22 22:30:10,OFC,KOLKATA VAC,09 Nov 2026,5
2026-06-22 22:30:17,OFC,HYDERABAD VAC,17 Aug 2026,9
2026-06-22 22:30:17,OFC,KOLKATA VAC,09 Nov 2026,5
2026-06-22 22:30:31,OFC,HYDERABAD VAC,05 Nov 2026,8
2026-06-22 22:30:31,OFC,KOLKATA VAC,09 Nov 2026,5
2026-06-22 22:30:31,OFC,NEW DELHI VAC,16 Jul 2026,1
2026-06-22 22:30:38,OFC,CHENNAI VAC,13 Aug 2026,4
2026-06-22 22:30:38,OFC,HYDERABAD VAC,05 Nov 2026,8
2026-06-22 22:30:38,OFC,KOLKATA VAC,09 Nov 2026,5
2026-06-22 22:30:38,Consular,MUMBAI,10 Sep 2026,1
2026-06-22 22:30:38,OFC,NEW DELHI VAC,16 Jul 2026,2
2026-06-22 22:30:45,OFC,CHENNAI VAC,13 Aug 2026,4
2026-06-22 22:30:45,OFC,HYDERABAD VAC,05 Nov 2026,8
2026-06-22 22:30:45,Consular,NEW DELHI,12 Aug 2026,2
2026-06-22 22:30:55,Consular,NEW DELHI,12 Aug 2026,2
2026-06-22 22:31:07,OFC,HYDERABAD VAC,05 Nov 2026,8
2026-06-22 22:31:07,Consular,MUMBAI,14 Jul 2026,1
2026-06-22 22:31:16,OFC,HYDERABAD VAC,05 Nov 2026,8
2026-06-22 22:31:16,Consular,MUMBAI,14 Jul 2026,1
2026-06-22 22:31:16,Consular,NEW DELHI,17 Jul 2026,1
2026-06-22 22:31:24,OFC,HYDERABAD VAC,05 Nov 2026,8
2026-06-22 22:31:24,Consular,KOLKATA,17 Jul 2026,1
2026-06-22 22:31:24,Consular,NEW DELHI,17 Jul 2026,1
2026-06-22 22:31:37,OFC,HYDERABAD VAC,05 Nov 2026,8
2026-06-22 22:31:37,Consular,KOLKATA,17 Jul 2026,1
2026-06-22 22:31:37,OFC,KOLKATA VAC,12 Nov 2026,3
2026-06-22 22:33:49,Consular,NEW DELHI,22 Jul 2026,6
2026-06-22 22:33:57,Consular,NEW DELHI,22 Jul 2026,6
2026-06-22 22:34:12,Consular,HYDERABAD,16 Jul 2026,2
2026-06-22 22:34:12,Consular,NEW DELHI,22 Jul 2026,6
2026-06-22 22:34:19,Consular,HYDERABAD,16 Jul 2026,2
2026-06-22 22:34:19,Consular,NEW DELHI,22 Jul 2026,6
2026-06-22 22:35:14,Consular,HYDERABAD,16 Jul 2026,2
2026-06-22 22:35:14,OFC,NEW DELHI VAC,16 Jul 2026,1
2026-06-22 22:35:56,OFC,NEW DELHI VAC,16 Jul 2026,1
2026-06-22 22:36:07,OFC,NEW DELHI VAC,16 Jul 2026,1
2026-06-22 22:36:39,Consular,NEW DELHI,17 Jul 2026,1
2026-06-22 22:36:51,Consular,NEW DELHI,17 Jul 2026,1
2026-06-22 22:39:00,Consular,MUMBAI,14 Jul 2026,1
2026-06-22 22:39:09,Consular,MUMBAI,14 Jul 2026,1
2026-06-22 22:39:24,Consular,MUMBAI,14 Jul 2026,1
2026-06-22 22:39:30,Consular,MUMBAI,14 Jul 2026,1
2026-06-22 22:39:45,Consular,MUMBAI,14 Jul 2026,1
2026-06-22 22:39:51,Consular,MUMBAI,14 Jul 2026,1
2026-06-22 22:40:47,Consular,KOLKATA,17 Jul 2026,1
2026-06-22 22:40:47,Consular,MUMBAI,14 Jul 2026,1
2026-06-22 22:41:02,Consular,KOLKATA,17 Jul 2026,1
2026-06-22 22:41:02,Consular,MUMBAI,14 Jul 2026,1
2026-06-22 22:41:09,Consular,KOLKATA,17 Jul 2026,1
2026-06-22 22:41:09,Consular,MUMBAI,14 Jul 2026,1
2026-06-22 22:41:09,OFC,NEW DELHI VAC,17 Jul 2026,1
2026-06-22 22:41:22,Consular,KOLKATA,17 Jul 2026,1
2026-06-22 22:41:22,Consular,MUMBAI,14 Jul 2026,1
2026-06-22 22:41:22,OFC,NEW DELHI VAC,17 Jul 2026,1
2026-06-22 22:41:34,Consular,KOLKATA,17 Jul 2026,1
2026-06-22 22:41:34,Consular,MUMBAI,14 Jul 2026,1
2026-06-22 22:41:41,Consular,KOLKATA,17 Jul 2026,1
2026-06-22 22:41:41,Consular,MUMBAI,14 Jul 2026,1
2026-06-22 22:41:51,Consular,KOLKATA,17 Jul 2026,1
2026-06-22 22:41:51,Consular,MUMBAI,14 Jul 2026,1
2026-06-22 22:42:05,Consular,KOLKATA,17 Jul 2026,1
2026-06-22 22:42:05,Consular,MUMBAI,14 Jul 2026,1
2026-06-22 22:42:11,Consular,KOLKATA,17 Jul 2026,1
2026-06-22 22:42:11,Consular,MUMBAI,14 Jul 2026,1
2026-06-22 22:42:24,Consular,KOLKATA,17 Jul 2026,1
2026-06-22 22:42:24,Consular,MUMBAI,14 Jul 2026,1
2026-06-22 22:42:35,Consular,KOLKATA,17 Jul 2026,1
2026-06-22 22:42:35,Consular,MUMBAI,14 Jul 2026,1
2026-06-22 22:42:41,Consular,KOLKATA,17 Jul 2026,1
2026-06-22 22:42:41,Consular,MUMBAI,14 Jul 2026,1
2026-06-22 22:42:48,Consular,KOLKATA,17 Jul 2026,1
2026-06-22 22:42:48,Consular,MUMBAI,14 Jul 2026,1
2026-06-22 22:42:48,OFC,NEW DELHI VAC,17 Jul 2026,1
2026-06-22 22:43:02,Consular,KOLKATA,17 Jul 2026,1
2026-06-22 22:43:02,Consular,MUMBAI,14 Jul 2026,1
2026-06-22 22:43:10,Consular,KOLKATA,17 Jul 2026,1
2026-06-22 22:43:10,Consular,MUMBAI,14 Jul 2026,1
2026-06-22 22:43:17,Consular,KOLKATA,17 Jul 2026,1
2026-06-22 22:43:17,Consular,MUMBAI,14 Jul 2026,1
2026-06-22 22:44:50,Consular,HYDERABAD,16 Jul 2026,2
2026-06-22 22:44:50,Consular,KOLKATA,17 Jul 2026,1
2026-06-22 22:44:50,Consular,MUMBAI,14 Jul 2026,1
2026-06-22 22:44:56,Consular,HYDERABAD,16 Jul 2026,2
2026-06-22 22:44:56,Consular,KOLKATA,17 Jul 2026,1
2026-06-22 22:44:56,Consular,MUMBAI,14 Jul 2026,1
2026-06-22 22:45:03,Consular,HYDERABAD,16 Jul 2026,2
2026-06-22 22:45:03,Consular,KOLKATA,17 Jul 2026,1
2026-06-22 22:45:03,Consular,MUMBAI,14 Jul 2026,1
2026-06-22 22:45:15,Consular,HYDERABAD,16 Jul 2026,2
2026-06-22 22:45:15,Consular,KOLKATA,17 Jul 2026,1
2026-06-22 22:45:15,Consular,MUMBAI,14 Jul 2026,1
2026-06-22 22:46:01,Consular,HYDERABAD,16 Jul 2026,2
2026-06-22 22:46:01,Consular,KOLKATA,17 Jul 2026,1
2026-06-22 22:46:01,Consular,MUMBAI,14 Jul 2026,1
2026-06-22 22:46:50,Consular,HYDERABAD,16 Jul 2026,2
2026-06-22 22:46:50,Consular,KOLKATA,17 Jul 2026,1
2026-06-22 22:46:50,Consular,MUMBAI,14 Jul 2026,1
2026-06-22 22:46:58,Consular,HYDERABAD,16 Jul 2026,2
2026-06-22 22:46:58,Consular,KOLKATA,17 Jul 2026,1
2026-06-22 22:46:58,Consular,MUMBAI,14 Jul 2026,1
2026-06-22 22:47:05,Consular,HYDERABAD,16 Jul 2026,2
2026-06-22 22:47:05,Consular,KOLKATA,17 Jul 2026,1
2026-06-22 22:47:05,Consular,MUMBAI,14 Jul 2026,1
2026-06-22 22:47:05,OFC,NEW DELHI VAC,17 Jul 2026,1
2026-06-22 22:47:14,Consular,HYDERABAD,16 Jul 2026,2
2026-06-22 22:47:14,Consular,KOLKATA,17 Jul 2026,1
2026-06-22 22:47:14,Consular,MUMBAI,14 Jul 2026,1
2026-06-22 22:47:14,OFC,NEW DELHI VAC,17 Jul 2026,1
2026-06-22 22:47:30,Consular,HYDERABAD,16 Jul 2026,2
2026-06-22 22:47:30,Consular,KOLKATA,17 Jul 2026,1
2026-06-22 22:47:30,Consular,MUMBAI,14 Jul 2026,1
2026-06-22 22:47:37,Consular,HYDERABAD,16 Jul 2026,2
2026-06-22 22:47:37,Consular,KOLKATA,17 Jul 2026,1
2026-06-22 22:47:37,Consular,MUMBAI,14 Jul 2026,1
2026-06-22 22:47:47,Consular,HYDERABAD,16 Jul 2026,2
2026-06-22 22:47:47,Consular,KOLKATA,17 Jul 2026,1
2026-06-22 22:47:47,Consular,MUMBAI,14 Jul 2026,1
2026-06-22 22:47:59,Consular,HYDERABAD,16 Jul 2026,2
2026-06-22 22:47:59,Consular,KOLKATA,17 Jul 2026,1
2026-06-22 22:47:59,Consular,MUMBAI,14 Jul 2026,1
2026-06-22 22:47:59,OFC,NEW DELHI VAC,17 Jul 2026,1
2026-06-22 22:48:11,Consular,HYDERABAD,16 Jul 2026,2
2026-06-22 22:48:11,Consular,KOLKATA,17 Jul 2026,1
2026-06-22 22:48:11,Consular,MUMBAI,14 Jul 2026,1
2026-06-22 22:48:22,Consular,HYDERABAD,16 Jul 2026,2
2026-06-22 22:48:22,Consular,KOLKATA,17 Jul 2026,1
2026-06-22 22:48:22,Consular,MUMBAI,14 Jul 2026,1
2026-06-22 22:48:30,Consular,HYDERABAD,16 Jul 2026,2
2026-06-22 22:48:30,Consular,KOLKATA,17 Jul 2026,1
2026-06-22 22:48:30,Consular,MUMBAI,14 Jul 2026,1
2026-06-22 22:48:38,Consular,HYDERABAD,16 Jul 2026,2
2026-06-22 22:48:38,Consular,KOLKATA,17 Jul 2026,1
2026-06-22 22:48:38,Consular,MUMBAI,14 Jul 2026,1
2026-06-22 22:48:48,Consular,HYDERABAD,16 Jul 2026,2
2026-06-22 22:48:48,Consular,KOLKATA,17 Jul 2026,1
2026-06-22 22:48:48,Consular,MUMBAI,14 Jul 2026,1
2026-06-22 22:48:56,Consular,HYDERABAD,16 Jul 2026,2
2026-06-22 22:48:56,Consular,KOLKATA,17 Jul 2026,1
2026-06-22 22:48:56,Consular,MUMBAI,14 Jul 2026,1
2026-06-22 22:49:03,Consular,HYDERABAD,16 Jul 2026,2
2026-06-22 22:49:03,Consular,KOLKATA,17 Jul 2026,1
2026-06-22 22:49:03,Consular,MUMBAI,14 Jul 2026,1
2026-06-22 22:49:14,Consular,HYDERABAD,16 Jul 2026,2
2026-06-22 22:49:14,Consular,KOLKATA,17 Jul 2026,1
2026-06-22 22:49:14,Consular,MUMBAI,14 Jul 2026,1
2026-06-22 22:49:25,Consular,HYDERABAD,16 Jul 2026,2
2026-06-22 22:49:25,Consular,KOLKATA,17 Jul 2026,1
2026-06-22 22:49:25,Consular,MUMBAI,14 Jul 2026,1
2026-06-22 22:50:57,Consular,HYDERABAD,21 Jul 2026,1
2026-06-22 22:50:57,Consular,KOLKATA,17 Jul 2026,1
2026-06-22 22:50:57,Consular,MUMBAI,14 Jul 2026,1
2026-06-22 22:50:57,OFC,NEW DELHI VAC,17 Jul 2026,1
2026-06-22 22:51:07,Consular,HYDERABAD,21 Jul 2026,1
2026-06-22 22:51:07,Consular,KOLKATA,17 Jul 2026,1
2026-06-22 22:51:07,Consular,MUMBAI,14 Jul 2026,1
2026-06-22 22:51:07,Consular,NEW DELHI,22 Jul 2026,6
2026-06-22 22:51:15,Consular,HYDERABAD,21 Jul 2026,1
2026-06-22 22:51:15,Consular,KOLKATA,17 Jul 2026,1
2026-06-22 22:51:15,Consular,MUMBAI,14 Jul 2026,1
2026-06-22 22:51:15,Consular,NEW DELHI,22 Jul 2026,6
2026-06-22 22:52:50,Consular,KOLKATA,17 Jul 2026,1
2026-06-22 22:52:50,Consular,MUMBAI,14 Jul 2026,1
2026-06-22 22:52:50,OFC,MUMBAI VAC,16 Jul 2026,1
2026-06-22 22:52:50,Consular,NEW DELHI,22 Jul 2026,5
2026-06-22 22:53:03,Consular,KOLKATA,17 Jul 2026,1
2026-06-22 22:53:03,Consular,NEW DELHI,22 Jul 2026,5
2026-06-22 22:53:18,Consular,KOLKATA,17 Jul 2026,1
2026-06-22 22:53:18,Consular,NEW DELHI,22 Jul 2026,5
2026-06-22 22:53:25,Consular,KOLKATA,17 Jul 2026,1
2026-06-22 22:53:25,Consular,NEW DELHI,22 Jul 2026,5
2026-06-22 22:53:37,Consular,KOLKATA,17 Jul 2026,1
2026-06-22 22:53:37,Consular,NEW DELHI,22 Jul 2026,5
2026-06-22 22:53:48,Consular,KOLKATA,17 Jul 2026,1
2026-06-22 22:53:48,Consular,NEW DELHI,22 Jul 2026,5
2026-06-22 22:53:57,Consular,KOLKATA,17 Jul 2026,1
2026-06-22 22:53:57,Consular,NEW DELHI,22 Jul 2026,5
2026-06-22 22:54:13,Consular,KOLKATA,17 Jul 2026,1
2026-06-22 22:54:13,Consular,NEW DELHI,22 Jul 2026,5
2026-06-22 22:54:25,Consular,KOLKATA,17 Jul 2026,1
2026-06-22 22:54:25,Consular,NEW DELHI,22 Jul 2026,5
2026-06-22 22:54:31,Consular,KOLKATA,17 Jul 2026,1
2026-06-22 22:54:31,Consular,NEW DELHI,22 Jul 2026,5
2026-06-22 22:54:40,Consular,KOLKATA,17 Jul 2026,1
2026-06-22 22:54:40,OFC,NEW DELHI VAC,17 Jul 2026,1
2026-06-22 22:54:49,Consular,KOLKATA,17 Jul 2026,1
2026-06-22 22:54:49,OFC,NEW DELHI VAC,17 Jul 2026,1
2026-06-22 22:54:59,Consular,KOLKATA,17 Jul 2026,1
2026-06-22 22:55:15,Consular,KOLKATA,17 Jul 2026,1
2026-06-22 22:55:24,Consular,KOLKATA,17 Jul 2026,1
2026-06-22 22:55:39,Consular,KOLKATA,17 Jul 2026,1
2026-06-22 22:55:45,Consular,KOLKATA,17 Jul 2026,1
2026-06-22 22:55:55,OFC,CHENNAI VAC,28 Jan 2027,13
2026-06-22 22:55:55,Consular,KOLKATA,17 Jul 2026,1
2026-06-22 22:55:55,OFC,NEW DELHI VAC,13 Jul 2026,9
2026-06-22 22:58:06,Consular,NEW DELHI,17 Jul 2026,1
2026-06-22 22:58:13,Consular,NEW DELHI,17 Jul 2026,1
2026-06-22 22:58:27,Consular,NEW DELHI,17 Jul 2026,1
2026-06-22 22:58:27,OFC,NEW DELHI VAC,13 Jul 2026,1
2026-06-22 22:58:33,Consular,NEW DELHI,17 Jul 2026,1
2026-06-22 22:58:43,Consular,NEW DELHI,17 Jul 2026,1
2026-06-22 22:58:55,Consular,NEW DELHI,17 Jul 2026,1
2026-06-22 22:59:04,Consular,NEW DELHI,17 Jul 2026,1
2026-06-22 22:59:11,Consular,NEW DELHI,17 Jul 2026,1
2026-06-22 22:59:24,Consular,NEW DELHI,17 Jul 2026,1
2026-06-22 22:59:34,Consular,NEW DELHI,17 Jul 2026,1
2026-06-22 22:59:42,Consular,NEW DELHI,17 Jul 2026,1
2026-06-22 22:59:42,OFC,NEW DELHI VAC,13 Jul 2026,1
2026-06-22 22:59:56,Consular,NEW DELHI,17 Jul 2026,1
2026-06-22 23:00:02,Consular,NEW DELHI,17 Jul 2026,1
2026-06-22 23:00:12,Consular,NEW DELHI,17 Jul 2026,1
2026-06-22 23:00:19,Consular,NEW DELHI,17 Jul 2026,1
2026-06-22 23:00:19,OFC,NEW DELHI VAC,13 Jul 2026,1
2026-06-22 23:00:34,Consular,HYDERABAD,17 Jul 2026,1
2026-06-22 23:00:34,Consular,NEW DELHI,17 Jul 2026,1
2026-06-22 23:00:34,OFC,NEW DELHI VAC,13 Jul 2026,1
2026-06-22 23:00:41,Consular,HYDERABAD,17 Jul 2026,1
2026-06-22 23:00:41,Consular,NEW DELHI,17 Jul 2026,1
2026-06-22 23:00:41,OFC,NEW DELHI VAC,13 Jul 2026,1
2026-06-22 23:00:55,Consular,HYDERABAD,17 Jul 2026,1
2026-06-22 23:00:55,Consular,NEW DELHI,17 Jul 2026,1
2026-06-22 23:00:55,OFC,NEW DELHI VAC,13 Jul 2026,1
2026-06-22 23:01:02,Consular,HYDERABAD,17 Jul 2026,1
2026-06-22 23:01:02,OFC,NEW DELHI VAC,13 Jul 2026,1
2026-06-22 23:01:07,Consular,HYDERABAD,17 Jul 2026,1
2026-06-22 23:01:19,Consular,HYDERABAD,17 Jul 2026,1
2026-06-22 23:01:19,Consular,KOLKATA,17 Jul 2026,1
2026-06-22 23:01:28,Consular,HYDERABAD,17 Jul 2026,1
2026-06-22 23:01:28,Consular,KOLKATA,17 Jul 2026,1
2026-06-22 23:03:43,Consular,HYDERABAD,17 Jul 2026,1
2026-06-22 23:03:43,Consular,KOLKATA,17 Jul 2026,1
2026-06-22 23:03:57,Consular,HYDERABAD,17 Jul 2026,1
2026-06-22 23:03:57,Consular,KOLKATA,17 Jul 2026,1
2026-06-22 23:04:11,Consular,HYDERABAD,17 Jul 2026,1
2026-06-22 23:04:11,Consular,KOLKATA,17 Jul 2026,1
2026-06-22 23:04:25,Consular,HYDERABAD,17 Jul 2026,1
2026-06-22 23:04:25,Consular,KOLKATA,17 Jul 2026,1
2026-06-22 23:04:35,Consular,HYDERABAD,17 Jul 2026,1
2026-06-22 23:04:35,Consular,KOLKATA,17 Jul 2026,1
2026-06-22 23:04:46,Consular,HYDERABAD,17 Jul 2026,1
2026-06-22 23:04:46,Consular,KOLKATA,17 Jul 2026,1
2026-06-22 23:05:01,Consular,HYDERABAD,17 Jul 2026,1
2026-06-22 23:05:01,Consular,KOLKATA,17 Jul 2026,1
2026-06-22 23:05:01,OFC,NEW DELHI VAC,13 Jul 2026,1
2026-06-22 23:05:10,Consular,HYDERABAD,17 Jul 2026,1
2026-06-22 23:05:10,Consular,KOLKATA,17 Jul 2026,1
2026-06-22 23:05:20,Consular,HYDERABAD,17 Jul 2026,1
2026-06-22 23:05:20,Consular,KOLKATA,17 Jul 2026,1
2026-06-22 23:05:30,Consular,HYDERABAD,17 Jul 2026,1
2026-06-22 23:05:30,Consular,KOLKATA,17 Jul 2026,1
2026-06-22 23:05:43,Consular,HYDERABAD,17 Jul 2026,1
2026-06-22 23:05:43,Consular,KOLKATA,17 Jul 2026,1
2026-06-22 23:05:58,Consular,HYDERABAD,17 Jul 2026,1
2026-06-22 23:05:58,Consular,KOLKATA,17 Jul 2026,1
2026-06-22 23:06:12,Consular,HYDERABAD,17 Jul 2026,1
2026-06-22 23:06:12,Consular,KOLKATA,17 Jul 2026,1
2026-06-22 23:06:22,Consular,HYDERABAD,17 Jul 2026,1
2026-06-22 23:06:22,Consular,KOLKATA,17 Jul 2026,1
2026-06-22 23:06:36,Consular,HYDERABAD,17 Jul 2026,1
2026-06-22 23:06:36,Consular,KOLKATA,17 Jul 2026,1
2026-06-22 23:06:49,Consular,HYDERABAD,17 Jul 2026,1
2026-06-22 23:06:49,Consular,KOLKATA,17 Jul 2026,1
2026-06-22 23:06:56,Consular,HYDERABAD,17 Jul 2026,1
2026-06-22 23:06:56,Consular,KOLKATA,17 Jul 2026,1
2026-06-22 23:07:06,Consular,HYDERABAD,17 Jul 2026,1
2026-06-22 23:07:06,Consular,KOLKATA,17 Jul 2026,1
2026-06-22 23:07:17,Consular,HYDERABAD,17 Jul 2026,1
2026-06-22 23:07:17,Consular,KOLKATA,17 Jul 2026,1
2026-06-22 23:07:23,Consular,HYDERABAD,17 Jul 2026,1
2026-06-22 23:07:23,Consular,KOLKATA,17 Jul 2026,1
2026-06-22 23:07:34,Consular,HYDERABAD,17 Jul 2026,1
2026-06-22 23:07:34,Consular,KOLKATA,17 Jul 2026,1
2026-06-22 23:10:01,OFC,NEW DELHI VAC,14 Jul 2026,1
2026-06-22 23:12:26,OFC,NEW DELHI VAC,14 Jul 2026,1
2026-06-22 23:12:50,Consular,NEW DELHI,22 Jul 2026,5
2026-06-22 23:13:01,Consular,NEW DELHI,22 Jul 2026,5
2026-06-22 23:13:12,Consular,NEW DELHI,22 Jul 2026,5
2026-06-22 23:13:23,Consular,NEW DELHI,22 Jul 2026,5
2026-06-22 23:13:23,OFC,NEW DELHI VAC,14 Jul 2026,1
2026-06-22 23:13:37,Consular,NEW DELHI,22 Jul 2026,5
2026-06-22 23:13:48,Consular,NEW DELHI,22 Jul 2026,5
2026-06-22 23:13:54,Consular,NEW DELHI,22 Jul 2026,5
2026-06-22 23:14:01,Consular,NEW DELHI,22 Jul 2026,5
2026-06-22 23:15:34,OFC,NEW DELHI VAC,14 Jul 2026,1
2026-06-22 23:15:55,OFC,NEW DELHI VAC,14 Jul 2026,1
2026-06-22 23:17:00,OFC,NEW DELHI VAC,14 Jul 2026,1
2026-06-22 23:17:29,OFC,NEW DELHI VAC,14 Jul 2026,1
2026-06-22 23:29:16,Consular,NEW DELHI,22 Jul 2026,3
2026-06-22 23:29:28,Consular,NEW DELHI,22 Jul 2026,3
2026-06-22 23:29:43,Consular,NEW DELHI,22 Jul 2026,3
2026-06-22 23:29:54,Consular,NEW DELHI,22 Jul 2026,3
2026-06-22 23:30:05,Consular,NEW DELHI,22 Jul 2026,3
2026-06-22 23:30:12,Consular,NEW DELHI,22 Jul 2026,3
2026-06-22 23:30:20,Consular,NEW DELHI,22 Jul 2026,3
2026-06-22 23:30:35,Consular,NEW DELHI,22 Jul 2026,3
2026-06-22 23:30:44,Consular,NEW DELHI,22 Jul 2026,3
2026-06-22 23:31:09,Consular,HYDERABAD,30 Jun 2026,2
2026-06-22 23:31:22,Consular,HYDERABAD,30 Jun 2026,2
2026-06-22 23:31:28,Consular,HYDERABAD,30 Jun 2026,2
2026-06-22 23:31:36,Consular,HYDERABAD,30 Jun 2026,2
2026-06-22 23:31:44,Consular,HYDERABAD,30 Jun 2026,2
2026-06-22 23:33:01,Consular,HYDERABAD,30 Jun 2026,2
2026-06-22 23:33:07,Consular,HYDERABAD,30 Jun 2026,2
2026-06-22 23:33:13,Consular,HYDERABAD,30 Jun 2026,2
2026-06-22 23:34:41,Consular,HYDERABAD,30 Jun 2026,2
2026-06-22 23:34:49,Consular,HYDERABAD,30 Jun 2026,2
2026-06-22 23:35:01,Consular,HYDERABAD,30 Jun 2026,2
2026-06-22 23:35:10,Consular,HYDERABAD,30 Jun 2026,2
2026-06-22 23:35:16,Consular,HYDERABAD,30 Jun 2026,2
2026-06-22 23:35:29,Consular,HYDERABAD,30 Jun 2026,2
2026-06-22 23:35:44,Consular,HYDERABAD,30 Jun 2026,2
2026-06-22 23:35:59,Consular,HYDERABAD,30 Jun 2026,2
2026-06-22 23:36:05,Consular,HYDERABAD,30 Jun 2026,2
2026-06-22 23:36:49,Consular,HYDERABAD,30 Jun 2026,2
2026-06-22 23:37:00,Consular,HYDERABAD,30 Jun 2026,2
2026-06-22 23:37:14,Consular,HYDERABAD,30 Jun 2026,2
2026-06-22 23:37:28,Consular,HYDERABAD,30 Jun 2026,1
2026-06-22 23:37:35,Consular,HYDERABAD,30 Jun 2026,1
2026-06-22 23:37:48,Consular,HYDERABAD,30 Jun 2026,1
2026-06-22 23:38:34,Consular,HYDERABAD,30 Jun 2026,1
2026-06-22 23:38:43,Consular,HYDERABAD,30 Jun 2026,1
2026-06-22 23:38:53,Consular,HYDERABAD,30 Jun 2026,1
2026-06-22 23:40:29,Consular,HYDERABAD,21 Jul 2026,1
2026-06-22 23:40:29,Consular,KOLKATA,17 Jul 2026,1
2026-06-22 23:40:44,Consular,HYDERABAD,21 Jul 2026,1
2026-06-22 23:40:44,Consular,KOLKATA,17 Jul 2026,1
2026-06-22 23:40:50,Consular,HYDERABAD,21 Jul 2026,1
2026-06-22 23:40:50,Consular,KOLKATA,17 Jul 2026,1
2026-06-22 23:41:02,Consular,HYDERABAD,21 Jul 2026,1
2026-06-22 23:41:02,Consular,KOLKATA,17 Jul 2026,1
2026-06-22 23:41:12,Consular,HYDERABAD,21 Jul 2026,1
2026-06-22 23:41:12,Consular,KOLKATA,17 Jul 2026,1
2026-06-22 23:41:24,Consular,HYDERABAD,21 Jul 2026,1
2026-06-22 23:41:24,Consular,KOLKATA,17 Jul 2026,1
2026-06-22 23:41:36,Consular,KOLKATA,17 Jul 2026,1
2026-06-22 23:41:45,Consular,KOLKATA,17 Jul 2026,1
2026-06-22 23:41:51,Consular,KOLKATA,17 Jul 2026,1
2026-06-22 23:41:56,Consular,KOLKATA,17 Jul 2026,1
2026-06-22 23:42:11,Consular,KOLKATA,17 Jul 2026,1
2026-06-22 23:42:17,Consular,KOLKATA,17 Jul 2026,1
2026-06-22 23:43:11,Consular,KOLKATA,17 Jul 2026,1
2026-06-22 23:43:23,Consular,KOLKATA,17 Jul 2026,1
2026-06-22 23:43:34,Consular,KOLKATA,17 Jul 2026,1
2026-06-22 23:43:46,Consular,KOLKATA,17 Jul 2026,1
2026-06-22 23:43:57,Consular,KOLKATA,17 Jul 2026,1
2026-06-22 23:44:06,Consular,KOLKATA,17 Jul 2026,1
2026-06-22 23:44:20,Consular,KOLKATA,17 Jul 2026,1
2026-06-22 23:44:30,Consular,KOLKATA,17 Jul 2026,1
2026-06-22 23:44:40,Consular,KOLKATA,17 Jul 2026,1
2026-06-22 23:44:47,Consular,KOLKATA,17 Jul 2026,1
2026-06-22 23:44:53,Consular,KOLKATA,17 Jul 2026,1
2026-06-22 23:45:09,Consular,KOLKATA,17 Jul 2026,1
2026-06-22 23:45:16,Consular,KOLKATA,17 Jul 2026,1
2026-06-22 23:45:29,Consular,KOLKATA,17 Jul 2026,1
2026-06-22 23:45:41,Consular,KOLKATA,17 Jul 2026,1
2026-06-22 23:45:49,Consular,KOLKATA,17 Jul 2026,1
2026-06-22 23:45:55,Consular,KOLKATA,17 Jul 2026,1
2026-06-22 23:46:10,Consular,KOLKATA,17 Jul 2026,1
2026-06-22 23:46:22,Consular,KOLKATA,17 Jul 2026,1
2026-06-22 23:46:38,Consular,KOLKATA,17 Jul 2026,1
2026-06-22 23:46:46,Consular,KOLKATA,17 Jul 2026,1
2026-06-22 23:46:55,Consular,KOLKATA,17 Jul 2026,1
2026-06-22 23:47:02,Consular,KOLKATA,17 Jul 2026,1
2026-06-22 23:47:14,Consular,HYDERABAD,21 Jul 2026,1
2026-06-22 23:47:14,Consular,KOLKATA,17 Jul 2026,1
2026-06-22 23:49:27,Consular,HYDERABAD,21 Jul 2026,1
2026-06-22 23:49:27,Consular,KOLKATA,17 Jul 2026,1
2026-06-22 23:49:42,Consular,HYDERABAD,21 Jul 2026,1
2026-06-22 23:49:42,Consular,KOLKATA,17 Jul 2026,1
2026-06-22 23:49:53,Consular,HYDERABAD,21 Jul 2026,1
2026-06-22 23:49:53,Consular,KOLKATA,17 Jul 2026,1
2026-06-22 23:50:07,Consular,HYDERABAD,21 Jul 2026,1
2026-06-22 23:50:07,Consular,KOLKATA,17 Jul 2026,1
2026-06-22 23:50:19,Consular,KOLKATA,17 Jul 2026,1
2026-06-22 23:50:25,Consular,KOLKATA,17 Jul 2026,1
2026-06-22 23:50:37,Consular,KOLKATA,17 Jul 2026,1
2026-06-22 23:50:42,Consular,KOLKATA,17 Jul 2026,1
2026-06-22 23:50:57,Consular,KOLKATA,17 Jul 2026,1
2026-06-22 23:51:06,Consular,KOLKATA,17 Jul 2026,1
2026-06-22 23:51:12,Consular,KOLKATA,17 Jul 2026,1
2026-06-22 23:51:25,Consular,KOLKATA,17 Jul 2026,1
2026-06-22 23:51:30,Consular,KOLKATA,17 Jul 2026,1
2026-06-22 23:51:44,Consular,KOLKATA,17 Jul 2026,1
2026-06-22 23:51:56,Consular,KOLKATA,17 Jul 2026,1
2026-06-22 23:52:44,Consular,KOLKATA,17 Jul 2026,1
2026-06-22 23:52:51,Consular,KOLKATA,17 Jul 2026,1
2026-06-22 23:53:03,Consular,KOLKATA,17 Jul 2026,1
2026-06-22 23:53:14,Consular,KOLKATA,17 Jul 2026,1
2026-06-22 23:53:22,Consular,KOLKATA,17 Jul 2026,1
2026-06-22 23:54:57,Consular,KOLKATA,17 Jul 2026,1
2026-06-22 23:55:13,Consular,KOLKATA,17 Jul 2026,1
2026-06-22 23:55:21,Consular,KOLKATA,17 Jul 2026,1
2026-06-22 23:55:27,Consular,KOLKATA,17 Jul 2026,1
2026-06-22 23:55:39,Consular,KOLKATA,17 Jul 2026,1
2026-06-22 23:55:54,Consular,KOLKATA,17 Jul 2026,1
2026-06-22 23:56:08,Consular,KOLKATA,17 Jul 2026,1
2026-06-22 23:56:23,Consular,KOLKATA,17 Jul 2026,1
2026-06-22 23:56:32,Consular,KOLKATA,17 Jul 2026,1
2026-06-22 23:56:32,OFC,MUMBAI VAC,16 Jul 2026,1
2026-06-22 23:56:48,Consular,KOLKATA,17 Jul 2026,1
2026-06-22 23:56:48,OFC,MUMBAI VAC,16 Jul 2026,1
2026-06-22 23:56:59,Consular,KOLKATA,17 Jul 2026,1
2026-06-22 23:57:10,Consular,KOLKATA,17 Jul 2026,1
2026-06-22 23:57:19,Consular,KOLKATA,17 Jul 2026,1
2026-06-22 23:57:24,Consular,KOLKATA,17 Jul 2026,1
2026-06-22 23:57:38,Consular,KOLKATA,17 Jul 2026,1
2026-06-22 23:58:33,Consular,KOLKATA,17 Jul 2026,1
2026-06-22 23:58:48,Consular,KOLKATA,17 Jul 2026,1
2026-06-22 23:58:59,Consular,KOLKATA,17 Jul 2026,1
2026-06-22 23:59:05,Consular,KOLKATA,17 Jul 2026,1
2026-06-22 23:59:16,Consular,KOLKATA,17 Jul 2026,1
2026-06-22 23:59:24,Consular,KOLKATA,17 Jul 2026,1
2026-06-22 23:59:38,Consular,KOLKATA,17 Jul 2026,1
2026-06-23 00:01:05,OFC,CHENNAI VAC,13 Aug 2026,2
2026-06-23 00:01:05,Consular,HYDERABAD,15 Oct 2026,1
2026-06-23 00:01:05,Consular,KOLKATA,17 Jul 2026,1
2026-06-23 00:01:20,OFC,CHENNAI VAC,13 Aug 2026,1
2026-06-23 00:01:20,Consular,KOLKATA,17 Jul 2026,1
2026-06-23 00:01:20,OFC,MUMBAI VAC,13 Aug 2026,4
2026-06-23 00:01:29,Consular,KOLKATA,17 Jul 2026,1
2026-06-23 00:01:41,OFC,CHENNAI VAC,13 Aug 2026,5
2026-06-23 00:01:41,Consular,HYDERABAD,13 Jul 2026,3
2026-06-23 00:01:41,Consular,KOLKATA,17 Jul 2026,1
2026-06-23 00:01:47,Consular,KOLKATA,17 Jul 2026,1
2026-06-23 00:01:55,Consular,KOLKATA,17 Jul 2026,1
2026-06-23 00:02:09,OFC,CHENNAI VAC,13 Aug 2026,1
2026-06-23 00:02:09,Consular,KOLKATA,17 Jul 2026,1
2026-06-23 00:02:17,OFC,CHENNAI VAC,13 Aug 2026,5
2026-06-23 00:02:17,Consular,HYDERABAD,13 Jul 2026,3
2026-06-23 00:02:17,Consular,KOLKATA,17 Jul 2026,1
2026-06-23 00:02:32,Consular,HYDERABAD,13 Jul 2026,3
2026-06-23 00:02:32,Consular,KOLKATA,17 Jul 2026,1
2026-06-23 00:02:40,Consular,HYDERABAD,13 Jul 2026,3
2026-06-23 00:02:40,Consular,KOLKATA,17 Jul 2026,1
2026-06-23 00:02:52,Consular,HYDERABAD,13 Jul 2026,3
2026-06-23 00:02:52,Consular,KOLKATA,17 Jul 2026,1
2026-06-23 00:03:00,Consular,KOLKATA,17 Jul 2026,1
2026-06-23 00:03:12,OFC,CHENNAI VAC,13 Aug 2026,6
2026-06-23 00:03:12,Consular,KOLKATA,17 Jul 2026,1
2026-06-23 00:03:26,Consular,KOLKATA,17 Jul 2026,1
2026-06-23 00:03:40,Consular,KOLKATA,17 Jul 2026,1
2026-06-23 00:03:47,Consular,KOLKATA,17 Jul 2026,1
2026-06-23 00:03:54,Consular,KOLKATA,17 Jul 2026,1
2026-06-23 00:04:41,Consular,KOLKATA,17 Jul 2026,1
2026-06-23 00:04:57,Consular,KOLKATA,17 Jul 2026,1
2026-06-23 00:05:04,Consular,KOLKATA,17 Jul 2026,1
2026-06-23 00:05:17,Consular,KOLKATA,17 Jul 2026,1
2026-06-23 00:06:29,Consular,HYDERABAD,13 Jul 2026,1
2026-06-23 00:06:42,Consular,HYDERABAD,13 Jul 2026,1
2026-06-23 00:06:54,Consular,HYDERABAD,13 Jul 2026,1
2026-06-23 00:07:44,Consular,HYDERABAD,13 Jul 2026,1
2026-06-23 00:07:52,Consular,HYDERABAD,13 Jul 2026,1
2026-06-23 00:08:07,Consular,HYDERABAD,13 Jul 2026,1
2026-06-23 00:08:13,Consular,HYDERABAD,13 Jul 2026,1
2026-06-23 00:08:21,Consular,HYDERABAD,13 Jul 2026,1
2026-06-23 00:08:34,Consular,HYDERABAD,13 Jul 2026,3
2026-06-23 00:08:43,Consular,HYDERABAD,13 Jul 2026,3
2026-06-23 00:08:52,Consular,HYDERABAD,13 Jul 2026,3
2026-06-23 00:09:02,Consular,HYDERABAD,13 Jul 2026,3
2026-06-23 00:11:05,Consular,HYDERABAD,13 Jul 2026,1
2026-06-23 00:11:12,Consular,HYDERABAD,13 Jul 2026,1
2026-06-23 00:12:43,Consular,HYDERABAD,13 Jul 2026,1
2026-06-23 00:12:57,Consular,HYDERABAD,13 Jul 2026,1
2026-06-23 00:13:13,Consular,HYDERABAD,13 Jul 2026,1
2026-06-23 00:13:29,Consular,HYDERABAD,13 Jul 2026,1
2026-06-23 00:13:42,Consular,HYDERABAD,13 Jul 2026,2
2026-06-23 00:13:50,Consular,HYDERABAD,13 Jul 2026,2
2026-06-23 00:16:20,Consular,HYDERABAD,13 Jul 2026,3
2026-06-23 00:16:32,Consular,HYDERABAD,13 Jul 2026,3
2026-06-23 00:16:43,Consular,HYDERABAD,13 Jul 2026,3
2026-06-23 00:16:51,Consular,HYDERABAD,13 Jul 2026,3
2026-06-23 00:17:00,Consular,HYDERABAD,13 Jul 2026,3
2026-06-23 00:17:11,Consular,HYDERABAD,13 Jul 2026,3
2026-06-23 00:17:20,Consular,HYDERABAD,13 Jul 2026,3
2026-06-23 00:31:44,Consular,HYDERABAD,17 Jul 2026,2
2026-06-23 00:31:44,Consular,KOLKATA,17 Jul 2026,1
2026-06-23 00:31:57,Consular,HYDERABAD,17 Jul 2026,2
2026-06-23 00:31:57,Consular,KOLKATA,17 Jul 2026,1
2026-06-23 00:36:07,Consular,HYDERABAD,20 Jul 2026,1
2026-06-23 00:36:18,Consular,HYDERABAD,20 Jul 2026,1
2026-06-23 01:00:18,Consular,HYDERABAD,15 Jul 2026,1
2026-06-23 01:00:33,Consular,HYDERABAD,15 Jul 2026,1
2026-06-23 01:00:33,Consular,MUMBAI,30 Jun 2026,3
2026-06-23 01:00:48,Consular,HYDERABAD,15 Jul 2026,1
2026-06-23 01:00:48,Consular,MUMBAI,30 Jun 2026,3
2026-06-23 01:00:58,Consular,HYDERABAD,15 Jul 2026,1
2026-06-23 01:00:58,Consular,MUMBAI,30 Jun 2026,3
2026-06-23 01:01:13,Consular,HYDERABAD,15 Jul 2026,1
2026-06-23 01:01:13,Consular,MUMBAI,30 Jun 2026,3
2026-06-23 01:01:20,Consular,HYDERABAD,15 Jul 2026,1
2026-06-23 01:01:20,Consular,MUMBAI,30 Jun 2026,3
2026-06-23 01:01:34,Consular,HYDERABAD,15 Jul 2026,1
2026-06-23 01:01:34,Consular,MUMBAI,30 Jun 2026,3
2026-06-23 01:01:41,Consular,HYDERABAD,15 Jul 2026,1
2026-06-23 01:01:41,Consular,MUMBAI,30 Jun 2026,3
2026-06-23 01:01:54,Consular,HYDERABAD,15 Jul 2026,1
2026-06-23 01:01:54,Consular,MUMBAI,30 Jun 2026,3
2026-06-23 01:02:03,Consular,HYDERABAD,15 Jul 2026,1
2026-06-23 01:02:03,Consular,MUMBAI,30 Jun 2026,3
2026-06-23 01:02:17,Consular,HYDERABAD,15 Jul 2026,1
2026-06-23 01:02:17,Consular,MUMBAI,30 Jun 2026,3
2026-06-23 01:02:27,Consular,HYDERABAD,15 Jul 2026,1
2026-06-23 01:02:27,Consular,MUMBAI,30 Jun 2026,3
2026-06-23 01:02:39,Consular,HYDERABAD,15 Jul 2026,1
2026-06-23 01:02:39,Consular,MUMBAI,30 Jun 2026,3
2026-06-23 01:02:47,Consular,HYDERABAD,15 Jul 2026,1
2026-06-23 01:02:47,Consular,MUMBAI,30 Jun 2026,3
2026-06-23 01:03:40,Consular,HYDERABAD,15 Jul 2026,1
2026-06-23 01:03:40,Consular,MUMBAI,30 Jun 2026,3
2026-06-23 01:03:48,Consular,HYDERABAD,15 Jul 2026,1
2026-06-23 01:03:48,Consular,MUMBAI,30 Jun 2026,3
2026-06-23 01:03:58,Consular,HYDERABAD,15 Jul 2026,1
2026-06-23 01:03:58,Consular,MUMBAI,30 Jun 2026,3
2026-06-23 01:04:12,Consular,HYDERABAD,15 Jul 2026,1
2026-06-23 01:04:12,Consular,MUMBAI,30 Jun 2026,3
2026-06-23 01:04:22,Consular,HYDERABAD,15 Jul 2026,1
2026-06-23 01:04:22,Consular,MUMBAI,30 Jun 2026,3
2026-06-23 01:05:59,Consular,HYDERABAD,15 Jul 2026,1
2026-06-23 01:05:59,Consular,MUMBAI,30 Jun 2026,3
2026-06-23 01:06:07,Consular,HYDERABAD,15 Jul 2026,1
2026-06-23 01:06:07,Consular,MUMBAI,30 Jun 2026,3
2026-06-23 01:06:20,Consular,HYDERABAD,15 Jul 2026,1
2026-06-23 01:06:20,Consular,MUMBAI,30 Jun 2026,3
2026-06-23 01:06:32,Consular,HYDERABAD,15 Jul 2026,1
2026-06-23 01:06:32,Consular,MUMBAI,30 Jun 2026,3
2026-06-23 01:06:40,Consular,HYDERABAD,15 Jul 2026,1
2026-06-23 01:06:40,Consular,MUMBAI,30 Jun 2026,3
2026-06-23 01:06:50,Consular,HYDERABAD,15 Jul 2026,2
2026-06-23 01:06:50,Consular,MUMBAI,30 Jun 2026,3
2026-06-23 01:07:02,Consular,HYDERABAD,15 Jul 2026,2
2026-06-23 01:07:02,Consular,MUMBAI,30 Jun 2026,3
2026-06-23 01:07:14,Consular,HYDERABAD,15 Jul 2026,2
2026-06-23 01:07:14,Consular,MUMBAI,21 Jul 2026,1
2026-06-23 01:07:20,Consular,HYDERABAD,15 Jul 2026,2
2026-06-23 01:07:20,Consular,MUMBAI,21 Jul 2026,1
2026-06-23 01:07:32,Consular,HYDERABAD,15 Jul 2026,2
2026-06-23 01:07:32,Consular,KOLKATA,17 Jul 2026,1
2026-06-23 01:07:32,Consular,MUMBAI,21 Jul 2026,1
2026-06-23 01:07:44,Consular,HYDERABAD,15 Jul 2026,2
2026-06-23 01:07:44,Consular,KOLKATA,17 Jul 2026,1
2026-06-23 01:07:44,Consular,MUMBAI,21 Jul 2026,1
2026-06-23 01:07:55,Consular,HYDERABAD,15 Jul 2026,2
2026-06-23 01:07:55,Consular,KOLKATA,17 Jul 2026,1
2026-06-23 01:07:55,Consular,MUMBAI,21 Jul 2026,1
2026-06-23 01:08:07,Consular,HYDERABAD,15 Jul 2026,2
2026-06-23 01:08:07,Consular,KOLKATA,17 Jul 2026,1
2026-06-23 01:08:07,Consular,MUMBAI,21 Jul 2026,1
2026-06-23 01:08:17,Consular,HYDERABAD,15 Jul 2026,2
2026-06-23 01:08:17,Consular,KOLKATA,17 Jul 2026,1
2026-06-23 01:08:17,Consular,MUMBAI,21 Jul 2026,1
2026-06-23 01:08:32,Consular,HYDERABAD,15 Jul 2026,2
2026-06-23 01:08:32,Consular,KOLKATA,17 Jul 2026,1
2026-06-23 01:08:32,Consular,MUMBAI,21 Jul 2026,1
2026-06-23 01:09:20,Consular,HYDERABAD,15 Jul 2026,2
2026-06-23 01:09:20,Consular,KOLKATA,17 Jul 2026,1
2026-06-23 01:09:20,Consular,MUMBAI,21 Jul 2026,1
2026-06-23 01:09:28,Consular,HYDERABAD,15 Jul 2026,2
2026-06-23 01:09:28,Consular,KOLKATA,17 Jul 2026,1
2026-06-23 01:09:28,Consular,MUMBAI,21 Jul 2026,1
2026-06-23 01:09:34,Consular,HYDERABAD,15 Jul 2026,2
2026-06-23 01:09:34,Consular,KOLKATA,17 Jul 2026,1
2026-06-23 01:09:34,Consular,MUMBAI,21 Jul 2026,1
2026-06-23 01:09:45,Consular,HYDERABAD,15 Jul 2026,2
2026-06-23 01:09:45,Consular,KOLKATA,17 Jul 2026,1
2026-06-23 01:09:45,Consular,MUMBAI,21 Jul 2026,1
2026-06-23 01:09:54,Consular,HYDERABAD,15 Jul 2026,2
2026-06-23 01:09:54,Consular,KOLKATA,17 Jul 2026,1
2026-06-23 01:09:54,Consular,MUMBAI,21 Jul 2026,1
2026-06-23 01:12:03,Consular,HYDERABAD,15 Jul 2026,2
2026-06-23 01:12:03,Consular,KOLKATA,17 Jul 2026,1
2026-06-23 01:12:03,Consular,MUMBAI,21 Jul 2026,1
2026-06-23 01:12:11,Consular,HYDERABAD,15 Jul 2026,2
2026-06-23 01:12:11,Consular,KOLKATA,17 Jul 2026,1
2026-06-23 01:12:11,Consular,MUMBAI,21 Jul 2026,1
2026-06-23 01:12:22,Consular,HYDERABAD,15 Jul 2026,2
2026-06-23 01:12:22,Consular,KOLKATA,17 Jul 2026,1
2026-06-23 01:12:22,Consular,MUMBAI,21 Jul 2026,1
2026-06-23 01:12:35,Consular,HYDERABAD,15 Jul 2026,2
2026-06-23 01:12:35,Consular,KOLKATA,17 Jul 2026,1
2026-06-23 01:12:35,Consular,MUMBAI,21 Jul 2026,1
2026-06-23 01:12:48,Consular,HYDERABAD,15 Jul 2026,2
2026-06-23 01:12:48,Consular,KOLKATA,17 Jul 2026,1
2026-06-23 01:12:48,Consular,MUMBAI,21 Jul 2026,1
2026-06-23 01:13:00,Consular,HYDERABAD,15 Jul 2026,2
2026-06-23 01:13:00,Consular,KOLKATA,17 Jul 2026,1
2026-06-23 01:13:00,Consular,MUMBAI,21 Jul 2026,1
2026-06-23 01:13:10,Consular,HYDERABAD,15 Jul 2026,2
2026-06-23 01:13:10,Consular,KOLKATA,17 Jul 2026,1
2026-06-23 01:13:10,Consular,MUMBAI,21 Jul 2026,1
2026-06-23 01:13:17,Consular,HYDERABAD,15 Jul 2026,2
2026-06-23 01:13:17,Consular,KOLKATA,17 Jul 2026,1
2026-06-23 01:13:17,Consular,MUMBAI,21 Jul 2026,1
2026-06-23 01:13:32,Consular,HYDERABAD,15 Jul 2026,2
2026-06-23 01:13:32,Consular,KOLKATA,17 Jul 2026,1
2026-06-23 01:13:32,Consular,MUMBAI,21 Jul 2026,1
2026-06-23 01:13:39,Consular,HYDERABAD,15 Jul 2026,2
2026-06-23 01:13:39,Consular,KOLKATA,17 Jul 2026,1
2026-06-23 01:13:39,Consular,MUMBAI,21 Jul 2026,1
2026-06-23 01:13:48,Consular,HYDERABAD,15 Jul 2026,2
2026-06-23 01:13:48,Consular,KOLKATA,17 Jul 2026,1
2026-06-23 01:13:48,Consular,MUMBAI,21 Jul 2026,1
2026-06-23 01:13:59,Consular,HYDERABAD,15 Jul 2026,2
2026-06-23 01:13:59,Consular,KOLKATA,17 Jul 2026,1
2026-06-23 01:13:59,Consular,MUMBAI,21 Jul 2026,1
2026-06-23 01:14:11,Consular,HYDERABAD,15 Jul 2026,2
2026-06-23 01:14:11,Consular,KOLKATA,17 Jul 2026,1
2026-06-23 01:14:11,Consular,MUMBAI,21 Jul 2026,1
2026-06-23 01:14:22,Consular,HYDERABAD,15 Jul 2026,2
2026-06-23 01:14:22,Consular,KOLKATA,17 Jul 2026,1
2026-06-23 01:14:22,Consular,MUMBAI,21 Jul 2026,1
2026-06-23 01:14:36,Consular,HYDERABAD,15 Jul 2026,2
2026-06-23 01:14:36,Consular,KOLKATA,17 Jul 2026,1
2026-06-23 01:14:36,Consular,MUMBAI,21 Jul 2026,1
2026-06-23 01:14:52,Consular,HYDERABAD,15 Jul 2026,2
2026-06-23 01:14:52,Consular,KOLKATA,17 Jul 2026,1
2026-06-23 01:14:52,Consular,MUMBAI,21 Jul 2026,1
2026-06-23 01:15:05,Consular,HYDERABAD,15 Jul 2026,2
2026-06-23 01:15:05,Consular,KOLKATA,17 Jul 2026,1
2026-06-23 01:15:05,Consular,MUMBAI,21 Jul 2026,1
2026-06-23 01:15:12,Consular,HYDERABAD,15 Jul 2026,2
2026-06-23 01:15:12,Consular,KOLKATA,17 Jul 2026,1
2026-06-23 01:15:26,Consular,HYDERABAD,15 Jul 2026,2
2026-06-23 01:15:26,Consular,KOLKATA,17 Jul 2026,1
2026-06-23 01:15:32,Consular,HYDERABAD,15 Jul 2026,2
2026-06-23 01:15:32,Consular,KOLKATA,17 Jul 2026,1
2026-06-23 01:15:47,Consular,HYDERABAD,15 Jul 2026,2
2026-06-23 01:15:47,Consular,KOLKATA,17 Jul 2026,1
2026-06-23 01:18:05,OFC,CHENNAI VAC,29 Sep 2026,4
2026-06-23 01:18:05,Consular,KOLKATA,17 Jul 2026,1
2026-06-23 01:18:13,Consular,KOLKATA,17 Jul 2026,1
2026-06-23 01:18:21,Consular,KOLKATA,17 Jul 2026,1
2026-06-23 01:18:35,OFC,CHENNAI VAC,29 Sep 2026,4
2026-06-23 01:18:35,Consular,KOLKATA,17 Jul 2026,1
2026-06-23 01:18:43,OFC,CHENNAI VAC,29 Sep 2026,4
2026-06-23 01:18:43,Consular,KOLKATA,17 Jul 2026,1
2026-06-23 01:18:52,OFC,CHENNAI VAC,29 Sep 2026,4
2026-06-23 01:18:52,Consular,KOLKATA,17 Jul 2026,1
2026-06-23 01:19:01,OFC,CHENNAI VAC,29 Sep 2026,4
2026-06-23 01:19:01,Consular,KOLKATA,17 Jul 2026,1
2026-06-23 01:19:10,OFC,CHENNAI VAC,29 Sep 2026,4
2026-06-23 01:19:10,Consular,KOLKATA,17 Jul 2026,1
2026-06-23 01:19:25,OFC,CHENNAI VAC,29 Sep 2026,4
2026-06-23 01:19:25,Consular,KOLKATA,17 Jul 2026,1
2026-06-23 01:19:36,Consular,KOLKATA,17 Jul 2026,1
2026-06-23 01:19:47,Consular,KOLKATA,17 Jul 2026,1
2026-06-23 01:19:57,Consular,KOLKATA,17 Jul 2026,1
2026-06-23 01:20:08,Consular,KOLKATA,17 Jul 2026,1
2026-06-23 01:20:23,Consular,KOLKATA,17 Jul 2026,1
2026-06-23 01:20:30,Consular,KOLKATA,17 Jul 2026,1
2026-06-23 01:20:42,Consular,KOLKATA,17 Jul 2026,1
2026-06-23 01:20:52,Consular,KOLKATA,17 Jul 2026,1
2026-06-23 01:21:00,Consular,KOLKATA,17 Jul 2026,1
2026-06-23 01:21:09,Consular,KOLKATA,17 Jul 2026,1
2026-06-23 01:21:15,Consular,KOLKATA,17 Jul 2026,1
2026-06-23 01:23:31,Consular,KOLKATA,17 Jul 2026,1
2026-06-23 01:23:42,Consular,KOLKATA,17 Jul 2026,1
2026-06-23 01:23:57,Consular,KOLKATA,17 Jul 2026,1
2026-06-23 01:24:07,Consular,KOLKATA,17 Jul 2026,1
2026-06-23 01:24:20,Consular,KOLKATA,17 Jul 2026,1
2026-06-23 01:24:27,Consular,KOLKATA,17 Jul 2026,1
2026-06-23 01:24:38,Consular,KOLKATA,17 Jul 2026,1
2026-06-23 01:24:46,Consular,KOLKATA,17 Jul 2026,1
2026-06-23 01:24:55,Consular,KOLKATA,17 Jul 2026,1
2026-06-23 01:25:07,Consular,KOLKATA,17 Jul 2026,1
2026-06-23 01:25:16,Consular,KOLKATA,17 Jul 2026,1
2026-06-23 01:25:25,Consular,KOLKATA,17 Jul 2026,1
2026-06-23 01:25:35,Consular,KOLKATA,17 Jul 2026,1
2026-06-23 01:25:41,Consular,KOLKATA,17 Jul 2026,1
2026-06-23 01:25:48,Consular,KOLKATA,17 Jul 2026,1
2026-06-23 01:26:41,Consular,KOLKATA,17 Jul 2026,1
2026-06-23 01:26:56,Consular,KOLKATA,17 Jul 2026,1
2026-06-23 01:27:06,Consular,KOLKATA,17 Jul 2026,1
2026-06-23 01:27:14,Consular,KOLKATA,17 Jul 2026,1
2026-06-23 01:27:21,Consular,KOLKATA,17 Jul 2026,1
2026-06-23 01:28:55,Consular,KOLKATA,17 Jul 2026,1
2026-06-23 01:29:04,Consular,KOLKATA,17 Jul 2026,1
2026-06-23 01:29:16,Consular,KOLKATA,17 Jul 2026,1
2026-06-23 01:29:32,Consular,KOLKATA,17 Jul 2026,1
2026-06-23 01:29:40,Consular,KOLKATA,17 Jul 2026,1
2026-06-23 01:29:50,Consular,KOLKATA,17 Jul 2026,1
2026-06-23 01:30:03,Consular,KOLKATA,17 Jul 2026,1
2026-06-23 01:30:09,Consular,KOLKATA,17 Jul 2026,1
2026-06-23 01:30:18,Consular,KOLKATA,17 Jul 2026,1
2026-06-23 01:30:30,OFC,CHENNAI VAC,04 Nov 2026,3
2026-06-23 01:30:30,Consular,HYDERABAD,16 Jul 2026,1
2026-06-23 01:30:30,OFC,HYDERABAD VAC,03 Nov 2026,14
2026-06-23 01:30:30,Consular,KOLKATA,17 Jul 2026,1
2026-06-23 01:30:45,OFC,CHENNAI VAC,04 Nov 2026,3
2026-06-23 01:30:45,Consular,HYDERABAD,16 Jul 2026,1
2026-06-23 01:30:45,OFC,HYDERABAD VAC,03 Nov 2026,14
2026-06-23 01:30:45,Consular,KOLKATA,17 Jul 2026,1
2026-06-23 01:30:45,OFC,KOLKATA VAC,02 Nov 2026,11
2026-06-23 01:30:45,OFC,MUMBAI VAC,16 Nov 2026,2
2026-06-23 01:30:52,OFC,CHENNAI VAC,04 Nov 2026,3
2026-06-23 01:30:52,Consular,HYDERABAD,16 Jul 2026,1
2026-06-23 01:30:52,Consular,KOLKATA,17 Jul 2026,1
2026-06-23 01:30:52,OFC,KOLKATA VAC,02 Nov 2026,11
2026-06-23 01:30:52,OFC,MUMBAI VAC,16 Nov 2026,2
2026-06-23 01:31:07,OFC,CHENNAI VAC,16 Nov 2026,2
2026-06-23 01:31:07,Consular,HYDERABAD,16 Jul 2026,1
2026-06-23 01:31:07,OFC,HYDERABAD VAC,04 Nov 2026,13
2026-06-23 01:31:07,Consular,KOLKATA,17 Jul 2026,1
2026-06-23 01:31:07,OFC,KOLKATA VAC,02 Nov 2026,11
2026-06-23 01:31:07,OFC,MUMBAI VAC,16 Nov 2026,2
2026-06-23 01:31:15,Consular,HYDERABAD,16 Jul 2026,1
2026-06-23 01:31:15,OFC,HYDERABAD VAC,04 Nov 2026,13
2026-06-23 01:31:15,Consular,KOLKATA,17 Jul 2026,1
2026-06-23 01:31:15,OFC,KOLKATA VAC,02 Nov 2026,11
2026-06-23 01:31:15,OFC,MUMBAI VAC,18 Nov 2026,1
2026-06-23 01:31:29,Consular,HYDERABAD,16 Jul 2026,1
2026-06-23 01:31:29,OFC,HYDERABAD VAC,04 Nov 2026,13
2026-06-23 01:31:29,Consular,KOLKATA,17 Jul 2026,1
2026-06-23 01:31:29,OFC,KOLKATA VAC,02 Nov 2026,11
2026-06-23 01:31:29,OFC,MUMBAI VAC,18 Nov 2026,1
2026-06-23 01:31:36,Consular,HYDERABAD,16 Jul 2026,1
2026-06-23 01:31:36,OFC,HYDERABAD VAC,04 Nov 2026,13
2026-06-23 01:31:36,Consular,KOLKATA,17 Jul 2026,1
2026-06-23 01:31:36,OFC,KOLKATA VAC,02 Nov 2026,11
2026-06-23 01:31:45,Consular,HYDERABAD,16 Jul 2026,1
2026-06-23 01:31:45,OFC,HYDERABAD VAC,04 Nov 2026,13
2026-06-23 01:31:45,Consular,KOLKATA,17 Jul 2026,1
2026-06-23 01:31:45,OFC,KOLKATA VAC,02 Nov 2026,11
2026-06-23 01:31:52,Consular,HYDERABAD,16 Jul 2026,1
2026-06-23 01:31:52,Consular,KOLKATA,17 Jul 2026,1
2026-06-23 01:31:52,OFC,KOLKATA VAC,02 Nov 2026,11
2026-06-23 01:32:42,Consular,KOLKATA,17 Jul 2026,1
2026-06-23 01:32:48,Consular,KOLKATA,17 Jul 2026,1
2026-06-23 01:33:02,Consular,KOLKATA,17 Jul 2026,1
2026-06-23 01:33:02,OFC,KOLKATA VAC,09 Nov 2026,10
2026-06-23 01:33:08,Consular,KOLKATA,17 Jul 2026,1
2026-06-23 01:33:08,OFC,KOLKATA VAC,09 Nov 2026,10
2026-06-23 01:33:16,Consular,KOLKATA,17 Jul 2026,1
2026-06-23 01:33:16,OFC,KOLKATA VAC,09 Nov 2026,10
2026-06-23 01:34:50,Consular,MUMBAI,01 Dec 2026,1
2026-06-23 01:35:03,Consular,MUMBAI,01 Dec 2026,1
2026-06-23 01:35:17,Consular,MUMBAI,01 Dec 2026,1
2026-06-23 01:35:32,Consular,MUMBAI,01 Dec 2026,1
2026-06-23 01:35:46,Consular,MUMBAI,01 Dec 2026,1
2026-06-23 01:35:58,Consular,MUMBAI,01 Dec 2026,1
2026-06-23 01:36:09,Consular,MUMBAI,01 Dec 2026,1
2026-06-23 01:36:22,Consular,MUMBAI,01 Dec 2026,1
2026-06-23 01:36:37,Consular,MUMBAI,01 Dec 2026,1
2026-06-23 01:36:51,Consular,MUMBAI,01 Dec 2026,1
2026-06-23 01:37:06,Consular,MUMBAI,01 Dec 2026,1
2026-06-23 01:37:15,Consular,MUMBAI,01 Dec 2026,1
2026-06-23 01:37:26,Consular,MUMBAI,01 Dec 2026,1
2026-06-23 01:37:38,Consular,MUMBAI,01 Dec 2026,1
2026-06-23 01:37:52,Consular,MUMBAI,01 Dec 2026,1
2026-06-23 01:38:05,Consular,MUMBAI,01 Dec 2026,1
2026-06-23 01:38:14,Consular,MUMBAI,01 Dec 2026,1
2026-06-23 01:38:29,Consular,MUMBAI,01 Dec 2026,1
2026-06-23 01:38:40,Consular,MUMBAI,01 Dec 2026,1
2026-06-23 01:40:59,Consular,KOLKATA,17 Jul 2026,1
2026-06-23 01:41:05,Consular,KOLKATA,17 Jul 2026,1
2026-06-23 01:41:12,Consular,KOLKATA,17 Jul 2026,1
2026-06-23 01:41:25,Consular,KOLKATA,17 Jul 2026,1
2026-06-23 01:42:18,Consular,KOLKATA,17 Jul 2026,1
2026-06-23 01:42:24,Consular,KOLKATA,17 Jul 2026,1
2026-06-23 01:42:39,Consular,KOLKATA,17 Jul 2026,1
2026-06-23 01:42:47,Consular,KOLKATA,17 Jul 2026,1
2026-06-23 01:42:58,Consular,KOLKATA,17 Jul 2026,1
2026-06-23 01:43:14,Consular,KOLKATA,17 Jul 2026,1
2026-06-23 01:43:28,Consular,KOLKATA,17 Jul 2026,1
2026-06-23 01:43:42,Consular,KOLKATA,17 Jul 2026,1
2026-06-23 01:43:49,Consular,KOLKATA,17 Jul 2026,1
2026-06-23 01:43:56,Consular,KOLKATA,17 Jul 2026,1
2026-06-23 01:44:04,Consular,KOLKATA,17 Jul 2026,1
2026-06-23 01:44:11,Consular,KOLKATA,17 Jul 2026,1
2026-06-23 01:44:21,Consular,KOLKATA,17 Jul 2026,1
2026-06-23 01:44:28,Consular,KOLKATA,17 Jul 2026,1
2026-06-23 01:45:16,Consular,KOLKATA,17 Jul 2026,1
2026-06-23 01:45:29,Consular,KOLKATA,17 Jul 2026,1
2026-06-23 01:45:41,Consular,KOLKATA,17 Jul 2026,1
2026-06-23 01:47:12,Consular,KOLKATA,17 Jul 2026,1
2026-06-23 01:47:21,Consular,KOLKATA,17 Jul 2026,1
2026-06-23 01:47:28,Consular,KOLKATA,17 Jul 2026,1
2026-06-23 01:48:22,Consular,KOLKATA,17 Jul 2026,1
2026-06-23 01:48:29,Consular,KOLKATA,17 Jul 2026,1
2026-06-23 01:48:39,Consular,KOLKATA,17 Jul 2026,1
2026-06-23 01:48:47,Consular,KOLKATA,17 Jul 2026,1
2026-06-23 01:49:02,Consular,KOLKATA,17 Jul 2026,1
2026-06-23 01:49:09,Consular,KOLKATA,17 Jul 2026,1
2026-06-23 01:49:21,Consular,KOLKATA,17 Jul 2026,1
2026-06-23 01:49:34,Consular,KOLKATA,17 Jul 2026,1
2026-06-23 01:49:41,Consular,KOLKATA,17 Jul 2026,1
2026-06-23 01:49:51,Consular,KOLKATA,17 Jul 2026,1
2026-06-23 01:49:58,Consular,KOLKATA,17 Jul 2026,1
2026-06-23 01:50:09,Consular,KOLKATA,17 Jul 2026,1
2026-06-23 01:50:23,Consular,KOLKATA,17 Jul 2026,1
2026-06-23 01:50:31,Consular,KOLKATA,17 Jul 2026,1
2026-06-23 01:55:25,Consular,KOLKATA,17 Jul 2026,1
2026-06-23 01:55:37,Consular,KOLKATA,17 Jul 2026,1
2026-06-23 01:55:49,Consular,KOLKATA,17 Jul 2026,1
2026-06-23 01:56:00,Consular,KOLKATA,17 Jul 2026,1
2026-06-23 01:56:00,OFC,NEW DELHI VAC,06 Jan 2027,11
2026-06-23 01:56:06,Consular,KOLKATA,17 Jul 2026,1
2026-06-23 01:56:06,OFC,NEW DELHI VAC,06 Jan 2027,11
2026-06-23 01:56:14,OFC,CHENNAI VAC,04 Jan 2027,11
2026-06-23 01:56:14,Consular,KOLKATA,17 Jul 2026,1
2026-06-23 01:56:14,OFC,MUMBAI VAC,16 Jul 2026,1
2026-06-23 01:56:14,OFC,NEW DELHI VAC,06 Jan 2027,11
2026-06-23 01:56:25,OFC,CHENNAI VAC,04 Jan 2027,11
2026-06-23 01:56:25,Consular,KOLKATA,17 Jul 2026,1
2026-06-23 01:56:33,OFC,CHENNAI VAC,04 Jan 2027,11
2026-06-23 01:56:33,OFC,NEW DELHI VAC,06 Jan 2027,11
2026-06-23 01:56:48,OFC,CHENNAI VAC,04 Jan 2027,11
2026-06-23 01:56:48,OFC,NEW DELHI VAC,06 Jan 2027,11
2026-06-23 01:56:55,OFC,CHENNAI VAC,04 Jan 2027,11
2026-06-23 01:56:55,OFC,NEW DELHI VAC,06 Jan 2027,10
2026-06-23 01:57:01,OFC,CHENNAI VAC,04 Jan 2027,11
2026-06-23 01:57:01,OFC,NEW DELHI VAC,06 Jan 2027,10
2026-06-23 01:57:11,OFC,NEW DELHI VAC,06 Jan 2027,10
2026-06-23 01:57:18,OFC,CHENNAI VAC,04 Jan 2027,11
2026-06-23 01:57:18,OFC,NEW DELHI VAC,06 Jan 2027,10
2026-06-23 02:00:52,OFC,CHENNAI VAC,20 Aug 2026,5
2026-06-23 02:00:52,Consular,KOLKATA,17 Jul 2026,1
2026-06-23 02:01:02,OFC,CHENNAI VAC,20 Aug 2026,4
2026-06-23 02:01:02,Consular,KOLKATA,17 Jul 2026,1
2026-06-23 02:01:02,Consular,NEW DELHI,18 Sep 2026,1
2026-06-23 02:01:09,OFC,CHENNAI VAC,20 Aug 2026,4
2026-06-23 02:01:09,Consular,KOLKATA,17 Jul 2026,1
2026-06-23 02:01:09,Consular,NEW DELHI,18 Sep 2026,1
2026-06-23 02:01:20,Consular,NEW DELHI,18 Sep 2026,1
2026-06-23 02:01:36,OFC,CHENNAI VAC,20 Aug 2026,3
2026-06-23 02:09:15,Consular,HYDERABAD,14 Jul 2026,2
2026-06-23 02:09:23,Consular,HYDERABAD,14 Jul 2026,2
2026-06-23 02:09:31,Consular,HYDERABAD,14 Jul 2026,2
2026-06-23 02:09:43,Consular,CHENNAI,21 Jul 2026,1
2026-06-23 02:09:43,Consular,HYDERABAD,14 Jul 2026,2
2026-06-23 02:09:57,Consular,CHENNAI,21 Jul 2026,1
2026-06-23 02:09:57,Consular,HYDERABAD,14 Jul 2026,2
2026-06-23 02:10:46,Consular,CHENNAI,21 Jul 2026,1
2026-06-23 02:10:46,Consular,HYDERABAD,14 Jul 2026,2
2026-06-23 02:10:57,Consular,CHENNAI,21 Jul 2026,1
2026-06-23 02:10:57,Consular,HYDERABAD,14 Jul 2026,2
2026-06-23 02:11:08,Consular,CHENNAI,21 Jul 2026,1
2026-06-23 02:11:08,Consular,HYDERABAD,14 Jul 2026,2
2026-06-23 02:26:06,OFC,CHENNAI VAC,11 Jan 2027,14
2026-06-23 02:26:06,OFC,NEW DELHI VAC,12 Jan 2027,15
2026-06-23 02:26:22,OFC,CHENNAI VAC,11 Jan 2027,14
2026-06-23 02:26:22,OFC,NEW DELHI VAC,12 Jan 2027,15
2026-06-23 02:26:32,OFC,CHENNAI VAC,11 Jan 2027,14
2026-06-23 02:26:32,OFC,NEW DELHI VAC,13 Jan 2027,14
2026-06-23 02:26:44,OFC,NEW DELHI VAC,13 Jan 2027,14
2026-06-23 02:26:59,OFC,CHENNAI VAC,11 Jan 2027,14
2026-06-23 02:26:59,OFC,NEW DELHI VAC,13 Jan 2027,14
2026-06-23 02:27:10,OFC,CHENNAI VAC,11 Jan 2027,14
2026-06-23 02:27:10,OFC,NEW DELHI VAC,13 Jan 2027,14
2026-06-23 02:27:19,OFC,CHENNAI VAC,11 Jan 2027,14
2026-06-23 02:27:19,OFC,NEW DELHI VAC,13 Jan 2027,14
2026-06-23 02:27:27,OFC,CHENNAI VAC,11 Jan 2027,14
2026-06-23 02:27:27,OFC,NEW DELHI VAC,13 Jan 2027,14
2026-06-23 02:27:36,OFC,CHENNAI VAC,11 Jan 2027,14
2026-06-23 02:27:36,OFC,NEW DELHI VAC,13 Jan 2027,14
2026-06-23 02:27:43,OFC,NEW DELHI VAC,13 Jan 2027,14
2026-06-23 02:27:54,OFC,NEW DELHI VAC,13 Jan 2027,14
2026-06-23 02:28:44,OFC,CHENNAI VAC,11 Jan 2027,14
2026-06-23 02:28:44,Consular,HYDERABAD,14 Jul 2026,2
2026-06-23 02:28:50,OFC,CHENNAI VAC,11 Jan 2027,14
2026-06-23 02:28:50,Consular,HYDERABAD,14 Jul 2026,2
2026-06-23 02:28:56,OFC,CHENNAI VAC,11 Jan 2027,14
2026-06-23 02:28:56,Consular,HYDERABAD,14 Jul 2026,2
2026-06-23 02:28:56,OFC,NEW DELHI VAC,13 Jan 2027,14
2026-06-23 02:29:04,OFC,CHENNAI VAC,11 Jan 2027,14
2026-06-23 02:29:04,Consular,HYDERABAD,14 Jul 2026,2
2026-06-23 02:29:16,Consular,MUMBAI,21 Jul 2026,1
2026-06-23 02:30:46,OFC,CHENNAI VAC,29 Sep 2026,18
2026-06-23 02:30:58,OFC,HYDERABAD VAC,18 Sep 2026,4
2026-06-23 02:31:44,OFC,CHENNAI VAC,05 Oct 2026,4
2026-06-23 02:31:44,Consular,HYDERABAD,14 Jul 2026,2
2026-06-23 02:31:52,OFC,CHENNAI VAC,08 Dec 2026,1
2026-06-23 02:31:52,Consular,HYDERABAD,14 Jul 2026,2
2026-06-23 02:32:07,Consular,HYDERABAD,14 Jul 2026,2
2026-06-23 02:32:19,Consular,HYDERABAD,14 Jul 2026,2
2026-06-23 02:56:49,OFC,CHENNAI VAC,16 Nov 2026,2
2026-06-23 02:56:49,OFC,HYDERABAD VAC,03 Nov 2026,14
2026-06-23 02:56:58,OFC,CHENNAI VAC,16 Nov 2026,2
2026-06-23 02:56:58,OFC,HYDERABAD VAC,03 Nov 2026,14
2026-06-23 02:57:07,OFC,CHENNAI VAC,16 Nov 2026,2
2026-06-23 02:57:07,OFC,HYDERABAD VAC,03 Nov 2026,14
2026-06-23 02:59:41,OFC,HYDERABAD VAC,04 Nov 2026,13
2026-06-23 02:59:56,OFC,HYDERABAD VAC,04 Nov 2026,13
2026-06-23 02:59:56,OFC,KOLKATA VAC,02 Nov 2026,11
2026-06-23 03:00:02,OFC,HYDERABAD VAC,04 Nov 2026,13
2026-06-23 03:00:02,OFC,KOLKATA VAC,02 Nov 2026,11
2026-06-23 03:00:18,OFC,HYDERABAD VAC,05 Nov 2026,12
2026-06-23 03:00:18,OFC,KOLKATA VAC,02 Nov 2026,11
2026-06-23 03:00:26,OFC,HYDERABAD VAC,05 Nov 2026,12
2026-06-23 03:00:26,OFC,KOLKATA VAC,02 Nov 2026,11
2026-06-23 03:00:32,Consular,CHENNAI,06 Jul 2026,1
2026-06-23 03:00:32,OFC,HYDERABAD VAC,05 Nov 2026,12
2026-06-23 03:00:32,OFC,KOLKATA VAC,02 Nov 2026,11
2026-06-23 03:00:42,Consular,CHENNAI,06 Jul 2026,1
2026-06-23 03:00:42,OFC,KOLKATA VAC,02 Nov 2026,11
2026-06-23 03:00:57,Consular,CHENNAI,06 Jul 2026,1
2026-06-23 03:01:07,OFC,KOLKATA VAC,02 Nov 2026,11
2026-06-23 03:01:19,OFC,HYDERABAD VAC,05 Nov 2026,12
2026-06-23 03:01:26,OFC,HYDERABAD VAC,05 Nov 2026,12
2026-06-23 03:01:38,OFC,HYDERABAD VAC,05 Nov 2026,12
2026-06-23 03:02:47,OFC,KOLKATA VAC,02 Nov 2026,11
2026-06-23 03:03:07,OFC,HYDERABAD VAC,05 Nov 2026,12
2026-06-23 03:25:54,OFC,CHENNAI VAC,08 Dec 2026,1
2026-06-23 03:26:04,OFC,CHENNAI VAC,08 Dec 2026,1
2026-06-23 03:26:04,OFC,HYDERABAD VAC,08 Dec 2026,2
2026-06-23 03:26:11,OFC,CHENNAI VAC,08 Dec 2026,1
2026-06-23 03:26:11,OFC,HYDERABAD VAC,08 Dec 2026,2
2026-06-23 03:26:18,OFC,CHENNAI VAC,08 Dec 2026,1
2026-06-23 03:26:18,OFC,HYDERABAD VAC,08 Dec 2026,2
2026-06-23 03:26:32,OFC,CHENNAI VAC,08 Dec 2026,1
2026-06-23 03:26:32,OFC,HYDERABAD VAC,08 Dec 2026,2
2026-06-23 03:31:10,OFC,HYDERABAD VAC,09 Dec 2026,1
2026-06-23 03:41:27,Consular,NEW DELHI,30 Jun 2026,1
2026-06-23 03:43:40,Consular,NEW DELHI,30 Jun 2026,1
2026-06-23 03:43:55,Consular,NEW DELHI,30 Jun 2026,1
2026-06-23 03:44:02,Consular,NEW DELHI,30 Jun 2026,1
2026-06-23 03:44:13,Consular,NEW DELHI,30 Jun 2026,1
2026-06-23 03:44:27,Consular,NEW DELHI,30 Jun 2026,1
2026-06-23 03:44:40,Consular,NEW DELHI,30 Jun 2026,1
2026-06-23 03:44:49,Consular,NEW DELHI,30 Jun 2026,1
2026-06-23 03:44:58,Consular,NEW DELHI,30 Jun 2026,1
2026-06-23 03:45:06,Consular,NEW DELHI,30 Jun 2026,1
2026-06-23 03:45:16,Consular,NEW DELHI,30 Jun 2026,1
2026-06-23 03:45:22,Consular,NEW DELHI,30 Jun 2026,1
2026-06-23 03:45:34,Consular,NEW DELHI,30 Jun 2026,1
2026-06-23 03:45:42,Consular,NEW DELHI,30 Jun 2026,1
2026-06-23 03:45:48,Consular,NEW DELHI,30 Jun 2026,1
2026-06-23 03:46:00,Consular,NEW DELHI,30 Jun 2026,1
2026-06-23 03:46:08,Consular,NEW DELHI,30 Jun 2026,1
2026-06-23 03:46:16,Consular,NEW DELHI,30 Jun 2026,1
2026-06-23 03:46:25,Consular,NEW DELHI,30 Jun 2026,1
2026-06-23 03:46:40,Consular,NEW DELHI,30 Jun 2026,1
2026-06-23 03:46:52,Consular,NEW DELHI,30 Jun 2026,1
2026-06-23 03:47:01,Consular,NEW DELHI,30 Jun 2026,1
2026-06-23 03:47:09,Consular,NEW DELHI,30 Jun 2026,1
2026-06-23 03:50:06,Consular,NEW DELHI,30 Jun 2026,1
2026-06-23 03:50:15,Consular,NEW DELHI,30 Jun 2026,1
2026-06-23 03:50:21,Consular,NEW DELHI,30 Jun 2026,1
2026-06-23 03:50:31,Consular,NEW DELHI,30 Jun 2026,1
2026-06-23 03:50:42,Consular,NEW DELHI,30 Jun 2026,1
2026-06-23 03:50:49,Consular,NEW DELHI,30 Jun 2026,1
2026-06-23 03:51:01,Consular,NEW DELHI,30 Jun 2026,1
2026-06-23 03:51:15,Consular,NEW DELHI,30 Jun 2026,1
2026-06-23 03:51:26,Consular,NEW DELHI,30 Jun 2026,1
2026-06-23 03:51:37,Consular,NEW DELHI,30 Jun 2026,1
2026-06-23 03:51:45,Consular,NEW DELHI,30 Jun 2026,1
2026-06-23 03:51:53,Consular,NEW DELHI,30 Jun 2026,1
2026-06-23 03:52:03,Consular,NEW DELHI,30 Jun 2026,1
2026-06-23 03:52:09,Consular,NEW DELHI,30 Jun 2026,1
2026-06-23 03:52:22,Consular,NEW DELHI,30 Jun 2026,1
2026-06-23 03:52:32,Consular,NEW DELHI,30 Jun 2026,1
2026-06-23 03:52:42,Consular,NEW DELHI,30 Jun 2026,1
2026-06-23 03:52:50,Consular,NEW DELHI,30 Jun 2026,1
2026-06-23 03:53:02,Consular,NEW DELHI,30 Jun 2026,1
2026-06-23 03:53:13,Consular,NEW DELHI,30 Jun 2026,1
2026-06-23 03:55:26,Consular,NEW DELHI,30 Jun 2026,1
2026-06-23 03:55:39,Consular,NEW DELHI,30 Jun 2026,1
2026-06-23 03:55:46,Consular,NEW DELHI,30 Jun 2026,1
2026-06-23 03:56:41,OFC,CHENNAI VAC,04 Jan 2027,20
2026-06-23 03:56:41,Consular,NEW DELHI,30 Jun 2026,1
2026-06-23 03:56:53,OFC,CHENNAI VAC,04 Jan 2027,20
2026-06-23 03:56:53,Consular,NEW DELHI,30 Jun 2026,1
2026-06-23 03:57:08,OFC,CHENNAI VAC,04 Jan 2027,20
2026-06-23 03:57:08,Consular,NEW DELHI,30 Jun 2026,1
2026-06-23 03:57:08,OFC,NEW DELHI VAC,06 Jan 2027,13
2026-06-23 03:57:20,OFC,CHENNAI VAC,04 Jan 2027,20
2026-06-23 03:57:20,Consular,NEW DELHI,30 Jun 2026,1
2026-06-23 03:57:20,OFC,NEW DELHI VAC,06 Jan 2027,13
2026-06-23 03:57:32,OFC,CHENNAI VAC,04 Jan 2027,20
2026-06-23 03:57:32,Consular,NEW DELHI,30 Jun 2026,1
2026-06-23 03:57:32,OFC,NEW DELHI VAC,07 Jan 2027,12
2026-06-23 03:57:43,Consular,NEW DELHI,30 Jun 2026,1
2026-06-23 03:57:43,OFC,NEW DELHI VAC,07 Jan 2027,12
2026-06-23 03:57:58,Consular,NEW DELHI,30 Jun 2026,1
2026-06-23 03:58:06,OFC,CHENNAI VAC,25 Jan 2027,14
2026-06-23 03:58:06,Consular,NEW DELHI,30 Jun 2026,1
2026-06-23 03:58:06,OFC,NEW DELHI VAC,25 Jan 2027,8
2026-06-23 03:58:15,OFC,CHENNAI VAC,25 Jan 2027,14
2026-06-23 03:58:15,Consular,NEW DELHI,30 Jun 2026,1
2026-06-23 03:58:15,OFC,NEW DELHI VAC,25 Jan 2027,8
2026-06-23 03:58:28,Consular,NEW DELHI,30 Jun 2026,1
2026-06-23 03:58:28,OFC,NEW DELHI VAC,25 Jan 2027,8
2026-06-23 03:58:39,Consular,NEW DELHI,30 Jun 2026,1
2026-06-23 03:58:39,OFC,NEW DELHI VAC,25 Jan 2027,8
2026-06-23 03:58:45,Consular,NEW DELHI,30 Jun 2026,1
2026-06-23 03:58:45,OFC,NEW DELHI VAC,25 Jan 2027,8
2026-06-23 03:58:57,OFC,CHENNAI VAC,25 Jan 2027,14
2026-06-23 03:58:57,Consular,NEW DELHI,30 Jun 2026,1
2026-06-23 03:58:57,OFC,NEW DELHI VAC,25 Jan 2027,8
2026-06-23 03:59:09,OFC,CHENNAI VAC,25 Jan 2027,14
2026-06-23 03:59:09,Consular,NEW DELHI,30 Jun 2026,1
2026-06-23 03:59:09,OFC,NEW DELHI VAC,25 Jan 2027,8
2026-06-23 03:59:23,Consular,NEW DELHI,30 Jun 2026,1
2026-06-23 03:59:23,OFC,NEW DELHI VAC,25 Jan 2027,8
2026-06-23 03:59:35,Consular,NEW DELHI,30 Jun 2026,1
2026-06-23 03:59:35,OFC,NEW DELHI VAC,25 Jan 2027,8
2026-06-23 03:59:47,Consular,NEW DELHI,30 Jun 2026,1
2026-06-23 04:26:06,OFC,CHENNAI VAC,08 Dec 2026,2
2026-06-23 04:26:06,OFC,HYDERABAD VAC,08 Dec 2026,2
2026-06-23 04:26:20,OFC,CHENNAI VAC,08 Dec 2026,2
2026-06-23 04:26:20,OFC,HYDERABAD VAC,08 Dec 2026,2
2026-06-23 04:26:33,OFC,CHENNAI VAC,08 Dec 2026,2
2026-06-23 04:26:44,OFC,CHENNAI VAC,08 Dec 2026,2
2026-06-23 04:26:50,OFC,CHENNAI VAC,08 Dec 2026,2
2026-06-23 04:26:58,OFC,CHENNAI VAC,08 Dec 2026,2
2026-06-23 04:27:47,OFC,CHENNAI VAC,04 Jan 2027,1
2026-06-23 04:27:47,OFC,HYDERABAD VAC,09 Dec 2026,1
2026-06-23 04:27:55,OFC,CHENNAI VAC,04 Jan 2027,1
2026-06-23 04:27:55,OFC,HYDERABAD VAC,09 Dec 2026,1
2026-06-23 04:29:24,OFC,CHENNAI VAC,04 Jan 2027,1
2026-06-23 04:29:47,OFC,CHENNAI VAC,04 Jan 2027,1
2026-06-23 04:29:53,OFC,CHENNAI VAC,04 Jan 2027,1
2026-06-23 04:30:08,OFC,CHENNAI VAC,04 Jan 2027,1
2026-06-23 04:30:16,OFC,CHENNAI VAC,04 Jan 2027,1
2026-06-23 04:30:16,OFC,HYDERABAD VAC,28 Jun 2026,1
2026-06-23 04:36:19,Consular,MUMBAI,21 Jul 2026,1
2026-06-23 04:36:19,Consular,NEW DELHI,16 Jul 2026,1
2026-06-23 04:36:34,Consular,KOLKATA,17 Jul 2026,1
2026-06-23 04:36:34,Consular,MUMBAI,21 Jul 2026,1
2026-06-23 04:36:34,Consular,NEW DELHI,16 Jul 2026,1
2026-06-23 04:36:48,Consular,KOLKATA,17 Jul 2026,1
2026-06-23 04:36:48,Consular,MUMBAI,21 Jul 2026,1
2026-06-23 04:36:48,Consular,NEW DELHI,16 Jul 2026,1
2026-06-23 04:38:25,Consular,HYDERABAD,30 Jun 2026,4
2026-06-23 04:38:25,Consular,KOLKATA,17 Jul 2026,1
2026-06-23 04:38:25,Consular,MUMBAI,21 Jul 2026,1
2026-06-23 04:38:25,Consular,NEW DELHI,16 Jul 2026,1
2026-06-23 04:38:35,Consular,HYDERABAD,30 Jun 2026,4
2026-06-23 04:38:35,Consular,KOLKATA,17 Jul 2026,1
2026-06-23 04:38:35,Consular,MUMBAI,21 Jul 2026,1
2026-06-23 04:38:35,Consular,NEW DELHI,16 Jul 2026,1
2026-06-23 04:39:30,Consular,HYDERABAD,30 Jun 2026,4
2026-06-23 04:39:30,Consular,KOLKATA,17 Jul 2026,1
2026-06-23 04:39:30,Consular,MUMBAI,21 Jul 2026,1
2026-06-23 04:39:30,Consular,NEW DELHI,16 Jul 2026,1
2026-06-23 04:39:40,Consular,HYDERABAD,30 Jun 2026,4
2026-06-23 04:39:40,Consular,KOLKATA,17 Jul 2026,1
2026-06-23 04:39:40,Consular,MUMBAI,21 Jul 2026,1
2026-06-23 04:39:40,Consular,NEW DELHI,16 Jul 2026,1
2026-06-23 04:39:56,Consular,HYDERABAD,30 Jun 2026,4
2026-06-23 04:39:56,Consular,KOLKATA,17 Jul 2026,1
2026-06-23 04:39:56,Consular,MUMBAI,21 Jul 2026,1
2026-06-23 04:39:56,Consular,NEW DELHI,16 Jul 2026,1
2026-06-23 04:40:02,Consular,HYDERABAD,30 Jun 2026,4
2026-06-23 04:40:02,Consular,KOLKATA,17 Jul 2026,1
2026-06-23 04:40:02,Consular,MUMBAI,21 Jul 2026,1
2026-06-23 04:40:02,Consular,NEW DELHI,16 Jul 2026,1
2026-06-23 04:40:09,Consular,HYDERABAD,30 Jun 2026,4
2026-06-23 04:40:09,Consular,KOLKATA,17 Jul 2026,1
2026-06-23 04:40:09,Consular,MUMBAI,21 Jul 2026,1
2026-06-23 04:40:09,Consular,NEW DELHI,16 Jul 2026,1
2026-06-23 04:40:22,Consular,HYDERABAD,30 Jun 2026,4
2026-06-23 04:40:22,Consular,KOLKATA,17 Jul 2026,1
2026-06-23 04:40:22,Consular,MUMBAI,21 Jul 2026,1
2026-06-23 04:40:22,Consular,NEW DELHI,16 Jul 2026,1
2026-06-23 04:40:35,Consular,HYDERABAD,30 Jun 2026,4
2026-06-23 04:40:35,Consular,KOLKATA,17 Jul 2026,1
2026-06-23 04:40:35,Consular,MUMBAI,21 Jul 2026,1
2026-06-23 04:40:35,Consular,NEW DELHI,16 Jul 2026,1
2026-06-23 04:40:45,Consular,HYDERABAD,30 Jun 2026,4
2026-06-23 04:40:45,Consular,KOLKATA,17 Jul 2026,1
2026-06-23 04:40:45,Consular,MUMBAI,21 Jul 2026,1
2026-06-23 04:40:45,Consular,NEW DELHI,16 Jul 2026,1
2026-06-23 04:40:55,Consular,HYDERABAD,30 Jun 2026,4
2026-06-23 04:40:55,Consular,KOLKATA,17 Jul 2026,1
2026-06-23 04:40:55,Consular,MUMBAI,21 Jul 2026,1
2026-06-23 04:40:55,Consular,NEW DELHI,16 Jul 2026,1
2026-06-23 04:41:01,Consular,HYDERABAD,30 Jun 2026,4
2026-06-23 04:41:01,Consular,KOLKATA,17 Jul 2026,1
2026-06-23 04:41:01,Consular,MUMBAI,21 Jul 2026,1
2026-06-23 04:41:01,Consular,NEW DELHI,16 Jul 2026,1
2026-06-23 04:41:11,Consular,HYDERABAD,30 Jun 2026,4
2026-06-23 04:41:11,Consular,KOLKATA,17 Jul 2026,1
2026-06-23 04:41:11,Consular,MUMBAI,21 Jul 2026,1
2026-06-23 04:41:11,Consular,NEW DELHI,16 Jul 2026,1
2026-06-23 04:41:21,Consular,HYDERABAD,30 Jun 2026,4
2026-06-23 04:41:21,Consular,KOLKATA,17 Jul 2026,1
2026-06-23 04:41:21,Consular,MUMBAI,21 Jul 2026,1
2026-06-23 04:41:21,Consular,NEW DELHI,16 Jul 2026,1
2026-06-23 04:41:30,Consular,HYDERABAD,30 Jun 2026,4
2026-06-23 04:41:30,Consular,KOLKATA,17 Jul 2026,1
2026-06-23 04:41:30,Consular,MUMBAI,21 Jul 2026,1
2026-06-23 04:41:30,Consular,NEW DELHI,16 Jul 2026,1
2026-06-23 04:41:36,Consular,HYDERABAD,30 Jun 2026,4
2026-06-23 04:41:36,Consular,KOLKATA,17 Jul 2026,1
2026-06-23 04:41:36,Consular,MUMBAI,21 Jul 2026,1
2026-06-23 04:41:36,Consular,NEW DELHI,16 Jul 2026,1
2026-06-23 04:41:46,Consular,HYDERABAD,30 Jun 2026,4
2026-06-23 04:41:46,Consular,KOLKATA,17 Jul 2026,1
2026-06-23 04:41:46,Consular,MUMBAI,21 Jul 2026,1
2026-06-23 04:41:46,Consular,NEW DELHI,16 Jul 2026,1
2026-06-23 04:41:56,Consular,HYDERABAD,30 Jun 2026,4
2026-06-23 04:41:56,Consular,KOLKATA,17 Jul 2026,1
2026-06-23 04:41:56,Consular,MUMBAI,21 Jul 2026,1
2026-06-23 04:41:56,Consular,NEW DELHI,16 Jul 2026,1
2026-06-23 04:43:27,Consular,HYDERABAD,30 Jun 2026,4
2026-06-23 04:43:27,Consular,KOLKATA,17 Jul 2026,1
2026-06-23 04:43:27,Consular,MUMBAI,21 Jul 2026,1
2026-06-23 04:43:27,Consular,NEW DELHI,16 Jul 2026,1
2026-06-23 04:43:36,Consular,HYDERABAD,30 Jun 2026,4
2026-06-23 04:43:36,Consular,KOLKATA,17 Jul 2026,1
2026-06-23 04:43:36,Consular,MUMBAI,21 Jul 2026,1
2026-06-23 04:43:36,Consular,NEW DELHI,16 Jul 2026,1
2026-06-23 04:43:43,Consular,HYDERABAD,30 Jun 2026,4
2026-06-23 04:43:43,Consular,KOLKATA,17 Jul 2026,1
2026-06-23 04:43:43,Consular,MUMBAI,21 Jul 2026,1
2026-06-23 04:43:43,Consular,NEW DELHI,16 Jul 2026,1
2026-06-23 04:45:54,Consular,KOLKATA,17 Jul 2026,1
2026-06-23 04:45:54,Consular,MUMBAI,21 Jul 2026,1
2026-06-23 04:45:54,Consular,NEW DELHI,16 Jul 2026,1
2026-06-23 04:46:02,Consular,KOLKATA,17 Jul 2026,1
2026-06-23 04:46:02,Consular,MUMBAI,21 Jul 2026,1
2026-06-23 04:46:02,Consular,NEW DELHI,16 Jul 2026,1
2026-06-23 04:46:14,Consular,KOLKATA,17 Jul 2026,1
2026-06-23 04:46:14,Consular,MUMBAI,21 Jul 2026,1
2026-06-23 04:46:14,Consular,NEW DELHI,16 Jul 2026,1
2026-06-23 04:46:27,Consular,KOLKATA,17 Jul 2026,1
2026-06-23 04:46:27,Consular,MUMBAI,21 Jul 2026,1
2026-06-23 04:46:27,Consular,NEW DELHI,16 Jul 2026,1
2026-06-23 04:46:43,Consular,KOLKATA,17 Jul 2026,1
2026-06-23 04:46:43,Consular,MUMBAI,21 Jul 2026,1
2026-06-23 04:46:43,Consular,NEW DELHI,16 Jul 2026,1
2026-06-23 04:46:51,Consular,KOLKATA,17 Jul 2026,1
2026-06-23 04:46:51,Consular,MUMBAI,21 Jul 2026,1
2026-06-23 04:46:51,Consular,NEW DELHI,16 Jul 2026,1
2026-06-23 04:46:59,Consular,KOLKATA,17 Jul 2026,1
2026-06-23 04:46:59,Consular,MUMBAI,21 Jul 2026,1
2026-06-23 04:46:59,Consular,NEW DELHI,16 Jul 2026,1
2026-06-23 04:47:10,Consular,KOLKATA,17 Jul 2026,1
2026-06-23 04:47:10,Consular,MUMBAI,21 Jul 2026,1
2026-06-23 04:47:10,Consular,NEW DELHI,16 Jul 2026,1
2026-06-23 04:47:23,Consular,KOLKATA,17 Jul 2026,1
2026-06-23 04:47:23,Consular,MUMBAI,21 Jul 2026,1
2026-06-23 04:47:23,Consular,NEW DELHI,16 Jul 2026,1
2026-06-23 04:47:34,Consular,KOLKATA,17 Jul 2026,1
2026-06-23 04:47:34,Consular,MUMBAI,21 Jul 2026,1
2026-06-23 04:47:34,Consular,NEW DELHI,16 Jul 2026,1
2026-06-23 04:47:49,Consular,KOLKATA,17 Jul 2026,1
2026-06-23 04:47:49,Consular,MUMBAI,21 Jul 2026,1
2026-06-23 04:47:49,Consular,NEW DELHI,16 Jul 2026,1
2026-06-23 04:48:03,Consular,KOLKATA,17 Jul 2026,1
2026-06-23 04:48:03,Consular,MUMBAI,21 Jul 2026,1
2026-06-23 04:48:03,Consular,NEW DELHI,16 Jul 2026,1
2026-06-23 04:48:09,Consular,KOLKATA,17 Jul 2026,1
2026-06-23 04:48:09,Consular,MUMBAI,21 Jul 2026,1
2026-06-23 04:48:09,Consular,NEW DELHI,16 Jul 2026,1
2026-06-23 04:48:22,Consular,KOLKATA,17 Jul 2026,1
2026-06-23 04:48:22,Consular,MUMBAI,21 Jul 2026,1
2026-06-23 04:48:22,Consular,NEW DELHI,16 Jul 2026,1
2026-06-23 04:48:30,Consular,KOLKATA,17 Jul 2026,1
2026-06-23 04:48:30,Consular,MUMBAI,21 Jul 2026,1
2026-06-23 04:48:30,Consular,NEW DELHI,16 Jul 2026,1
2026-06-23 04:48:43,Consular,KOLKATA,17 Jul 2026,1
2026-06-23 04:48:43,Consular,MUMBAI,21 Jul 2026,1
2026-06-23 04:48:57,Consular,MUMBAI,21 Jul 2026,1
2026-06-23 04:49:10,Consular,MUMBAI,21 Jul 2026,1
2026-06-23 04:49:20,Consular,MUMBAI,21 Jul 2026,1
2026-06-23 04:49:31,Consular,MUMBAI,21 Jul 2026,1
2026-06-23 04:49:38,Consular,MUMBAI,21 Jul 2026,1
2026-06-23 04:49:44,Consular,MUMBAI,21 Jul 2026,1
2026-06-23 04:51:58,Consular,KOLKATA,17 Jul 2026,1
2026-06-23 04:51:58,Consular,MUMBAI,21 Jul 2026,1
2026-06-23 04:51:58,Consular,NEW DELHI,16 Jul 2026,1
2026-06-23 04:52:05,Consular,KOLKATA,17 Jul 2026,1
2026-06-23 04:52:05,Consular,MUMBAI,21 Jul 2026,1
2026-06-23 04:52:05,Consular,NEW DELHI,16 Jul 2026,1
2026-06-23 04:52:13,Consular,KOLKATA,17 Jul 2026,1
2026-06-23 04:52:13,Consular,MUMBAI,21 Jul 2026,1
2026-06-23 04:52:13,Consular,NEW DELHI,16 Jul 2026,1
2026-06-23 04:52:29,Consular,KOLKATA,17 Jul 2026,1
2026-06-23 04:52:29,Consular,MUMBAI,21 Jul 2026,1
2026-06-23 04:52:29,Consular,NEW DELHI,16 Jul 2026,1
2026-06-23 04:52:38,Consular,KOLKATA,17 Jul 2026,1
2026-06-23 04:52:38,Consular,MUMBAI,21 Jul 2026,1
2026-06-23 04:52:38,Consular,NEW DELHI,16 Jul 2026,1
2026-06-23 04:52:48,Consular,KOLKATA,17 Jul 2026,1
2026-06-23 04:52:48,Consular,MUMBAI,21 Jul 2026,1
2026-06-23 04:52:48,Consular,NEW DELHI,16 Jul 2026,1
2026-06-23 04:52:59,Consular,KOLKATA,17 Jul 2026,1
2026-06-23 04:52:59,Consular,MUMBAI,21 Jul 2026,1
2026-06-23 04:52:59,Consular,NEW DELHI,16 Jul 2026,1
2026-06-23 04:53:12,Consular,KOLKATA,17 Jul 2026,1
2026-06-23 04:53:12,Consular,MUMBAI,21 Jul 2026,1
2026-06-23 04:53:12,Consular,NEW DELHI,16 Jul 2026,1
2026-06-23 04:53:19,Consular,KOLKATA,17 Jul 2026,1
2026-06-23 04:53:19,Consular,MUMBAI,21 Jul 2026,1
2026-06-23 04:53:19,Consular,NEW DELHI,16 Jul 2026,1
2026-06-23 04:53:31,Consular,KOLKATA,17 Jul 2026,1
2026-06-23 04:53:31,Consular,MUMBAI,21 Jul 2026,1
2026-06-23 04:53:31,Consular,NEW DELHI,16 Jul 2026,1
2026-06-23 04:53:38,Consular,KOLKATA,17 Jul 2026,1
2026-06-23 04:53:38,Consular,MUMBAI,21 Jul 2026,1
2026-06-23 04:53:38,Consular,NEW DELHI,16 Jul 2026,1
2026-06-23 04:53:52,Consular,KOLKATA,17 Jul 2026,1
2026-06-23 04:53:52,Consular,MUMBAI,21 Jul 2026,1
2026-06-23 04:53:52,Consular,NEW DELHI,16 Jul 2026,1
2026-06-23 04:54:01,Consular,KOLKATA,17 Jul 2026,1
2026-06-23 04:54:01,Consular,MUMBAI,21 Jul 2026,1
2026-06-23 04:54:01,Consular,NEW DELHI,16 Jul 2026,1
2026-06-23 04:54:15,Consular,KOLKATA,17 Jul 2026,1
2026-06-23 04:54:15,Consular,MUMBAI,21 Jul 2026,1
2026-06-23 04:54:15,Consular,NEW DELHI,16 Jul 2026,1
2026-06-23 04:54:30,Consular,KOLKATA,17 Jul 2026,1
2026-06-23 04:54:30,Consular,MUMBAI,21 Jul 2026,1
2026-06-23 04:54:30,Consular,NEW DELHI,16 Jul 2026,1
2026-06-23 04:54:40,Consular,KOLKATA,17 Jul 2026,1
2026-06-23 04:54:40,Consular,MUMBAI,21 Jul 2026,1
2026-06-23 04:54:40,Consular,NEW DELHI,16 Jul 2026,1
2026-06-23 04:54:54,Consular,KOLKATA,17 Jul 2026,1
2026-06-23 04:54:54,Consular,MUMBAI,21 Jul 2026,1
2026-06-23 04:54:54,Consular,NEW DELHI,16 Jul 2026,1
2026-06-23 04:55:07,Consular,KOLKATA,17 Jul 2026,1
2026-06-23 04:55:07,Consular,MUMBAI,21 Jul 2026,1
2026-06-23 04:55:07,Consular,NEW DELHI,16 Jul 2026,1
2026-06-23 04:55:18,Consular,KOLKATA,17 Jul 2026,1
2026-06-23 04:55:18,Consular,MUMBAI,21 Jul 2026,1
2026-06-23 04:55:18,Consular,NEW DELHI,16 Jul 2026,1
2026-06-23 04:55:32,Consular,KOLKATA,17 Jul 2026,1
2026-06-23 04:55:32,Consular,MUMBAI,21 Jul 2026,1
2026-06-23 04:55:32,Consular,NEW DELHI,16 Jul 2026,1
2026-06-23 04:55:39,Consular,KOLKATA,17 Jul 2026,1
2026-06-23 04:55:39,Consular,MUMBAI,21 Jul 2026,1
2026-06-23 04:55:39,Consular,NEW DELHI,16 Jul 2026,1
2026-06-23 04:55:48,Consular,KOLKATA,17 Jul 2026,1
2026-06-23 04:55:48,Consular,MUMBAI,21 Jul 2026,1
2026-06-23 04:55:48,Consular,NEW DELHI,16 Jul 2026,1
2026-06-23 04:55:55,Consular,KOLKATA,17 Jul 2026,1
2026-06-23 04:55:55,Consular,MUMBAI,21 Jul 2026,1
2026-06-23 04:55:55,Consular,NEW DELHI,16 Jul 2026,1
2026-06-23 05:00:17,OFC,HYDERABAD VAC,01 Jul 2026,1
2026-06-23 05:00:17,OFC,NEW DELHI VAC,25 Jun 2026,1
2026-06-23 05:13:43,Consular,NEW DELHI,06 Jul 2026,3
2026-06-23 05:13:57,Consular,NEW DELHI,06 Jul 2026,3
2026-06-23 05:14:03,Consular,NEW DELHI,06 Jul 2026,3
2026-06-23 05:14:12,Consular,NEW DELHI,06 Jul 2026,3
2026-06-23 05:14:20,Consular,NEW DELHI,06 Jul 2026,3
2026-06-23 05:14:28,Consular,NEW DELHI,06 Jul 2026,3
2026-06-23 05:14:41,Consular,NEW DELHI,06 Jul 2026,3
2026-06-23 05:16:54,Consular,NEW DELHI,06 Jul 2026,3
2026-06-23 05:17:02,Consular,NEW DELHI,06 Jul 2026,3
2026-06-23 05:17:14,Consular,NEW DELHI,06 Jul 2026,3
2026-06-23 05:17:26,Consular,NEW DELHI,06 Jul 2026,3
2026-06-23 05:17:39,Consular,NEW DELHI,06 Jul 2026,3
2026-06-23 05:17:54,Consular,NEW DELHI,06 Jul 2026,3
2026-06-23 05:18:02,Consular,NEW DELHI,06 Jul 2026,3
2026-06-23 05:18:13,Consular,NEW DELHI,06 Jul 2026,3
2026-06-23 05:18:21,Consular,NEW DELHI,06 Jul 2026,3
2026-06-23 05:18:30,Consular,NEW DELHI,06 Jul 2026,3
2026-06-23 05:18:38,Consular,NEW DELHI,06 Jul 2026,3
2026-06-23 05:18:50,Consular,NEW DELHI,06 Jul 2026,3
2026-06-23 05:18:57,Consular,NEW DELHI,06 Jul 2026,3
2026-06-23 05:19:04,Consular,NEW DELHI,06 Jul 2026,3
2026-06-23 05:19:57,Consular,NEW DELHI,06 Jul 2026,3
2026-06-23 05:20:07,Consular,NEW DELHI,06 Jul 2026,3
2026-06-23 05:20:15,Consular,NEW DELHI,06 Jul 2026,3
2026-06-23 05:20:30,Consular,NEW DELHI,06 Jul 2026,3
2026-06-23 05:20:46,Consular,NEW DELHI,06 Jul 2026,3
2026-06-23 05:21:40,Consular,NEW DELHI,06 Jul 2026,3
2026-06-23 05:21:51,Consular,NEW DELHI,06 Jul 2026,3
2026-06-23 05:22:40,Consular,NEW DELHI,06 Jul 2026,3
2026-06-23 05:22:53,Consular,NEW DELHI,06 Jul 2026,3
2026-06-23 05:23:49,Consular,NEW DELHI,06 Jul 2026,3
2026-06-23 05:24:00,Consular,NEW DELHI,06 Jul 2026,3
2026-06-23 05:24:13,Consular,NEW DELHI,06 Jul 2026,3
2026-06-23 05:24:25,Consular,NEW DELHI,06 Jul 2026,3
2026-06-23 05:24:50,Consular,KOLKATA,17 Jul 2026,1
2026-06-23 05:24:50,Consular,MUMBAI,21 Jul 2026,1
2026-06-23 05:25:04,Consular,KOLKATA,17 Jul 2026,1
2026-06-23 05:25:04,Consular,MUMBAI,21 Jul 2026,1
2026-06-23 05:25:10,Consular,KOLKATA,17 Jul 2026,1
2026-06-23 05:25:10,Consular,MUMBAI,21 Jul 2026,1
2026-06-23 05:25:21,Consular,KOLKATA,17 Jul 2026,1
2026-06-23 05:25:21,Consular,MUMBAI,21 Jul 2026,1
2026-06-23 05:25:30,Consular,KOLKATA,17 Jul 2026,1
2026-06-23 05:25:30,Consular,MUMBAI,21 Jul 2026,1
2026-06-23 05:25:45,Consular,KOLKATA,17 Jul 2026,1
2026-06-23 05:25:45,Consular,MUMBAI,21 Jul 2026,1
2026-06-23 05:25:57,OFC,CHENNAI VAC,08 Dec 2026,2
2026-06-23 05:25:57,OFC,HYDERABAD VAC,08 Dec 2026,2
2026-06-23 05:25:57,Consular,KOLKATA,17 Jul 2026,1
2026-06-23 05:25:57,Consular,MUMBAI,21 Jul 2026,1
2026-06-23 05:26:11,OFC,CHENNAI VAC,08 Dec 2026,2
2026-06-23 05:26:11,OFC,HYDERABAD VAC,08 Dec 2026,2
2026-06-23 05:26:11,Consular,KOLKATA,17 Jul 2026,1
2026-06-23 05:26:11,Consular,MUMBAI,21 Jul 2026,1
2026-06-23 05:26:19,OFC,HYDERABAD VAC,08 Dec 2026,2
2026-06-23 05:26:19,Consular,KOLKATA,17 Jul 2026,1
2026-06-23 05:26:19,Consular,MUMBAI,21 Jul 2026,1
2026-06-23 05:26:34,OFC,CHENNAI VAC,08 Dec 2026,2
2026-06-23 05:26:34,OFC,HYDERABAD VAC,08 Dec 2026,2
2026-06-23 05:26:34,Consular,KOLKATA,17 Jul 2026,1
2026-06-23 05:26:34,Consular,MUMBAI,21 Jul 2026,1
2026-06-23 05:26:48,OFC,CHENNAI VAC,08 Dec 2026,2
2026-06-23 05:26:48,OFC,HYDERABAD VAC,08 Dec 2026,2
2026-06-23 05:26:48,Consular,KOLKATA,17 Jul 2026,1
2026-06-23 05:26:48,Consular,MUMBAI,21 Jul 2026,1
2026-06-23 05:26:57,OFC,CHENNAI VAC,04 Jan 2027,1
2026-06-23 05:26:57,OFC,HYDERABAD VAC,08 Dec 2026,2
2026-06-23 05:26:57,Consular,KOLKATA,17 Jul 2026,1
2026-06-23 05:26:57,Consular,MUMBAI,21 Jul 2026,1
2026-06-23 05:27:12,OFC,CHENNAI VAC,04 Jan 2027,1
2026-06-23 05:27:12,OFC,HYDERABAD VAC,08 Dec 2026,2
2026-06-23 05:27:12,Consular,KOLKATA,17 Jul 2026,1
2026-06-23 05:27:12,Consular,MUMBAI,21 Jul 2026,1
2026-06-23 05:27:24,OFC,CHENNAI VAC,04 Jan 2027,1
2026-06-23 05:27:24,Consular,KOLKATA,17 Jul 2026,1
2026-06-23 05:27:24,Consular,MUMBAI,21 Jul 2026,1
2026-06-23 05:28:51,OFC,CHENNAI VAC,04 Jan 2027,1
2026-06-23 05:28:51,Consular,KOLKATA,17 Jul 2026,1
2026-06-23 05:28:51,Consular,MUMBAI,21 Jul 2026,1
2026-06-23 05:28:56,OFC,CHENNAI VAC,04 Jan 2027,1
2026-06-23 05:28:56,Consular,KOLKATA,17 Jul 2026,1
2026-06-23 05:28:56,Consular,MUMBAI,21 Jul 2026,1
2026-06-23 05:29:07,OFC,CHENNAI VAC,04 Jan 2027,1
2026-06-23 05:29:07,Consular,KOLKATA,17 Jul 2026,1
2026-06-23 05:29:07,Consular,MUMBAI,21 Jul 2026,1
2026-06-23 05:29:57,Consular,KOLKATA,17 Jul 2026,1
2026-06-23 05:29:57,Consular,MUMBAI,21 Jul 2026,1
2026-06-23 05:30:03,Consular,KOLKATA,17 Jul 2026,1
2026-06-23 05:30:03,Consular,MUMBAI,21 Jul 2026,1
2026-06-23 05:30:12,Consular,KOLKATA,17 Jul 2026,1
2026-06-23 05:30:12,Consular,MUMBAI,21 Jul 2026,1
2026-06-23 05:30:24,OFC,CHENNAI VAC,24 Nov 2026,3
2026-06-23 05:30:24,OFC,HYDERABAD VAC,21 Jul 2026,8
2026-06-23 05:30:24,Consular,KOLKATA,17 Jul 2026,1
2026-06-23 05:30:24,Consular,MUMBAI,21 Jul 2026,1
2026-06-23 05:30:24,OFC,MUMBAI VAC,09 Dec 2026,1
2026-06-23 05:30:36,OFC,CHENNAI VAC,24 Nov 2026,3
2026-06-23 05:30:36,OFC,HYDERABAD VAC,23 Nov 2026,7
2026-06-23 05:30:36,Consular,KOLKATA,17 Jul 2026,1
2026-06-23 05:30:36,Consular,MUMBAI,21 Jul 2026,1
2026-06-23 05:30:36,OFC,MUMBAI VAC,09 Dec 2026,1
2026-06-23 05:30:44,OFC,CHENNAI VAC,24 Nov 2026,3
2026-06-23 05:30:44,OFC,HYDERABAD VAC,23 Nov 2026,7
2026-06-23 05:30:44,Consular,KOLKATA,17 Jul 2026,1
2026-06-23 05:30:44,Consular,MUMBAI,21 Jul 2026,1
2026-06-23 05:30:44,OFC,MUMBAI VAC,09 Dec 2026,1
2026-06-23 05:30:44,OFC,NEW DELHI VAC,01 Dec 2026,2
2026-06-23 05:30:55,OFC,CHENNAI VAC,24 Nov 2026,3
2026-06-23 05:30:55,OFC,HYDERABAD VAC,23 Nov 2026,7
2026-06-23 05:30:55,Consular,KOLKATA,17 Jul 2026,1
2026-06-23 05:30:55,OFC,KOLKATA VAC,23 Nov 2026,4
2026-06-23 05:30:55,Consular,MUMBAI,21 Jul 2026,1
2026-06-23 05:30:55,OFC,MUMBAI VAC,09 Dec 2026,1
2026-06-23 05:30:55,OFC,NEW DELHI VAC,23 Nov 2026,7
2026-06-23 05:31:06,OFC,CHENNAI VAC,30 Nov 2026,2
2026-06-23 05:31:06,OFC,HYDERABAD VAC,23 Nov 2026,7
2026-06-23 05:31:06,Consular,KOLKATA,17 Jul 2026,1
2026-06-23 05:31:06,OFC,KOLKATA VAC,23 Nov 2026,4
2026-06-23 05:31:06,Consular,MUMBAI,21 Jul 2026,1
2026-06-23 05:31:06,OFC,MUMBAI VAC,09 Dec 2026,1
2026-06-23 05:31:06,OFC,NEW DELHI VAC,01 Dec 2026,2
2026-06-23 05:31:16,OFC,CHENNAI VAC,30 Nov 2026,2
2026-06-23 05:31:16,OFC,HYDERABAD VAC,23 Nov 2026,7
2026-06-23 05:31:16,Consular,KOLKATA,17 Jul 2026,1
2026-06-23 05:31:16,OFC,KOLKATA VAC,23 Nov 2026,4
2026-06-23 05:31:16,Consular,MUMBAI,21 Jul 2026,1
2026-06-23 05:31:16,OFC,NEW DELHI VAC,01 Dec 2026,2
2026-06-23 05:31:29,OFC,CHENNAI VAC,30 Nov 2026,2
2026-06-23 05:31:29,OFC,HYDERABAD VAC,23 Nov 2026,7
2026-06-23 05:31:29,Consular,KOLKATA,17 Jul 2026,1
2026-06-23 05:31:29,OFC,KOLKATA VAC,23 Nov 2026,4
2026-06-23 05:31:29,Consular,MUMBAI,21 Jul 2026,1
2026-06-23 05:31:29,OFC,MUMBAI VAC,09 Dec 2026,1
2026-06-23 05:31:29,OFC,NEW DELHI VAC,01 Dec 2026,2
2026-06-23 05:31:37,OFC,CHENNAI VAC,04 Dec 2026,1
2026-06-23 05:31:37,OFC,HYDERABAD VAC,23 Nov 2026,7
2026-06-23 05:31:37,Consular,KOLKATA,17 Jul 2026,1
2026-06-23 05:31:37,OFC,KOLKATA VAC,23 Nov 2026,4
2026-06-23 05:31:37,Consular,MUMBAI,21 Jul 2026,1
2026-06-23 05:31:37,OFC,MUMBAI VAC,09 Dec 2026,1
2026-06-23 05:31:37,OFC,NEW DELHI VAC,01 Dec 2026,2
2026-06-23 05:31:48,OFC,CHENNAI VAC,04 Dec 2026,1
2026-06-23 05:31:48,OFC,HYDERABAD VAC,23 Nov 2026,7
2026-06-23 05:31:48,Consular,KOLKATA,17 Jul 2026,1
2026-06-23 05:31:48,OFC,KOLKATA VAC,23 Nov 2026,4
2026-06-23 05:31:48,Consular,MUMBAI,21 Jul 2026,1
2026-06-23 05:31:48,OFC,NEW DELHI VAC,01 Dec 2026,2
2026-06-23 05:32:01,OFC,CHENNAI VAC,04 Dec 2026,1
2026-06-23 05:32:01,Consular,KOLKATA,17 Jul 2026,1
2026-06-23 05:32:01,OFC,KOLKATA VAC,23 Nov 2026,4
2026-06-23 05:32:01,Consular,MUMBAI,21 Jul 2026,1
2026-06-23 05:32:01,OFC,NEW DELHI VAC,01 Dec 2026,2
2026-06-23 05:32:07,OFC,CHENNAI VAC,04 Dec 2026,1
2026-06-23 05:32:07,OFC,HYDERABAD VAC,23 Nov 2026,7
2026-06-23 05:32:07,Consular,KOLKATA,17 Jul 2026,1
2026-06-23 05:32:07,OFC,KOLKATA VAC,23 Nov 2026,4
2026-06-23 05:32:07,Consular,MUMBAI,21 Jul 2026,1
2026-06-23 05:32:07,OFC,NEW DELHI VAC,01 Dec 2026,2
2026-06-23 05:32:19,OFC,HYDERABAD VAC,23 Nov 2026,7
2026-06-23 05:32:19,Consular,KOLKATA,17 Jul 2026,1
2026-06-23 05:32:19,OFC,KOLKATA VAC,23 Nov 2026,4
2026-06-23 05:32:19,Consular,MUMBAI,21 Jul 2026,1
2026-06-23 05:32:19,OFC,NEW DELHI VAC,01 Dec 2026,2
2026-06-23 05:32:29,OFC,HYDERABAD VAC,23 Nov 2026,7
2026-06-23 05:32:29,Consular,KOLKATA,17 Jul 2026,1
2026-06-23 05:32:29,OFC,KOLKATA VAC,23 Nov 2026,4
2026-06-23 05:32:29,Consular,MUMBAI,21 Jul 2026,1
2026-06-23 05:32:29,OFC,NEW DELHI VAC,01 Dec 2026,2
2026-06-23 05:34:44,Consular,KOLKATA,17 Jul 2026,1
2026-06-23 05:34:44,OFC,KOLKATA VAC,23 Nov 2026,4
2026-06-23 05:34:44,Consular,MUMBAI,21 Jul 2026,1
2026-06-23 05:34:58,Consular,KOLKATA,17 Jul 2026,1
2026-06-23 05:34:58,OFC,KOLKATA VAC,23 Nov 2026,4
2026-06-23 05:34:58,Consular,MUMBAI,21 Jul 2026,1
2026-06-23 05:35:08,Consular,KOLKATA,17 Jul 2026,1
2026-06-23 05:35:08,OFC,KOLKATA VAC,23 Nov 2026,4
2026-06-23 05:35:08,Consular,MUMBAI,21 Jul 2026,1
2026-06-23 05:35:17,OFC,HYDERABAD VAC,23 Nov 2026,7
2026-06-23 05:35:17,Consular,KOLKATA,17 Jul 2026,1
2026-06-23 05:35:17,OFC,KOLKATA VAC,23 Nov 2026,4
2026-06-23 05:35:17,Consular,MUMBAI,21 Jul 2026,1
2026-06-23 05:35:31,OFC,HYDERABAD VAC,23 Nov 2026,7
2026-06-23 05:35:31,Consular,KOLKATA,17 Jul 2026,1
2026-06-23 05:35:31,OFC,KOLKATA VAC,23 Nov 2026,4
2026-06-23 05:35:31,Consular,MUMBAI,21 Jul 2026,1
2026-06-23 05:35:43,OFC,HYDERABAD VAC,23 Nov 2026,7
2026-06-23 05:35:43,Consular,KOLKATA,17 Jul 2026,1
2026-06-23 05:35:43,OFC,KOLKATA VAC,23 Nov 2026,4
2026-06-23 05:35:43,Consular,MUMBAI,21 Jul 2026,1
2026-06-23 05:35:51,OFC,HYDERABAD VAC,23 Nov 2026,7
2026-06-23 05:35:51,Consular,KOLKATA,17 Jul 2026,1
2026-06-23 05:35:51,OFC,KOLKATA VAC,23 Nov 2026,4
2026-06-23 05:35:51,Consular,MUMBAI,21 Jul 2026,1
2026-06-23 05:35:58,OFC,HYDERABAD VAC,23 Nov 2026,7
2026-06-23 05:35:58,Consular,KOLKATA,17 Jul 2026,1
2026-06-23 05:35:58,OFC,KOLKATA VAC,23 Nov 2026,4
2026-06-23 05:35:58,Consular,MUMBAI,21 Jul 2026,1
2026-06-23 05:36:11,Consular,KOLKATA,17 Jul 2026,1
2026-06-23 05:36:11,OFC,KOLKATA VAC,23 Nov 2026,4
2026-06-23 05:36:11,Consular,MUMBAI,21 Jul 2026,1
2026-06-23 05:36:23,Consular,KOLKATA,17 Jul 2026,1
2026-06-23 05:36:23,OFC,KOLKATA VAC,23 Nov 2026,4
2026-06-23 05:36:23,Consular,MUMBAI,21 Jul 2026,1
2026-06-23 05:36:35,Consular,KOLKATA,17 Jul 2026,1
2026-06-23 05:36:35,OFC,KOLKATA VAC,23 Nov 2026,4
2026-06-23 05:36:35,Consular,MUMBAI,21 Jul 2026,1
2026-06-23 05:36:42,Consular,KOLKATA,17 Jul 2026,1
2026-06-23 05:36:42,OFC,KOLKATA VAC,23 Nov 2026,4
2026-06-23 05:36:42,Consular,MUMBAI,21 Jul 2026,1
2026-06-23 05:36:54,Consular,KOLKATA,17 Jul 2026,1
2026-06-23 05:36:54,OFC,KOLKATA VAC,23 Nov 2026,4
2026-06-23 05:36:54,Consular,MUMBAI,21 Jul 2026,1
2026-06-23 05:37:02,Consular,KOLKATA,17 Jul 2026,1
2026-06-23 05:37:02,OFC,KOLKATA VAC,23 Nov 2026,4
2026-06-23 05:37:02,Consular,MUMBAI,21 Jul 2026,1
2026-06-23 05:37:18,Consular,KOLKATA,17 Jul 2026,1
2026-06-23 05:37:18,OFC,KOLKATA VAC,23 Nov 2026,4
2026-06-23 05:37:18,Consular,MUMBAI,21 Jul 2026,1
2026-06-23 05:37:27,Consular,KOLKATA,17 Jul 2026,1
2026-06-23 05:37:27,OFC,KOLKATA VAC,23 Nov 2026,4
2026-06-23 05:37:27,Consular,MUMBAI,21 Jul 2026,1
2026-06-23 05:37:40,Consular,KOLKATA,17 Jul 2026,1
2026-06-23 05:37:40,OFC,KOLKATA VAC,23 Nov 2026,4
2026-06-23 05:37:40,Consular,MUMBAI,21 Jul 2026,1
2026-06-23 05:37:54,Consular,KOLKATA,17 Jul 2026,1
2026-06-23 05:37:54,OFC,KOLKATA VAC,23 Nov 2026,4
2026-06-23 05:37:54,Consular,MUMBAI,21 Jul 2026,1
2026-06-23 05:38:02,OFC,CHENNAI VAC,24 Nov 2026,3
2026-06-23 05:38:02,OFC,HYDERABAD VAC,23 Nov 2026,7
2026-06-23 05:38:02,Consular,KOLKATA,17 Jul 2026,1
2026-06-23 05:38:02,OFC,KOLKATA VAC,23 Nov 2026,4
2026-06-23 05:38:02,Consular,MUMBAI,21 Jul 2026,1
2026-06-23 05:38:11,OFC,CHENNAI VAC,24 Nov 2026,3
2026-06-23 05:38:11,Consular,KOLKATA,17 Jul 2026,1
2026-06-23 05:38:11,OFC,KOLKATA VAC,23 Nov 2026,4
2026-06-23 05:38:11,Consular,MUMBAI,21 Jul 2026,1
2026-06-23 05:38:18,OFC,CHENNAI VAC,24 Nov 2026,3
2026-06-23 05:38:18,Consular,KOLKATA,17 Jul 2026,1
2026-06-23 05:38:18,OFC,KOLKATA VAC,23 Nov 2026,4
2026-06-23 05:38:18,Consular,MUMBAI,21 Jul 2026,1
2026-06-23 05:38:33,OFC,CHENNAI VAC,24 Nov 2026,3
2026-06-23 05:38:33,Consular,KOLKATA,17 Jul 2026,1
2026-06-23 05:38:33,Consular,MUMBAI,21 Jul 2026,1
2026-06-23 05:38:43,Consular,KOLKATA,17 Jul 2026,1
2026-06-23 05:38:43,Consular,MUMBAI,21 Jul 2026,1
2026-06-23 05:40:51,Consular,KOLKATA,17 Jul 2026,1
2026-06-23 05:40:51,Consular,MUMBAI,21 Jul 2026,1
2026-06-23 05:41:04,Consular,KOLKATA,17 Jul 2026,1
2026-06-23 05:41:04,Consular,MUMBAI,21 Jul 2026,1
2026-06-23 05:41:13,OFC,CHENNAI VAC,15 Jul 2026,12
2026-06-23 05:41:13,Consular,KOLKATA,17 Jul 2026,1
2026-06-23 05:41:13,Consular,MUMBAI,21 Jul 2026,1
2026-06-23 05:41:22,OFC,CHENNAI VAC,15 Jul 2026,12
2026-06-23 05:41:22,Consular,KOLKATA,17 Jul 2026,1
2026-06-23 05:41:22,Consular,MUMBAI,21 Jul 2026,1
2026-06-23 05:41:34,OFC,CHENNAI VAC,15 Jul 2026,12
2026-06-23 05:41:34,Consular,KOLKATA,17 Jul 2026,1
2026-06-23 05:41:34,Consular,MUMBAI,21 Jul 2026,1
2026-06-23 05:41:44,OFC,CHENNAI VAC,15 Jul 2026,12
2026-06-23 05:41:44,Consular,KOLKATA,17 Jul 2026,1
2026-06-23 05:41:44,Consular,MUMBAI,21 Jul 2026,1
2026-06-23 05:41:53,Consular,KOLKATA,17 Jul 2026,1
2026-06-23 05:41:53,Consular,MUMBAI,21 Jul 2026,1
2026-06-23 05:42:05,Consular,KOLKATA,17 Jul 2026,1
2026-06-23 05:42:05,Consular,MUMBAI,21 Jul 2026,1
2026-06-23 05:42:14,Consular,KOLKATA,17 Jul 2026,1
2026-06-23 05:42:14,Consular,MUMBAI,21 Jul 2026,1
2026-06-23 05:42:29,Consular,KOLKATA,17 Jul 2026,1
2026-06-23 05:42:29,Consular,MUMBAI,21 Jul 2026,1
2026-06-23 05:42:44,Consular,KOLKATA,17 Jul 2026,1
2026-06-23 05:42:44,Consular,MUMBAI,21 Jul 2026,1
2026-06-23 05:42:58,Consular,KOLKATA,17 Jul 2026,1
2026-06-23 05:42:58,Consular,MUMBAI,21 Jul 2026,1
2026-06-23 05:43:07,Consular,KOLKATA,17 Jul 2026,1
2026-06-23 05:43:07,Consular,MUMBAI,21 Jul 2026,1
2026-06-23 05:43:16,OFC,CHENNAI VAC,15 Jul 2026,12
2026-06-23 05:43:16,Consular,KOLKATA,17 Jul 2026,1
2026-06-23 05:43:16,Consular,MUMBAI,21 Jul 2026,1
2026-06-23 05:43:29,OFC,CHENNAI VAC,15 Jul 2026,12
2026-06-23 05:43:29,Consular,KOLKATA,17 Jul 2026,1
2026-06-23 05:43:29,Consular,MUMBAI,21 Jul 2026,1
2026-06-23 05:43:40,OFC,CHENNAI VAC,15 Jul 2026,12
2026-06-23 05:43:40,Consular,KOLKATA,17 Jul 2026,1
2026-06-23 05:43:40,Consular,MUMBAI,21 Jul 2026,1
2026-06-23 05:43:56,OFC,CHENNAI VAC,15 Jul 2026,12
2026-06-23 05:43:56,Consular,KOLKATA,17 Jul 2026,1
2026-06-23 05:43:56,Consular,MUMBAI,21 Jul 2026,1
2026-06-23 05:44:11,Consular,KOLKATA,17 Jul 2026,1
2026-06-23 05:44:11,Consular,MUMBAI,21 Jul 2026,1
2026-06-23 05:44:11,Consular,NEW DELHI,30 Jun 2026,2
2026-06-23 05:44:24,Consular,KOLKATA,17 Jul 2026,1
2026-06-23 05:44:24,Consular,MUMBAI,21 Jul 2026,1
2026-06-23 05:44:24,Consular,NEW DELHI,30 Jun 2026,2
2026-06-23 05:44:34,Consular,KOLKATA,17 Jul 2026,1
2026-06-23 05:44:34,Consular,MUMBAI,21 Jul 2026,1
2026-06-23 05:44:34,Consular,NEW DELHI,30 Jun 2026,2
2026-06-23 05:44:44,Consular,KOLKATA,17 Jul 2026,1
2026-06-23 05:44:44,Consular,MUMBAI,21 Jul 2026,1
2026-06-23 05:44:44,Consular,NEW DELHI,30 Jun 2026,2
2026-06-23 05:46:57,Consular,KOLKATA,17 Jul 2026,1
2026-06-23 05:46:57,Consular,MUMBAI,21 Jul 2026,1
2026-06-23 05:46:57,Consular,NEW DELHI,30 Jun 2026,2
2026-06-23 05:47:03,Consular,KOLKATA,17 Jul 2026,1
2026-06-23 05:47:03,Consular,MUMBAI,21 Jul 2026,1
2026-06-23 05:47:03,Consular,NEW DELHI,30 Jun 2026,2
2026-06-23 05:47:13,Consular,KOLKATA,17 Jul 2026,1
2026-06-23 05:47:13,Consular,MUMBAI,21 Jul 2026,1
2026-06-23 05:47:13,Consular,NEW DELHI,30 Jun 2026,2
2026-06-23 05:47:27,Consular,KOLKATA,17 Jul 2026,1
2026-06-23 05:47:27,Consular,MUMBAI,21 Jul 2026,1
2026-06-23 05:47:27,Consular,NEW DELHI,30 Jun 2026,2
2026-06-23 05:47:34,Consular,KOLKATA,17 Jul 2026,1
2026-06-23 05:47:34,Consular,MUMBAI,21 Jul 2026,1
2026-06-23 05:47:34,Consular,NEW DELHI,30 Jun 2026,2
2026-06-23 05:47:44,Consular,KOLKATA,17 Jul 2026,1
2026-06-23 05:47:44,Consular,MUMBAI,21 Jul 2026,1
2026-06-23 05:47:44,Consular,NEW DELHI,30 Jun 2026,2
2026-06-23 05:47:51,Consular,KOLKATA,17 Jul 2026,1
2026-06-23 05:47:51,Consular,MUMBAI,21 Jul 2026,1
2026-06-23 05:47:51,Consular,NEW DELHI,30 Jun 2026,2
2026-06-23 05:48:05,Consular,KOLKATA,17 Jul 2026,1
2026-06-23 05:48:05,Consular,MUMBAI,21 Jul 2026,1
2026-06-23 05:48:05,Consular,NEW DELHI,30 Jun 2026,2
2026-06-23 05:48:16,Consular,KOLKATA,17 Jul 2026,1
2026-06-23 05:48:16,Consular,MUMBAI,21 Jul 2026,1
2026-06-23 05:48:16,Consular,NEW DELHI,30 Jun 2026,2
2026-06-23 05:48:31,Consular,KOLKATA,17 Jul 2026,1
2026-06-23 05:48:31,Consular,MUMBAI,21 Jul 2026,1
2026-06-23 05:48:31,Consular,NEW DELHI,30 Jun 2026,2
2026-06-23 05:48:42,Consular,KOLKATA,17 Jul 2026,1
2026-06-23 05:48:42,Consular,MUMBAI,21 Jul 2026,1
2026-06-23 05:48:42,Consular,NEW DELHI,30 Jun 2026,2
2026-06-23 05:48:54,Consular,KOLKATA,17 Jul 2026,1
2026-06-23 05:48:54,Consular,MUMBAI,21 Jul 2026,1
2026-06-23 05:48:54,Consular,NEW DELHI,30 Jun 2026,2
2026-06-23 05:49:00,Consular,KOLKATA,17 Jul 2026,1
2026-06-23 05:49:00,Consular,MUMBAI,21 Jul 2026,1
2026-06-23 05:49:00,Consular,NEW DELHI,30 Jun 2026,2
2026-06-23 05:49:11,Consular,KOLKATA,17 Jul 2026,1
2026-06-23 05:49:11,Consular,MUMBAI,21 Jul 2026,1
2026-06-23 05:49:11,Consular,NEW DELHI,30 Jun 2026,2
2026-06-23 05:49:20,Consular,KOLKATA,17 Jul 2026,1
2026-06-23 05:49:20,Consular,MUMBAI,21 Jul 2026,1
2026-06-23 05:49:20,Consular,NEW DELHI,30 Jun 2026,2
2026-06-23 05:49:28,Consular,KOLKATA,17 Jul 2026,1
2026-06-23 05:49:28,Consular,MUMBAI,21 Jul 2026,1
2026-06-23 05:49:28,Consular,NEW DELHI,30 Jun 2026,2
2026-06-23 05:49:39,Consular,KOLKATA,17 Jul 2026,1
2026-06-23 05:49:39,Consular,MUMBAI,21 Jul 2026,1
2026-06-23 05:49:39,Consular,NEW DELHI,30 Jun 2026,2
2026-06-23 05:49:44,Consular,KOLKATA,17 Jul 2026,1
2026-06-23 05:49:44,Consular,MUMBAI,21 Jul 2026,1
2026-06-23 05:49:44,Consular,NEW DELHI,30 Jun 2026,2
2026-06-23 05:49:52,Consular,KOLKATA,17 Jul 2026,1
2026-06-23 05:49:52,Consular,MUMBAI,21 Jul 2026,1
2026-06-23 05:49:52,Consular,NEW DELHI,30 Jun 2026,2
2026-06-23 05:50:08,Consular,KOLKATA,17 Jul 2026,1
2026-06-23 05:50:08,Consular,MUMBAI,21 Jul 2026,1
2026-06-23 05:50:08,Consular,NEW DELHI,30 Jun 2026,2
2026-06-23 05:50:19,Consular,KOLKATA,17 Jul 2026,1
2026-06-23 05:50:19,Consular,MUMBAI,21 Jul 2026,1
2026-06-23 05:50:19,Consular,NEW DELHI,30 Jun 2026,2
2026-06-23 05:50:28,Consular,KOLKATA,17 Jul 2026,1
2026-06-23 05:50:28,Consular,MUMBAI,21 Jul 2026,1
2026-06-23 05:50:28,Consular,NEW DELHI,30 Jun 2026,2
2026-06-23 05:53:19,Consular,KOLKATA,17 Jul 2026,1
2026-06-23 05:53:19,Consular,MUMBAI,21 Jul 2026,1
2026-06-23 05:53:19,Consular,NEW DELHI,30 Jun 2026,2
2026-06-23 05:53:34,Consular,KOLKATA,17 Jul 2026,1
2026-06-23 05:53:34,Consular,MUMBAI,21 Jul 2026,1
2026-06-23 05:53:34,Consular,NEW DELHI,30 Jun 2026,2
2026-06-23 05:53:41,Consular,KOLKATA,17 Jul 2026,1
2026-06-23 05:53:41,Consular,MUMBAI,21 Jul 2026,1
2026-06-23 05:53:41,Consular,NEW DELHI,30 Jun 2026,2
2026-06-23 05:53:49,Consular,KOLKATA,17 Jul 2026,1
2026-06-23 05:53:49,Consular,MUMBAI,21 Jul 2026,1
2026-06-23 05:53:49,Consular,NEW DELHI,30 Jun 2026,2
2026-06-23 05:54:04,Consular,KOLKATA,17 Jul 2026,1
2026-06-23 05:54:04,Consular,MUMBAI,21 Jul 2026,1
2026-06-23 05:54:04,Consular,NEW DELHI,30 Jun 2026,2
2026-06-23 05:54:16,Consular,KOLKATA,17 Jul 2026,1
2026-06-23 05:54:16,Consular,MUMBAI,21 Jul 2026,1
2026-06-23 05:54:16,Consular,NEW DELHI,30 Jun 2026,2
2026-06-23 05:54:29,Consular,KOLKATA,17 Jul 2026,1
2026-06-23 05:54:29,Consular,MUMBAI,21 Jul 2026,1
2026-06-23 05:54:29,Consular,NEW DELHI,30 Jun 2026,2
2026-06-23 05:54:42,Consular,KOLKATA,17 Jul 2026,1
2026-06-23 05:54:42,Consular,MUMBAI,21 Jul 2026,1
2026-06-23 05:54:42,Consular,NEW DELHI,30 Jun 2026,2
2026-06-23 05:54:53,Consular,KOLKATA,17 Jul 2026,1
2026-06-23 05:54:53,Consular,MUMBAI,21 Jul 2026,1
2026-06-23 05:54:53,Consular,NEW DELHI,30 Jun 2026,2
2026-06-23 05:55:04,Consular,KOLKATA,17 Jul 2026,1
2026-06-23 05:55:04,Consular,MUMBAI,21 Jul 2026,1
2026-06-23 05:55:04,Consular,NEW DELHI,30 Jun 2026,2
2026-06-23 05:55:13,Consular,KOLKATA,17 Jul 2026,1
2026-06-23 05:55:13,Consular,MUMBAI,21 Jul 2026,1
2026-06-23 05:55:13,Consular,NEW DELHI,30 Jun 2026,2
2026-06-23 05:55:28,Consular,KOLKATA,17 Jul 2026,1
2026-06-23 05:55:28,Consular,MUMBAI,21 Jul 2026,1
2026-06-23 05:55:28,Consular,NEW DELHI,30 Jun 2026,2
2026-06-23 05:55:41,Consular,KOLKATA,17 Jul 2026,1
2026-06-23 05:55:41,Consular,MUMBAI,21 Jul 2026,1
2026-06-23 05:55:41,Consular,NEW DELHI,30 Jun 2026,2
2026-06-23 05:55:47,Consular,KOLKATA,17 Jul 2026,1
2026-06-23 05:55:47,Consular,MUMBAI,21 Jul 2026,1
2026-06-23 05:55:47,Consular,NEW DELHI,30 Jun 2026,2
2026-06-23 05:56:01,OFC,CHENNAI VAC,17 Sep 2026,7
2026-06-23 05:56:01,OFC,HYDERABAD VAC,04 Nov 2026,16
2026-06-23 05:56:01,Consular,KOLKATA,17 Jul 2026,1
2026-06-23 05:56:01,Consular,MUMBAI,21 Jul 2026,1
2026-06-23 05:56:01,Consular,NEW DELHI,30 Jun 2026,2
2026-06-23 05:56:10,OFC,CHENNAI VAC,05 Oct 2026,5
2026-06-23 05:56:10,OFC,HYDERABAD VAC,04 Nov 2026,16
2026-06-23 05:56:10,Consular,KOLKATA,17 Jul 2026,1
2026-06-23 05:56:10,Consular,MUMBAI,21 Jul 2026,1
2026-06-23 05:56:10,OFC,MUMBAI VAC,16 Nov 2026,2
2026-06-23 05:56:10,Consular,NEW DELHI,30 Jun 2026,2
2026-06-23 05:56:23,Consular,KOLKATA,17 Jul 2026,1
2026-06-23 05:56:23,OFC,KOLKATA VAC,09 Nov 2026,11
2026-06-23 05:56:23,Consular,MUMBAI,21 Jul 2026,1
2026-06-23 05:56:23,OFC,MUMBAI VAC,18 Nov 2026,1
2026-06-23 05:56:23,Consular,NEW DELHI,14 Oct 2026,1
2026-06-23 05:56:31,OFC,CHENNAI VAC,08 Oct 2026,4
2026-06-23 05:56:31,OFC,HYDERABAD VAC,04 Nov 2026,16
2026-06-23 05:56:31,Consular,KOLKATA,17 Jul 2026,1
2026-06-23 05:56:31,OFC,KOLKATA VAC,09 Nov 2026,11
2026-06-23 05:56:31,Consular,MUMBAI,21 Jul 2026,1
2026-06-23 05:56:31,OFC,MUMBAI VAC,18 Nov 2026,1
2026-06-23 05:56:31,Consular,NEW DELHI,14 Oct 2026,1
2026-06-23 05:56:41,OFC,CHENNAI VAC,09 Oct 2026,3
2026-06-23 05:56:41,Consular,KOLKATA,17 Jul 2026,1
2026-06-23 05:56:41,OFC,KOLKATA VAC,09 Nov 2026,11
2026-06-23 05:56:41,Consular,MUMBAI,21 Jul 2026,1
2026-06-23 05:56:41,OFC,MUMBAI VAC,18 Nov 2026,1
2026-06-23 05:56:41,Consular,NEW DELHI,14 Oct 2026,1
2026-06-23 05:56:56,OFC,HYDERABAD VAC,04 Nov 2026,16
2026-06-23 05:56:56,Consular,KOLKATA,17 Jul 2026,1
2026-06-23 05:56:56,OFC,KOLKATA VAC,09 Nov 2026,11
2026-06-23 05:56:56,Consular,MUMBAI,21 Jul 2026,1
2026-06-23 05:56:56,OFC,MUMBAI VAC,18 Nov 2026,1
2026-06-23 05:56:56,Consular,NEW DELHI,14 Oct 2026,1
2026-06-23 05:58:30,OFC,HYDERABAD VAC,05 Nov 2026,15
2026-06-23 05:58:30,Consular,KOLKATA,17 Jul 2026,1
2026-06-23 05:58:30,OFC,KOLKATA VAC,09 Nov 2026,11
2026-06-23 05:58:30,Consular,MUMBAI,21 Jul 2026,1
2026-06-23 05:58:30,Consular,NEW DELHI,14 Oct 2026,1
2026-06-23 05:58:37,Consular,KOLKATA,17 Jul 2026,1
2026-06-23 05:58:37,OFC,KOLKATA VAC,09 Nov 2026,11
2026-06-23 05:58:37,Consular,MUMBAI,21 Jul 2026,1
2026-06-23 05:58:37,Consular,NEW DELHI,14 Oct 2026,1
2026-06-23 05:58:47,Consular,KOLKATA,17 Jul 2026,1
2026-06-23 05:58:47,OFC,KOLKATA VAC,09 Nov 2026,11
2026-06-23 05:58:47,Consular,MUMBAI,21 Jul 2026,1
2026-06-23 05:58:47,Consular,NEW DELHI,14 Oct 2026,1
2026-06-23 06:00:19,Consular,KOLKATA,17 Jul 2026,1
2026-06-23 06:00:19,Consular,MUMBAI,21 Jul 2026,1
2026-06-23 06:00:19,Consular,NEW DELHI,14 Oct 2026,1
2026-06-23 06:00:31,OFC,CHENNAI VAC,13 Aug 2026,5
2026-06-23 06:00:31,Consular,KOLKATA,17 Jul 2026,1
2026-06-23 06:00:31,Consular,MUMBAI,21 Jul 2026,1
2026-06-23 06:00:31,Consular,NEW DELHI,14 Oct 2026,1
2026-06-23 06:00:37,OFC,CHENNAI VAC,13 Aug 2026,5
2026-06-23 06:00:37,Consular,KOLKATA,17 Jul 2026,1
2026-06-23 06:00:37,Consular,MUMBAI,21 Jul 2026,1
2026-06-23 06:00:37,Consular,NEW DELHI,14 Oct 2026,1
2026-06-23 06:00:48,OFC,CHENNAI VAC,13 Aug 2026,5
2026-06-23 06:00:48,Consular,KOLKATA,17 Jul 2026,1
2026-06-23 06:00:48,Consular,MUMBAI,21 Jul 2026,1
2026-06-23 06:00:48,Consular,NEW DELHI,14 Oct 2026,1
2026-06-23 06:01:00,OFC,CHENNAI VAC,13 Aug 2026,5
2026-06-23 06:01:00,Consular,KOLKATA,17 Jul 2026,1
2026-06-23 06:01:00,Consular,MUMBAI,21 Jul 2026,1
2026-06-23 06:01:00,Consular,NEW DELHI,14 Oct 2026,1
2026-06-23 06:01:09,OFC,CHENNAI VAC,13 Aug 2026,5
2026-06-23 06:01:09,Consular,KOLKATA,17 Jul 2026,1
2026-06-23 06:01:09,Consular,MUMBAI,21 Jul 2026,1
2026-06-23 06:01:21,Consular,KOLKATA,17 Jul 2026,1
2026-06-23 06:01:28,Consular,KOLKATA,17 Jul 2026,1
2026-06-23 06:01:43,OFC,CHENNAI VAC,13 Aug 2026,5
2026-06-23 06:01:43,Consular,KOLKATA,17 Jul 2026,1
2026-06-23 06:01:50,OFC,CHENNAI VAC,13 Aug 2026,3
2026-06-23 06:01:50,Consular,KOLKATA,17 Jul 2026,1
2026-06-23 06:01:59,Consular,KOLKATA,17 Jul 2026,1
2026-06-23 06:02:08,Consular,KOLKATA,17 Jul 2026,1
2026-06-23 06:02:14,Consular,KOLKATA,17 Jul 2026,1
2026-06-23 06:02:22,Consular,KOLKATA,17 Jul 2026,1
2026-06-23 06:04:16,Consular,NEW DELHI,30 Jun 2026,3
2026-06-23 06:04:29,Consular,CHENNAI,01 Jul 2026,2
2026-06-23 06:04:29,Consular,HYDERABAD,16 Jul 2026,3
2026-06-23 06:04:29,Consular,NEW DELHI,30 Jun 2026,3
2026-06-23 06:04:41,Consular,CHENNAI,01 Jul 2026,2
2026-06-23 06:04:41,Consular,HYDERABAD,16 Jul 2026,3
2026-06-23 06:04:41,Consular,NEW DELHI,30 Jun 2026,3
2026-06-23 06:04:56,Consular,CHENNAI,01 Jul 2026,2
2026-06-23 06:04:56,Consular,HYDERABAD,16 Jul 2026,3
2026-06-23 06:04:56,Consular,NEW DELHI,30 Jun 2026,3
2026-06-23 06:05:49,Consular,CHENNAI,01 Jul 2026,2
2026-06-23 06:05:49,Consular,HYDERABAD,16 Jul 2026,3
2026-06-23 06:05:49,Consular,NEW DELHI,30 Jun 2026,3
2026-06-23 06:05:57,Consular,CHENNAI,01 Jul 2026,2
2026-06-23 06:05:57,Consular,HYDERABAD,16 Jul 2026,3
2026-06-23 06:05:57,Consular,NEW DELHI,30 Jun 2026,3
2026-06-23 06:06:05,Consular,CHENNAI,01 Jul 2026,2
2026-06-23 06:06:05,Consular,NEW DELHI,30 Jun 2026,3
2026-06-23 06:06:15,Consular,CHENNAI,01 Jul 2026,2
2026-06-23 06:06:15,Consular,NEW DELHI,30 Jun 2026,3
2026-06-23 06:06:22,Consular,CHENNAI,01 Jul 2026,2
2026-06-23 06:06:22,Consular,NEW DELHI,30 Jun 2026,3
2026-06-23 06:06:37,Consular,CHENNAI,01 Jul 2026,2
2026-06-23 06:06:37,Consular,NEW DELHI,30 Jun 2026,3
2026-06-23 06:06:47,Consular,CHENNAI,01 Jul 2026,2
2026-06-23 06:06:47,Consular,NEW DELHI,30 Jun 2026,3
2026-06-23 06:06:56,Consular,CHENNAI,01 Jul 2026,2
2026-06-23 06:06:56,Consular,NEW DELHI,30 Jun 2026,3
2026-06-23 06:07:10,Consular,CHENNAI,01 Jul 2026,2
2026-06-23 06:07:18,Consular,CHENNAI,01 Jul 2026,2
2026-06-23 06:07:26,Consular,CHENNAI,01 Jul 2026,2
2026-06-23 06:07:34,Consular,CHENNAI,01 Jul 2026,2
2026-06-23 06:10:54,Consular,NEW DELHI,30 Jun 2026,3
2026-06-23 06:11:43,Consular,HYDERABAD,16 Jul 2026,3
2026-06-23 06:11:43,Consular,NEW DELHI,30 Jun 2026,3
2026-06-23 06:11:52,Consular,HYDERABAD,16 Jul 2026,3
2026-06-23 06:11:52,Consular,NEW DELHI,30 Jun 2026,3
2026-06-23 06:12:00,Consular,HYDERABAD,16 Jul 2026,3
2026-06-23 06:12:00,Consular,NEW DELHI,30 Jun 2026,3
2026-06-23 06:12:14,Consular,HYDERABAD,16 Jul 2026,3
2026-06-23 06:12:14,Consular,NEW DELHI,30 Jun 2026,3
2026-06-23 06:12:27,Consular,HYDERABAD,16 Jul 2026,3
2026-06-23 06:12:27,Consular,NEW DELHI,30 Jun 2026,3
2026-06-23 06:12:35,Consular,HYDERABAD,16 Jul 2026,3
2026-06-23 06:12:35,Consular,NEW DELHI,30 Jun 2026,3
2026-06-23 06:12:42,Consular,HYDERABAD,16 Jul 2026,3
2026-06-23 06:12:42,Consular,NEW DELHI,30 Jun 2026,3
2026-06-23 06:12:50,Consular,HYDERABAD,16 Jul 2026,3
2026-06-23 06:12:50,Consular,NEW DELHI,30 Jun 2026,3
2026-06-23 06:13:03,Consular,HYDERABAD,16 Jul 2026,3
2026-06-23 06:13:03,Consular,NEW DELHI,30 Jun 2026,3
2026-06-23 06:13:11,Consular,HYDERABAD,16 Jul 2026,3
2026-06-23 06:13:11,Consular,NEW DELHI,30 Jun 2026,3
2026-06-23 06:13:19,Consular,HYDERABAD,16 Jul 2026,3
2026-06-23 06:13:19,Consular,NEW DELHI,30 Jun 2026,3
2026-06-23 06:13:26,Consular,HYDERABAD,16 Jul 2026,3
2026-06-23 06:13:26,Consular,NEW DELHI,30 Jun 2026,3
2026-06-23 06:13:41,Consular,HYDERABAD,16 Jul 2026,3
2026-06-23 06:13:41,Consular,NEW DELHI,30 Jun 2026,3
2026-06-23 06:13:53,Consular,HYDERABAD,16 Jul 2026,3
2026-06-23 06:13:53,Consular,NEW DELHI,30 Jun 2026,3
2026-06-23 06:14:08,Consular,HYDERABAD,16 Jul 2026,3
2026-06-23 06:14:08,Consular,NEW DELHI,30 Jun 2026,3
2026-06-23 06:14:18,Consular,HYDERABAD,16 Jul 2026,3
2026-06-23 06:14:18,Consular,NEW DELHI,30 Jun 2026,3
2026-06-23 06:14:25,Consular,HYDERABAD,16 Jul 2026,3
2026-06-23 06:14:25,Consular,NEW DELHI,30 Jun 2026,3
2026-06-23 06:16:34,Consular,HYDERABAD,16 Jul 2026,3
2026-06-23 06:16:45,Consular,HYDERABAD,16 Jul 2026,3
2026-06-23 06:16:56,Consular,HYDERABAD,16 Jul 2026,3
2026-06-23 06:17:11,Consular,HYDERABAD,16 Jul 2026,3
2026-06-23 06:17:27,Consular,HYDERABAD,16 Jul 2026,3
2026-06-23 06:17:35,Consular,HYDERABAD,16 Jul 2026,3
2026-06-23 06:17:47,Consular,HYDERABAD,16 Jul 2026,3
2026-06-23 06:17:59,Consular,HYDERABAD,16 Jul 2026,3
2026-06-23 06:18:07,Consular,HYDERABAD,16 Jul 2026,3
2026-06-23 06:18:16,Consular,HYDERABAD,16 Jul 2026,3
2026-06-23 06:18:25,Consular,HYDERABAD,16 Jul 2026,3
2026-06-23 06:18:34,Consular,HYDERABAD,16 Jul 2026,3
2026-06-23 06:18:39,Consular,HYDERABAD,16 Jul 2026,3
2026-06-23 06:18:50,Consular,HYDERABAD,16 Jul 2026,3
2026-06-23 06:19:01,Consular,HYDERABAD,16 Jul 2026,3
2026-06-23 06:19:15,Consular,HYDERABAD,16 Jul 2026,3
2026-06-23 06:19:22,Consular,HYDERABAD,16 Jul 2026,3
2026-06-23 06:19:28,Consular,HYDERABAD,16 Jul 2026,3
2026-06-23 06:19:39,Consular,HYDERABAD,16 Jul 2026,3
2026-06-23 06:19:46,Consular,HYDERABAD,16 Jul 2026,3
2026-06-23 06:19:57,Consular,HYDERABAD,16 Jul 2026,3
2026-06-23 06:25:50,OFC,CHENNAI VAC,04 Jan 2027,5
2026-06-23 06:25:50,Consular,NEW DELHI,30 Jun 2026,2
2026-06-23 06:26:05,OFC,CHENNAI VAC,04 Jan 2027,5
2026-06-23 06:26:05,Consular,NEW DELHI,30 Jun 2026,2
2026-06-23 06:26:14,OFC,CHENNAI VAC,04 Jan 2027,5
2026-06-23 06:26:14,Consular,NEW DELHI,30 Jun 2026,2
2026-06-23 06:26:14,OFC,NEW DELHI VAC,07 Jan 2027,2
2026-06-23 06:26:28,OFC,CHENNAI VAC,04 Jan 2027,5
2026-06-23 06:26:28,OFC,NEW DELHI VAC,08 Jan 2027,1
2026-06-23 06:28:41,Consular,NEW DELHI,30 Jun 2026,3
2026-06-23 06:28:56,Consular,NEW DELHI,30 Jun 2026,3
2026-06-23 06:29:07,Consular,KOLKATA,02 Jul 2026,1
2026-06-23 06:29:07,Consular,NEW DELHI,06 Jul 2026,1
2026-06-23 06:29:22,Consular,KOLKATA,02 Jul 2026,1
2026-06-23 06:29:22,Consular,NEW DELHI,06 Jul 2026,1
2026-06-23 06:29:36,Consular,KOLKATA,02 Jul 2026,1
2026-06-23 06:29:36,Consular,NEW DELHI,06 Jul 2026,1
2026-06-23 06:29:48,Consular,KOLKATA,02 Jul 2026,1
2026-06-23 06:29:48,Consular,NEW DELHI,06 Jul 2026,1
2026-06-23 06:30:01,Consular,KOLKATA,02 Jul 2026,1
2026-06-23 06:30:01,Consular,NEW DELHI,06 Jul 2026,1
2026-06-23 06:30:16,OFC,CHENNAI VAC,13 Aug 2026,3
2026-06-23 06:30:16,Consular,KOLKATA,02 Jul 2026,1
2026-06-23 06:30:16,Consular,NEW DELHI,06 Jul 2026,1
2026-06-23 06:30:25,OFC,CHENNAI VAC,13 Aug 2026,3
2026-06-23 06:30:25,Consular,KOLKATA,02 Jul 2026,1
2026-06-23 06:30:25,Consular,NEW DELHI,06 Jul 2026,1
2026-06-23 06:30:35,Consular,KOLKATA,02 Jul 2026,1
2026-06-23 06:30:35,Consular,NEW DELHI,06 Jul 2026,1
2026-06-23 06:30:47,Consular,KOLKATA,02 Jul 2026,1
2026-06-23 06:30:53,Consular,KOLKATA,02 Jul 2026,1
2026-06-23 06:31:02,Consular,KOLKATA,02 Jul 2026,1
2026-06-23 06:31:02,Consular,NEW DELHI,06 Jul 2026,2
2026-06-23 06:31:09,Consular,KOLKATA,02 Jul 2026,1
2026-06-23 06:31:21,Consular,KOLKATA,02 Jul 2026,1
2026-06-23 06:31:27,Consular,KOLKATA,02 Jul 2026,1
2026-06-23 06:31:27,Consular,NEW DELHI,06 Jul 2026,3
2026-06-23 06:31:37,Consular,KOLKATA,02 Jul 2026,1
2026-06-23 06:31:37,Consular,NEW DELHI,06 Jul 2026,3
2026-06-23 06:31:48,Consular,KOLKATA,02 Jul 2026,1
2026-06-23 06:32:02,Consular,KOLKATA,02 Jul 2026,1
2026-06-23 06:32:02,Consular,NEW DELHI,06 Jul 2026,2
2026-06-23 06:32:11,Consular,KOLKATA,02 Jul 2026,1
2026-06-23 06:32:11,Consular,NEW DELHI,06 Jul 2026,2
2026-06-23 06:32:24,Consular,KOLKATA,02 Jul 2026,1
2026-06-23 06:32:24,Consular,NEW DELHI,06 Jul 2026,2
2026-06-23 06:34:40,Consular,HYDERABAD,15 Jul 2026,1
2026-06-23 06:34:40,Consular,KOLKATA,02 Jul 2026,2
2026-06-23 06:34:40,Consular,NEW DELHI,06 Jul 2026,2
2026-06-23 06:34:53,Consular,HYDERABAD,15 Jul 2026,1
2026-06-23 06:34:53,Consular,KOLKATA,02 Jul 2026,2
2026-06-23 06:34:53,Consular,NEW DELHI,06 Jul 2026,2
2026-06-23 06:35:00,Consular,HYDERABAD,15 Jul 2026,1
2026-06-23 06:35:00,Consular,KOLKATA,02 Jul 2026,2
2026-06-23 06:35:00,Consular,NEW DELHI,06 Jul 2026,2
2026-06-23 06:35:15,Consular,KOLKATA,02 Jul 2026,2
2026-06-23 06:35:15,Consular,NEW DELHI,06 Jul 2026,2
2026-06-23 06:35:28,Consular,KOLKATA,02 Jul 2026,2
2026-06-23 06:35:28,Consular,NEW DELHI,06 Jul 2026,2
2026-06-23 06:35:36,Consular,KOLKATA,02 Jul 2026,2
2026-06-23 06:35:36,Consular,NEW DELHI,06 Jul 2026,2
2026-06-23 06:35:44,Consular,KOLKATA,02 Jul 2026,2
2026-06-23 06:35:44,Consular,NEW DELHI,06 Jul 2026,2
2026-06-23 06:35:57,Consular,KOLKATA,02 Jul 2026,2
2026-06-23 06:36:07,Consular,KOLKATA,02 Jul 2026,2
2026-06-23 06:36:13,Consular,KOLKATA,02 Jul 2026,2
2026-06-23 06:36:23,Consular,KOLKATA,02 Jul 2026,2
2026-06-23 06:36:30,Consular,KOLKATA,02 Jul 2026,2
2026-06-23 06:36:42,Consular,KOLKATA,02 Jul 2026,2
2026-06-23 06:36:53,Consular,KOLKATA,02 Jul 2026,2
2026-06-23 06:38:20,Consular,NEW DELHI,06 Jul 2026,3
2026-06-23 06:40:34,Consular,HYDERABAD,15 Jul 2026,3
2026-06-23 06:40:34,Consular,KOLKATA,02 Jul 2026,2
2026-06-23 06:40:46,Consular,HYDERABAD,15 Jul 2026,3
2026-06-23 06:40:46,Consular,KOLKATA,02 Jul 2026,2
2026-06-23 06:40:59,Consular,HYDERABAD,15 Jul 2026,3
2026-06-23 06:40:59,Consular,KOLKATA,02 Jul 2026,2
2026-06-23 06:41:12,Consular,HYDERABAD,15 Jul 2026,3
2026-06-23 06:41:12,Consular,KOLKATA,02 Jul 2026,2
2026-06-23 06:41:20,Consular,HYDERABAD,15 Jul 2026,3
2026-06-23 06:41:20,Consular,KOLKATA,02 Jul 2026,2
2026-06-23 06:41:28,Consular,HYDERABAD,15 Jul 2026,3
2026-06-23 06:41:28,Consular,KOLKATA,02 Jul 2026,2
2026-06-23 06:41:37,Consular,HYDERABAD,15 Jul 2026,3
2026-06-23 06:41:37,Consular,KOLKATA,02 Jul 2026,2
2026-06-23 06:41:51,Consular,HYDERABAD,15 Jul 2026,3
2026-06-23 06:41:51,Consular,KOLKATA,02 Jul 2026,2
2026-06-23 06:42:05,Consular,HYDERABAD,15 Jul 2026,3
2026-06-23 06:42:05,Consular,KOLKATA,02 Jul 2026,2
2026-06-23 06:42:19,Consular,HYDERABAD,15 Jul 2026,3
2026-06-23 06:42:19,Consular,KOLKATA,02 Jul 2026,2
2026-06-23 06:42:25,Consular,KOLKATA,02 Jul 2026,2
2026-06-23 06:42:33,Consular,KOLKATA,02 Jul 2026,2
2026-06-23 06:42:41,Consular,KOLKATA,02 Jul 2026,2
2026-06-23 06:42:56,Consular,KOLKATA,02 Jul 2026,2
2026-06-23 06:43:10,Consular,KOLKATA,02 Jul 2026,2
2026-06-23 06:43:17,Consular,KOLKATA,02 Jul 2026,2
2026-06-23 06:43:30,Consular,KOLKATA,02 Jul 2026,2
2026-06-23 06:43:39,Consular,KOLKATA,02 Jul 2026,2
2026-06-23 06:43:52,Consular,KOLKATA,02 Jul 2026,2
2026-06-23 06:44:01,Consular,KOLKATA,02 Jul 2026,2
2026-06-23 06:44:15,Consular,KOLKATA,02 Jul 2026,2
2026-06-23 06:47:06,Consular,KOLKATA,02 Jul 2026,2
2026-06-23 06:47:20,Consular,KOLKATA,02 Jul 2026,2
2026-06-23 06:47:31,Consular,KOLKATA,02 Jul 2026,2
2026-06-23 06:47:42,Consular,KOLKATA,02 Jul 2026,2
2026-06-23 06:47:55,Consular,KOLKATA,02 Jul 2026,2
2026-06-23 06:48:04,Consular,KOLKATA,02 Jul 2026,2
2026-06-23 06:48:18,Consular,KOLKATA,02 Jul 2026,2
2026-06-23 06:48:32,Consular,KOLKATA,02 Jul 2026,2
2026-06-23 06:48:48,Consular,KOLKATA,02 Jul 2026,2
2026-06-23 06:49:00,Consular,KOLKATA,02 Jul 2026,2
2026-06-23 06:49:15,Consular,KOLKATA,02 Jul 2026,2
2026-06-23 06:49:24,Consular,KOLKATA,02 Jul 2026,2
2026-06-23 06:49:35,Consular,HYDERABAD,17 Jul 2026,2
2026-06-23 06:49:35,Consular,KOLKATA,02 Jul 2026,2
2026-06-23 06:49:42,Consular,HYDERABAD,17 Jul 2026,2
2026-06-23 06:49:42,Consular,KOLKATA,02 Jul 2026,2
2026-06-23 06:49:53,Consular,HYDERABAD,17 Jul 2026,2
2026-06-23 06:49:53,Consular,KOLKATA,02 Jul 2026,2
2026-06-23 06:50:03,Consular,HYDERABAD,17 Jul 2026,2
2026-06-23 06:50:03,Consular,KOLKATA,02 Jul 2026,2
2026-06-23 06:50:19,Consular,HYDERABAD,17 Jul 2026,2
2026-06-23 06:50:19,Consular,KOLKATA,02 Jul 2026,2
2026-06-23 06:50:32,Consular,HYDERABAD,17 Jul 2026,2
2026-06-23 06:50:32,Consular,KOLKATA,02 Jul 2026,2
2026-06-23 06:50:44,Consular,HYDERABAD,17 Jul 2026,2
2026-06-23 06:50:44,Consular,KOLKATA,02 Jul 2026,2
2026-06-23 06:50:50,Consular,HYDERABAD,17 Jul 2026,2
2026-06-23 06:50:50,Consular,KOLKATA,02 Jul 2026,2
2026-06-23 06:51:02,Consular,HYDERABAD,17 Jul 2026,2
2026-06-23 06:51:02,Consular,KOLKATA,02 Jul 2026,2
2026-06-23 06:51:12,Consular,HYDERABAD,17 Jul 2026,2
2026-06-23 06:51:12,Consular,KOLKATA,02 Jul 2026,2
2026-06-23 06:53:28,Consular,HYDERABAD,17 Jul 2026,2
2026-06-23 06:53:28,Consular,KOLKATA,02 Jul 2026,2
2026-06-23 06:53:38,Consular,HYDERABAD,17 Jul 2026,2
2026-06-23 06:53:38,Consular,KOLKATA,02 Jul 2026,2
2026-06-23 06:53:49,Consular,HYDERABAD,17 Jul 2026,2
2026-06-23 06:53:49,Consular,KOLKATA,02 Jul 2026,2
2026-06-23 06:54:00,Consular,HYDERABAD,17 Jul 2026,2
2026-06-23 06:54:00,Consular,KOLKATA,02 Jul 2026,2
2026-06-23 06:54:09,Consular,HYDERABAD,17 Jul 2026,2
2026-06-23 06:54:09,Consular,KOLKATA,02 Jul 2026,2
2026-06-23 06:54:17,Consular,KOLKATA,02 Jul 2026,2
2026-06-23 06:54:26,Consular,KOLKATA,02 Jul 2026,2
2026-06-23 06:54:26,Consular,NEW DELHI,06 Jul 2026,3
2026-06-23 06:54:37,Consular,KOLKATA,02 Jul 2026,2
2026-06-23 06:54:37,Consular,NEW DELHI,06 Jul 2026,3
2026-06-23 06:54:49,Consular,KOLKATA,02 Jul 2026,2
2026-06-23 06:54:49,Consular,NEW DELHI,06 Jul 2026,3
2026-06-23 06:55:00,Consular,KOLKATA,02 Jul 2026,2
2026-06-23 06:55:00,Consular,NEW DELHI,06 Jul 2026,3
2026-06-23 06:55:11,Consular,KOLKATA,02 Jul 2026,2
2026-06-23 06:55:11,Consular,NEW DELHI,06 Jul 2026,3
2026-06-23 06:55:26,Consular,KOLKATA,02 Jul 2026,2
2026-06-23 06:55:26,Consular,NEW DELHI,06 Jul 2026,3
2026-06-23 06:55:40,OFC,CHENNAI VAC,04 Jan 2027,3
2026-06-23 06:55:40,Consular,KOLKATA,02 Jul 2026,2
2026-06-23 06:55:40,OFC,MUMBAI VAC,09 Dec 2026,1
2026-06-23 06:55:40,Consular,NEW DELHI,06 Jul 2026,3
2026-06-23 06:55:55,OFC,CHENNAI VAC,16 Sep 2026,11
2026-06-23 06:55:55,Consular,KOLKATA,02 Jul 2026,2
2026-06-23 06:55:55,OFC,MUMBAI VAC,09 Dec 2026,1
2026-06-23 06:55:55,Consular,NEW DELHI,06 Jul 2026,3
2026-06-23 06:56:00,OFC,CHENNAI VAC,17 Sep 2026,10
2026-06-23 06:56:00,Consular,KOLKATA,02 Jul 2026,2
2026-06-23 06:56:00,OFC,MUMBAI VAC,09 Dec 2026,1
2026-06-23 06:56:00,Consular,NEW DELHI,06 Jul 2026,3
2026-06-23 06:56:15,OFC,CHENNAI VAC,05 Oct 2026,9
2026-06-23 06:56:15,OFC,HYDERABAD VAC,18 Sep 2026,15
2026-06-23 06:56:15,Consular,KOLKATA,02 Jul 2026,2
2026-06-23 06:56:15,OFC,KOLKATA VAC,02 Nov 2026,11
2026-06-23 06:56:15,OFC,MUMBAI VAC,16 Nov 2026,3
2026-06-23 06:56:15,Consular,NEW DELHI,06 Jul 2026,3
2026-06-23 06:56:26,OFC,CHENNAI VAC,09 Oct 2026,7
2026-06-23 06:56:26,Consular,KOLKATA,02 Jul 2026,2
2026-06-23 06:56:26,OFC,KOLKATA VAC,02 Nov 2026,11
2026-06-23 06:56:26,OFC,MUMBAI VAC,16 Nov 2026,3
2026-06-23 06:56:26,Consular,NEW DELHI,06 Jul 2026,3
2026-06-23 06:56:36,OFC,CHENNAI VAC,09 Oct 2026,7
2026-06-23 06:56:36,Consular,HYDERABAD,13 Oct 2026,1
2026-06-23 06:56:36,OFC,HYDERABAD VAC,04 Nov 2026,14
2026-06-23 06:56:36,Consular,KOLKATA,02 Jul 2026,2
2026-06-23 06:56:36,Consular,NEW DELHI,06 Jul 2026,3
2026-06-23 06:56:50,OFC,CHENNAI VAC,04 Nov 2026,6
2026-06-23 06:56:50,Consular,HYDERABAD,13 Oct 2026,1
2026-06-23 06:56:50,Consular,KOLKATA,02 Jul 2026,2
2026-06-23 06:56:50,OFC,KOLKATA VAC,02 Nov 2026,11
2026-06-23 06:56:50,OFC,MUMBAI VAC,18 Nov 2026,2
2026-06-23 06:56:50,Consular,NEW DELHI,06 Jul 2026,3
2026-06-23 06:57:05,OFC,CHENNAI VAC,04 Nov 2026,6
2026-06-23 06:57:05,Consular,HYDERABAD,13 Oct 2026,1
2026-06-23 06:57:05,Consular,KOLKATA,02 Jul 2026,2
2026-06-23 06:57:05,OFC,KOLKATA VAC,12 Nov 2026,7
2026-06-23 06:57:05,OFC,MUMBAI VAC,18 Nov 2026,2
2026-06-23 06:57:05,Consular,NEW DELHI,06 Jul 2026,3
2026-06-23 06:57:17,Consular,KOLKATA,02 Jul 2026,2
2026-06-23 06:57:17,OFC,KOLKATA VAC,12 Nov 2026,7
2026-06-23 06:57:17,OFC,MUMBAI VAC,18 Nov 2026,2
2026-06-23 06:57:17,Consular,NEW DELHI,06 Jul 2026,3
2026-06-23 06:59:33,OFC,CHENNAI VAC,04 Jan 2027,3
2026-06-23 06:59:33,OFC,HYDERABAD VAC,05 Nov 2026,13
2026-06-23 06:59:33,Consular,KOLKATA,02 Jul 2026,2
2026-06-23 06:59:33,OFC,KOLKATA VAC,12 Nov 2026,9
2026-06-23 06:59:42,OFC,CHENNAI VAC,04 Jan 2027,3
2026-06-23 06:59:42,OFC,HYDERABAD VAC,05 Nov 2026,13
2026-06-23 06:59:42,Consular,KOLKATA,02 Jul 2026,2
2026-06-23 06:59:42,OFC,KOLKATA VAC,12 Nov 2026,9
2026-06-23 06:59:50,OFC,CHENNAI VAC,04 Jan 2027,3
2026-06-23 06:59:50,OFC,HYDERABAD VAC,05 Nov 2026,13
2026-06-23 06:59:50,Consular,KOLKATA,02 Jul 2026,2
2026-06-23 06:59:50,OFC,KOLKATA VAC,12 Nov 2026,9
2026-06-23 07:00:03,OFC,CHENNAI VAC,04 Jan 2027,3
2026-06-23 07:00:03,Consular,KOLKATA,02 Jul 2026,2
2026-06-23 07:00:03,OFC,KOLKATA VAC,12 Nov 2026,9
2026-06-23 07:00:13,OFC,CHENNAI VAC,04 Jan 2027,3
2026-06-23 07:00:13,OFC,HYDERABAD VAC,05 Nov 2026,13
2026-06-23 07:00:13,Consular,KOLKATA,02 Jul 2026,2
2026-06-23 07:00:13,OFC,KOLKATA VAC,12 Nov 2026,9
2026-06-23 07:00:23,OFC,CHENNAI VAC,04 Jan 2027,3
2026-06-23 07:00:23,OFC,HYDERABAD VAC,03 Nov 2026,14
2026-06-23 07:00:23,Consular,KOLKATA,02 Jul 2026,2
2026-06-23 07:00:34,OFC,CHENNAI VAC,05 Jan 2027,2
2026-06-23 07:00:34,OFC,HYDERABAD VAC,09 Dec 2026,1
2026-06-23 07:00:34,Consular,KOLKATA,02 Jul 2026,2
2026-06-23 07:00:42,OFC,CHENNAI VAC,04 Jan 2027,3
2026-06-23 07:00:42,OFC,HYDERABAD VAC,09 Dec 2026,1
2026-06-23 07:00:56,OFC,CHENNAI VAC,05 Jan 2027,2
2026-06-23 07:00:56,OFC,HYDERABAD VAC,09 Dec 2026,1
2026-06-23 07:01:05,OFC,CHENNAI VAC,05 Jan 2027,2
2026-06-23 07:01:14,OFC,CHENNAI VAC,05 Jan 2027,2
2026-06-23 07:01:33,OFC,CHENNAI VAC,05 Jan 2027,2
2026-06-23 07:01:33,Consular,NEW DELHI,14 Jul 2026,2
2026-06-23 07:01:42,OFC,CHENNAI VAC,06 Jan 2027,1
2026-06-23 07:02:05,OFC,CHENNAI VAC,06 Jan 2027,1
2026-06-23 07:02:20,OFC,CHENNAI VAC,06 Jan 2027,1
2026-06-23 07:02:27,OFC,CHENNAI VAC,06 Jan 2027,1
2026-06-23 07:02:44,OFC,CHENNAI VAC,06 Jan 2027,1
2026-06-23 07:02:53,OFC,CHENNAI VAC,06 Jan 2027,1
2026-06-23 07:30:23,OFC,HYDERABAD VAC,02 Jul 2026,16
2026-06-23 07:30:23,OFC,KOLKATA VAC,12 Nov 2026,10
2026-06-23 07:30:31,OFC,CHENNAI VAC,20 Aug 2026,5
2026-06-23 07:30:31,OFC,KOLKATA VAC,12 Nov 2026,10
2026-06-23 07:30:44,OFC,CHENNAI VAC,20 Aug 2026,5
2026-06-23 07:30:44,OFC,HYDERABAD VAC,02 Jul 2026,17
2026-06-23 07:30:44,OFC,KOLKATA VAC,12 Nov 2026,10
2026-06-23 07:30:44,OFC,NEW DELHI VAC,09 Sep 2026,1
2026-06-23 07:30:53,OFC,CHENNAI VAC,20 Aug 2026,5
2026-06-23 07:30:53,OFC,HYDERABAD VAC,03 Nov 2026,14
2026-06-23 07:30:53,OFC,KOLKATA VAC,12 Nov 2026,10
2026-06-23 07:31:06,OFC,CHENNAI VAC,20 Aug 2026,4
2026-06-23 07:31:06,OFC,HYDERABAD VAC,05 Nov 2026,13
2026-06-23 07:31:06,OFC,KOLKATA VAC,12 Nov 2026,10
2026-06-23 07:31:06,Consular,MUMBAI,17 Jul 2026,2
2026-06-23 07:31:15,OFC,CHENNAI VAC,20 Aug 2026,4
2026-06-23 07:31:15,OFC,HYDERABAD VAC,05 Nov 2026,13
2026-06-23 07:31:15,OFC,KOLKATA VAC,12 Nov 2026,10
2026-06-23 07:31:15,Consular,MUMBAI,15 Sep 2026,1
2026-06-23 07:31:29,OFC,KOLKATA VAC,12 Nov 2026,10
2026-06-23 07:31:29,Consular,MUMBAI,15 Sep 2026,1
2026-06-23 07:31:45,OFC,HYDERABAD VAC,05 Nov 2026,13
2026-06-23 07:31:45,OFC,KOLKATA VAC,12 Nov 2026,10
2026-06-23 07:31:45,Consular,MUMBAI,15 Sep 2026,1
2026-06-23 07:31:51,OFC,HYDERABAD VAC,05 Nov 2026,13
2026-06-23 07:31:51,OFC,KOLKATA VAC,12 Nov 2026,10
2026-06-23 07:31:51,Consular,MUMBAI,15 Sep 2026,1
2026-06-23 07:31:58,OFC,HYDERABAD VAC,05 Nov 2026,13
2026-06-23 07:31:58,Consular,MUMBAI,15 Sep 2026,1
2026-06-23 07:33:15,Consular,NEW DELHI,14 Jul 2026,2
2026-06-23 07:34:11,Consular,MUMBAI,20 Jul 2026,1
2026-06-23 07:34:11,Consular,NEW DELHI,14 Jul 2026,2
2026-06-23 07:34:18,Consular,MUMBAI,20 Jul 2026,1
2026-06-23 07:34:18,Consular,NEW DELHI,14 Jul 2026,2
2026-06-23 07:34:33,Consular,MUMBAI,20 Jul 2026,1
2026-06-23 07:34:33,Consular,NEW DELHI,14 Jul 2026,2
2026-06-23 07:36:01,Consular,MUMBAI,20 Jul 2026,1
2026-06-23 07:36:01,Consular,NEW DELHI,14 Jul 2026,2
2026-06-23 07:36:10,Consular,MUMBAI,20 Jul 2026,1
2026-06-23 07:36:10,Consular,NEW DELHI,14 Jul 2026,2
2026-06-23 07:36:21,Consular,MUMBAI,20 Jul 2026,1
2026-06-23 07:36:21,Consular,NEW DELHI,14 Jul 2026,2
2026-06-23 07:36:30,Consular,MUMBAI,20 Jul 2026,1
2026-06-23 07:36:30,Consular,NEW DELHI,14 Jul 2026,2
2026-06-23 07:36:41,Consular,MUMBAI,20 Jul 2026,1
2026-06-23 07:36:41,Consular,NEW DELHI,14 Jul 2026,2
2026-06-23 07:36:51,Consular,MUMBAI,20 Jul 2026,1
2026-06-23 07:36:51,Consular,NEW DELHI,14 Jul 2026,2
2026-06-23 07:36:57,Consular,MUMBAI,20 Jul 2026,1
2026-06-23 07:36:57,Consular,NEW DELHI,14 Jul 2026,2
2026-06-23 07:37:13,Consular,MUMBAI,20 Jul 2026,1
2026-06-23 07:37:13,Consular,NEW DELHI,14 Jul 2026,2
2026-06-23 07:37:19,Consular,MUMBAI,20 Jul 2026,1
2026-06-23 07:37:19,Consular,NEW DELHI,14 Jul 2026,2
2026-06-23 07:37:26,Consular,MUMBAI,20 Jul 2026,1
2026-06-23 07:37:26,Consular,NEW DELHI,14 Jul 2026,2
2026-06-23 07:37:37,Consular,MUMBAI,20 Jul 2026,1
2026-06-23 07:37:37,Consular,NEW DELHI,14 Jul 2026,2
2026-06-23 07:37:44,Consular,MUMBAI,20 Jul 2026,1
2026-06-23 07:37:44,Consular,NEW DELHI,14 Jul 2026,2
2026-06-23 07:37:51,Consular,MUMBAI,20 Jul 2026,1
2026-06-23 07:37:51,Consular,NEW DELHI,14 Jul 2026,2
2026-06-23 07:38:05,Consular,MUMBAI,20 Jul 2026,1
2026-06-23 07:38:05,Consular,NEW DELHI,14 Jul 2026,2
2026-06-23 07:38:12,Consular,MUMBAI,20 Jul 2026,1
2026-06-23 07:38:12,Consular,NEW DELHI,14 Jul 2026,2
2026-06-23 07:38:19,Consular,MUMBAI,20 Jul 2026,1
2026-06-23 07:38:19,Consular,NEW DELHI,14 Jul 2026,2
2026-06-23 07:38:33,Consular,MUMBAI,20 Jul 2026,1
2026-06-23 07:38:33,Consular,NEW DELHI,14 Jul 2026,2
2026-06-23 07:39:27,Consular,MUMBAI,20 Jul 2026,1
2026-06-23 07:39:27,Consular,NEW DELHI,14 Jul 2026,2
2026-06-23 07:39:39,Consular,MUMBAI,20 Jul 2026,1
2026-06-23 07:39:39,Consular,NEW DELHI,14 Jul 2026,2
2026-06-23 07:39:48,Consular,MUMBAI,20 Jul 2026,1
2026-06-23 07:39:48,Consular,NEW DELHI,14 Jul 2026,2
2026-06-23 07:40:00,Consular,MUMBAI,20 Jul 2026,1
2026-06-23 07:40:00,Consular,NEW DELHI,14 Jul 2026,2
2026-06-23 07:40:08,Consular,MUMBAI,20 Jul 2026,1
2026-06-23 07:40:08,Consular,NEW DELHI,14 Jul 2026,2
2026-06-23 07:40:18,Consular,MUMBAI,20 Jul 2026,1
2026-06-23 07:42:27,Consular,MUMBAI,20 Jul 2026,1
2026-06-23 07:42:39,Consular,MUMBAI,20 Jul 2026,1
2026-06-23 07:42:54,Consular,MUMBAI,20 Jul 2026,1
2026-06-23 07:43:07,Consular,MUMBAI,20 Jul 2026,1
2026-06-23 07:43:17,Consular,MUMBAI,20 Jul 2026,1
2026-06-23 07:43:27,Consular,MUMBAI,20 Jul 2026,1
2026-06-23 07:43:40,Consular,MUMBAI,20 Jul 2026,1
2026-06-23 07:43:55,Consular,MUMBAI,20 Jul 2026,1
2026-06-23 07:44:08,Consular,MUMBAI,20 Jul 2026,1
2026-06-23 07:44:17,Consular,MUMBAI,20 Jul 2026,1
2026-06-23 07:44:29,Consular,MUMBAI,20 Jul 2026,1
2026-06-23 07:44:37,Consular,MUMBAI,20 Jul 2026,1
2026-06-23 07:44:44,Consular,MUMBAI,20 Jul 2026,1
2026-06-23 07:44:51,Consular,MUMBAI,20 Jul 2026,1
2026-06-23 07:45:02,Consular,MUMBAI,20 Jul 2026,1
2026-06-23 07:45:50,Consular,MUMBAI,20 Jul 2026,1
2026-06-23 07:46:03,Consular,MUMBAI,20 Jul 2026,1
2026-06-23 07:46:17,Consular,MUMBAI,20 Jul 2026,1
2026-06-23 07:46:23,Consular,MUMBAI,20 Jul 2026,1
2026-06-23 07:46:31,Consular,MUMBAI,20 Jul 2026,1
2026-06-23 07:49:15,Consular,NEW DELHI,14 Jul 2026,2
2026-06-23 07:49:30,Consular,HYDERABAD,17 Jul 2026,2
2026-06-23 07:49:30,Consular,NEW DELHI,14 Jul 2026,2
2026-06-23 07:49:41,Consular,HYDERABAD,17 Jul 2026,2
2026-06-23 07:49:41,Consular,NEW DELHI,14 Jul 2026,2
2026-06-23 07:49:52,Consular,HYDERABAD,17 Jul 2026,2
2026-06-23 07:49:52,Consular,NEW DELHI,14 Jul 2026,2
2026-06-23 07:50:07,Consular,HYDERABAD,17 Jul 2026,2
2026-06-23 07:50:07,Consular,NEW DELHI,14 Jul 2026,2
2026-06-23 07:50:13,Consular,HYDERABAD,17 Jul 2026,2
2026-06-23 07:50:13,Consular,NEW DELHI,14 Jul 2026,2
2026-06-23 07:50:21,Consular,HYDERABAD,17 Jul 2026,2
2026-06-23 07:50:21,Consular,NEW DELHI,14 Jul 2026,2
2026-06-23 07:50:30,Consular,HYDERABAD,17 Jul 2026,2
2026-06-23 07:50:30,Consular,NEW DELHI,14 Jul 2026,2
2026-06-23 07:50:44,Consular,HYDERABAD,17 Jul 2026,2
2026-06-23 07:50:44,Consular,NEW DELHI,14 Jul 2026,2
2026-06-23 07:50:57,Consular,HYDERABAD,17 Jul 2026,2
2026-06-23 07:50:57,Consular,NEW DELHI,14 Jul 2026,2
2026-06-23 07:51:11,Consular,NEW DELHI,14 Jul 2026,2
2026-06-23 07:51:24,Consular,NEW DELHI,14 Jul 2026,2
2026-06-23 07:51:32,Consular,NEW DELHI,14 Jul 2026,2
2026-06-23 07:56:07,OFC,CHENNAI VAC,08 Oct 2026,2
2026-06-23 07:56:07,OFC,HYDERABAD VAC,18 Sep 2026,1
2026-06-23 07:56:18,OFC,CHENNAI VAC,08 Oct 2026,2
2026-06-23 08:00:55,OFC,CHENNAI VAC,04 Dec 2026,2
2026-06-23 08:00:55,OFC,HYDERABAD VAC,10 Nov 2026,15
2026-06-23 08:00:55,OFC,KOLKATA VAC,12 Nov 2026,10
2026-06-23 08:00:55,OFC,MUMBAI VAC,18 Nov 2026,2
2026-06-23 08:00:55,OFC,NEW DELHI VAC,01 Dec 2026,2
2026-06-23 08:01:04,OFC,CHENNAI VAC,04 Dec 2026,1
2026-06-23 08:01:04,OFC,HYDERABAD VAC,10 Nov 2026,15
2026-06-23 08:01:04,OFC,KOLKATA VAC,12 Nov 2026,10
2026-06-23 08:01:04,OFC,MUMBAI VAC,09 Dec 2026,1
2026-06-23 08:01:04,OFC,NEW DELHI VAC,01 Dec 2026,2
2026-06-23 08:01:17,OFC,CHENNAI VAC,04 Dec 2026,1
2026-06-23 08:01:17,OFC,HYDERABAD VAC,10 Nov 2026,15
2026-06-23 08:01:17,OFC,KOLKATA VAC,12 Nov 2026,10
2026-06-23 08:01:17,OFC,MUMBAI VAC,09 Dec 2026,1
2026-06-23 08:01:25,OFC,HYDERABAD VAC,10 Nov 2026,15
2026-06-23 08:01:25,OFC,MUMBAI VAC,09 Dec 2026,1
2026-06-23 08:18:55,Consular,HYDERABAD,20 Jul 2026,1
2026-06-23 08:18:55,Consular,NEW DELHI,16 Jul 2026,1
2026-06-23 08:19:04,Consular,HYDERABAD,20 Jul 2026,1
2026-06-23 08:19:04,Consular,NEW DELHI,16 Jul 2026,1
2026-06-23 08:19:18,Consular,HYDERABAD,20 Jul 2026,1
2026-06-23 08:19:18,Consular,NEW DELHI,16 Jul 2026,1
2026-06-23 08:19:30,Consular,HYDERABAD,20 Jul 2026,1
2026-06-23 08:19:30,Consular,NEW DELHI,16 Jul 2026,1
2026-06-23 08:19:42,Consular,HYDERABAD,20 Jul 2026,1
2026-06-23 08:19:42,Consular,NEW DELHI,16 Jul 2026,1
2026-06-23 08:19:55,Consular,HYDERABAD,20 Jul 2026,1
2026-06-23 08:19:55,Consular,NEW DELHI,16 Jul 2026,1
2026-06-23 08:20:46,Consular,HYDERABAD,20 Jul 2026,1
2026-06-23 08:20:56,Consular,HYDERABAD,20 Jul 2026,1
2026-06-23 08:21:02,Consular,HYDERABAD,20 Jul 2026,1
2026-06-23 08:21:14,Consular,HYDERABAD,20 Jul 2026,1
2026-06-23 08:21:28,Consular,HYDERABAD,20 Jul 2026,1
2026-06-23 08:21:28,OFC,MUMBAI VAC,25 Jun 2026,25
2026-06-23 08:21:37,Consular,HYDERABAD,20 Jul 2026,1
2026-06-23 08:21:37,OFC,MUMBAI VAC,25 Jun 2026,25
2026-06-23 08:21:51,Consular,HYDERABAD,20 Jul 2026,1
2026-06-23 08:21:51,OFC,MUMBAI VAC,25 Jun 2026,25
2026-06-23 08:22:06,Consular,HYDERABAD,20 Jul 2026,1
2026-06-23 08:22:06,OFC,MUMBAI VAC,25 Jun 2026,25
2026-06-23 08:22:12,Consular,HYDERABAD,20 Jul 2026,1
2026-06-23 08:22:12,OFC,MUMBAI VAC,25 Jun 2026,25
2026-06-23 08:22:23,Consular,HYDERABAD,20 Jul 2026,1
2026-06-23 08:22:23,OFC,MUMBAI VAC,25 Jun 2026,25
2026-06-23 08:22:33,Consular,HYDERABAD,20 Jul 2026,1
2026-06-23 08:22:42,Consular,HYDERABAD,20 Jul 2026,1
2026-06-23 08:22:56,Consular,HYDERABAD,20 Jul 2026,1
2026-06-23 08:23:06,Consular,HYDERABAD,20 Jul 2026,1
2026-06-23 08:23:15,Consular,HYDERABAD,20 Jul 2026,1
2026-06-23 08:23:30,Consular,HYDERABAD,20 Jul 2026,1
2026-06-23 08:25:05,Consular,NEW DELHI,16 Jul 2026,1
2026-06-23 08:25:15,Consular,NEW DELHI,16 Jul 2026,1
2026-06-23 08:25:25,Consular,NEW DELHI,16 Jul 2026,1
2026-06-23 08:26:21,OFC,CHENNAI VAC,04 Jan 2027,11
2026-06-23 08:26:21,Consular,KOLKATA,17 Jul 2026,1
2026-06-23 08:26:21,Consular,NEW DELHI,16 Jul 2026,1
2026-06-23 08:26:21,OFC,NEW DELHI VAC,08 Jan 2027,9
2026-06-23 08:26:28,Consular,KOLKATA,17 Jul 2026,1
2026-06-23 08:26:28,Consular,NEW DELHI,16 Jul 2026,1
2026-06-23 08:26:28,OFC,NEW DELHI VAC,08 Jan 2027,9
2026-06-23 08:26:41,OFC,CHENNAI VAC,04 Jan 2027,11
2026-06-23 08:26:41,Consular,KOLKATA,17 Jul 2026,1
2026-06-23 08:26:41,Consular,NEW DELHI,16 Jul 2026,1
2026-06-23 08:26:41,OFC,NEW DELHI VAC,08 Jan 2027,8
2026-06-23 08:26:51,OFC,CHENNAI VAC,04 Jan 2027,11
2026-06-23 08:26:51,Consular,KOLKATA,17 Jul 2026,1
2026-06-23 08:26:51,Consular,NEW DELHI,16 Jul 2026,1
2026-06-23 08:26:51,OFC,NEW DELHI VAC,08 Jan 2027,8
2026-06-23 08:27:00,OFC,CHENNAI VAC,04 Jan 2027,11
2026-06-23 08:27:00,Consular,KOLKATA,17 Jul 2026,1
2026-06-23 08:27:00,Consular,NEW DELHI,16 Jul 2026,1
2026-06-23 08:27:08,OFC,CHENNAI VAC,04 Jan 2027,11
2026-06-23 08:27:08,Consular,KOLKATA,17 Jul 2026,1
2026-06-23 08:27:08,Consular,NEW DELHI,16 Jul 2026,1
2026-06-23 08:27:08,OFC,NEW DELHI VAC,08 Jan 2027,8
2026-06-23 08:27:23,OFC,CHENNAI VAC,04 Jan 2027,11
2026-06-23 08:27:23,Consular,KOLKATA,17 Jul 2026,1
2026-06-23 08:27:23,Consular,NEW DELHI,16 Jul 2026,1
2026-06-23 08:27:23,OFC,NEW DELHI VAC,08 Jan 2027,8
2026-06-23 08:27:36,OFC,CHENNAI VAC,04 Jan 2027,11
2026-06-23 08:27:36,Consular,KOLKATA,17 Jul 2026,1
2026-06-23 08:27:36,Consular,NEW DELHI,16 Jul 2026,1
2026-06-23 08:27:48,OFC,CHENNAI VAC,04 Jan 2027,11
2026-06-23 08:27:48,Consular,KOLKATA,17 Jul 2026,1
2026-06-23 08:27:48,OFC,NEW DELHI VAC,08 Jan 2027,8
2026-06-23 08:27:53,OFC,CHENNAI VAC,04 Jan 2027,11
2026-06-23 08:27:53,Consular,KOLKATA,17 Jul 2026,1
2026-06-23 08:27:53,OFC,NEW DELHI VAC,08 Jan 2027,8
2026-06-23 08:28:08,OFC,CHENNAI VAC,04 Jan 2027,11
2026-06-23 08:28:08,Consular,KOLKATA,17 Jul 2026,1
2026-06-23 08:28:08,OFC,NEW DELHI VAC,08 Jan 2027,8
2026-06-23 08:28:16,OFC,CHENNAI VAC,04 Jan 2027,11
2026-06-23 08:28:16,Consular,KOLKATA,17 Jul 2026,1
2026-06-23 08:28:16,OFC,NEW DELHI VAC,08 Jan 2027,8
2026-06-23 08:28:26,OFC,CHENNAI VAC,04 Jan 2027,11
2026-06-23 08:28:26,Consular,KOLKATA,17 Jul 2026,1
2026-06-23 08:28:26,OFC,NEW DELHI VAC,08 Jan 2027,8
2026-06-23 08:28:40,Consular,KOLKATA,17 Jul 2026,1
2026-06-23 08:28:40,OFC,NEW DELHI VAC,08 Jan 2027,8
2026-06-23 08:28:49,Consular,KOLKATA,17 Jul 2026,1
2026-06-23 08:28:49,OFC,NEW DELHI VAC,08 Jan 2027,8
2026-06-23 08:29:04,OFC,CHENNAI VAC,04 Jan 2027,11
2026-06-23 08:29:04,Consular,KOLKATA,17 Jul 2026,1
2026-06-23 08:29:04,OFC,NEW DELHI VAC,08 Jan 2027,8
2026-06-23 08:29:12,OFC,CHENNAI VAC,04 Jan 2027,11
2026-06-23 08:29:12,Consular,KOLKATA,17 Jul 2026,1
2026-06-23 08:29:21,OFC,CHENNAI VAC,04 Jan 2027,11
2026-06-23 08:29:21,Consular,KOLKATA,17 Jul 2026,1
2026-06-23 08:29:21,OFC,NEW DELHI VAC,08 Jan 2027,8
2026-06-23 08:29:35,Consular,KOLKATA,17 Jul 2026,1
2026-06-23 08:29:35,OFC,NEW DELHI VAC,08 Jan 2027,8
2026-06-23 08:31:05,Consular,CHENNAI,02 Nov 2026,1
2026-06-23 08:31:05,OFC,CHENNAI VAC,26 Oct 2026,11
2026-06-23 08:31:05,Consular,KOLKATA,17 Jul 2026,1
2026-06-23 08:31:05,Consular,NEW DELHI,16 Jul 2026,1
2026-06-23 08:31:16,Consular,CHENNAI,02 Nov 2026,1
2026-06-23 08:31:16,Consular,KOLKATA,17 Jul 2026,1
2026-06-23 08:31:16,Consular,NEW DELHI,16 Jul 2026,1
2026-06-23 08:31:31,Consular,CHENNAI,02 Nov 2026,1
2026-06-23 08:31:31,Consular,KOLKATA,17 Jul 2026,1
2026-06-23 08:31:31,Consular,NEW DELHI,16 Jul 2026,1
2026-06-23 08:31:46,Consular,CHENNAI,02 Nov 2026,1
2026-06-23 08:31:46,Consular,KOLKATA,17 Jul 2026,1
2026-06-23 08:31:53,Consular,KOLKATA,17 Jul 2026,1
2026-06-23 08:32:01,Consular,KOLKATA,17 Jul 2026,1
2026-06-23 08:32:13,Consular,KOLKATA,17 Jul 2026,1
2026-06-23 08:32:21,Consular,KOLKATA,17 Jul 2026,1
2026-06-23 08:32:27,Consular,KOLKATA,17 Jul 2026,1
2026-06-23 08:32:35,Consular,KOLKATA,17 Jul 2026,1
2026-06-23 08:32:48,Consular,KOLKATA,17 Jul 2026,1
2026-06-23 08:32:57,Consular,KOLKATA,17 Jul 2026,1
2026-06-23 08:33:11,Consular,KOLKATA,17 Jul 2026,1
2026-06-23 08:33:25,Consular,KOLKATA,17 Jul 2026,1
2026-06-23 08:33:35,Consular,KOLKATA,17 Jul 2026,1
2026-06-23 08:33:47,Consular,KOLKATA,17 Jul 2026,1
2026-06-23 08:33:59,Consular,KOLKATA,17 Jul 2026,1
2026-06-23 08:34:04,Consular,KOLKATA,17 Jul 2026,1
2026-06-23 08:34:18,Consular,KOLKATA,17 Jul 2026,1
2026-06-23 08:34:32,Consular,KOLKATA,17 Jul 2026,1
2026-06-23 08:34:42,Consular,KOLKATA,17 Jul 2026,1
2026-06-23 08:34:57,Consular,KOLKATA,17 Jul 2026,1
2026-06-23 08:35:10,Consular,KOLKATA,17 Jul 2026,1
2026-06-23 08:44:02,Consular,NEW DELHI,16 Jul 2026,1
2026-06-23 08:44:13,Consular,NEW DELHI,16 Jul 2026,1
2026-06-23 08:44:24,Consular,NEW DELHI,16 Jul 2026,1
2026-06-23 08:44:33,Consular,NEW DELHI,16 Jul 2026,1
2026-06-23 08:44:43,Consular,NEW DELHI,16 Jul 2026,1
2026-06-23 08:44:50,Consular,NEW DELHI,16 Jul 2026,1
2026-06-23 08:45:01,Consular,NEW DELHI,16 Jul 2026,1
2026-06-23 08:45:07,Consular,NEW DELHI,16 Jul 2026,1
2026-06-23 08:45:16,Consular,NEW DELHI,16 Jul 2026,1
2026-06-23 08:45:29,Consular,NEW DELHI,16 Jul 2026,1
2026-06-23 08:45:42,Consular,NEW DELHI,16 Jul 2026,1
2026-06-23 08:45:50,Consular,NEW DELHI,16 Jul 2026,1
2026-06-23 08:46:02,Consular,NEW DELHI,16 Jul 2026,1
2026-06-23 08:46:13,Consular,NEW DELHI,16 Jul 2026,1
2026-06-23 08:46:18,Consular,NEW DELHI,16 Jul 2026,1
2026-06-23 08:46:25,Consular,NEW DELHI,16 Jul 2026,1
2026-06-23 08:46:36,Consular,NEW DELHI,16 Jul 2026,1
2026-06-23 08:46:47,Consular,NEW DELHI,16 Jul 2026,1
2026-06-23 08:46:57,Consular,NEW DELHI,16 Jul 2026,1
2026-06-23 08:47:09,Consular,NEW DELHI,16 Jul 2026,1
2026-06-23 08:47:19,Consular,NEW DELHI,16 Jul 2026,1
2026-06-23 08:47:26,Consular,NEW DELHI,16 Jul 2026,1
2026-06-23 08:49:37,Consular,NEW DELHI,16 Jul 2026,1
2026-06-23 08:49:43,Consular,NEW DELHI,16 Jul 2026,1
2026-06-23 08:49:49,Consular,NEW DELHI,16 Jul 2026,1
2026-06-23 08:49:59,Consular,NEW DELHI,16 Jul 2026,1
2026-06-23 08:50:06,Consular,NEW DELHI,16 Jul 2026,1
2026-06-23 08:50:15,Consular,NEW DELHI,16 Jul 2026,1
2026-06-23 08:50:22,Consular,NEW DELHI,16 Jul 2026,1
2026-06-23 08:50:35,Consular,NEW DELHI,16 Jul 2026,1
2026-06-23 08:50:43,Consular,NEW DELHI,16 Jul 2026,1
2026-06-23 08:50:52,Consular,NEW DELHI,16 Jul 2026,1
2026-06-23 08:51:39,Consular,NEW DELHI,16 Jul 2026,1
2026-06-23 08:51:48,Consular,NEW DELHI,16 Jul 2026,1
2026-06-23 08:51:56,Consular,NEW DELHI,16 Jul 2026,1
2026-06-23 08:52:06,Consular,NEW DELHI,16 Jul 2026,1
2026-06-23 08:52:16,Consular,NEW DELHI,16 Jul 2026,1
2026-06-23 08:52:23,Consular,NEW DELHI,16 Jul 2026,1
2026-06-23 08:52:35,Consular,NEW DELHI,16 Jul 2026,1
2026-06-23 08:52:49,Consular,NEW DELHI,16 Jul 2026,1
2026-06-23 08:53:02,Consular,NEW DELHI,16 Jul 2026,1
2026-06-23 08:53:08,Consular,NEW DELHI,16 Jul 2026,1
2026-06-23 08:53:21,Consular,NEW DELHI,16 Jul 2026,1
2026-06-23 08:55:34,Consular,NEW DELHI,16 Jul 2026,1
2026-06-23 08:55:46,Consular,NEW DELHI,16 Jul 2026,1
2026-06-23 08:55:54,OFC,CHENNAI VAC,03 Sep 2026,13
2026-06-23 08:55:54,Consular,NEW DELHI,16 Jul 2026,1
2026-06-23 08:55:54,OFC,NEW DELHI VAC,13 Jan 2027,14
2026-06-23 08:56:08,OFC,CHENNAI VAC,03 Sep 2026,12
2026-06-23 08:56:08,Consular,NEW DELHI,16 Jul 2026,1
2026-06-23 08:56:08,OFC,NEW DELHI VAC,13 Jan 2027,14
2026-06-23 08:56:20,OFC,CHENNAI VAC,03 Sep 2026,13
2026-06-23 08:56:20,Consular,NEW DELHI,16 Jul 2026,1
2026-06-23 08:56:20,OFC,NEW DELHI VAC,13 Jan 2027,14
2026-06-23 08:56:32,OFC,CHENNAI VAC,11 Jan 2027,11
2026-06-23 08:56:32,Consular,NEW DELHI,16 Jul 2026,1
2026-06-23 08:56:32,OFC,NEW DELHI VAC,13 Jan 2027,13
2026-06-23 08:56:39,Consular,NEW DELHI,16 Jul 2026,1
2026-06-23 08:56:46,OFC,CHENNAI VAC,11 Jan 2027,11
2026-06-23 08:56:46,Consular,NEW DELHI,16 Jul 2026,1
2026-06-23 08:56:46,OFC,NEW DELHI VAC,13 Jan 2027,13
2026-06-23 08:58:02,Consular,HYDERABAD,20 Jul 2026,1
2026-06-23 08:58:09,Consular,HYDERABAD,20 Jul 2026,1
2026-06-23 08:58:23,Consular,HYDERABAD,20 Jul 2026,1
2026-06-23 08:58:32,Consular,HYDERABAD,20 Jul 2026,1
2026-06-23 08:58:39,Consular,HYDERABAD,20 Jul 2026,1
2026-06-23 09:03:40,Consular,KOLKATA,17 Jul 2026,1
2026-06-23 09:03:40,Consular,NEW DELHI,16 Jul 2026,1
2026-06-23 09:03:48,Consular,KOLKATA,17 Jul 2026,1
2026-06-23 09:03:48,Consular,NEW DELHI,16 Jul 2026,1
2026-06-23 09:04:01,Consular,KOLKATA,17 Jul 2026,1
2026-06-23 09:04:01,Consular,NEW DELHI,16 Jul 2026,1
2026-06-23 09:04:23,Consular,HYDERABAD,13 Jul 2026,2
2026-06-23 09:04:35,Consular,CHENNAI,30 Jun 2026,1
2026-06-23 09:04:35,Consular,HYDERABAD,13 Jul 2026,2
2026-06-23 09:04:48,Consular,CHENNAI,30 Jun 2026,1
2026-06-23 09:04:48,Consular,HYDERABAD,13 Jul 2026,2
2026-06-23 09:06:18,Consular,CHENNAI,30 Jun 2026,1
2026-06-23 09:11:17,Consular,CHENNAI,30 Jun 2026,1
2026-06-23 09:11:31,Consular,HYDERABAD,20 Jul 2026,1
2026-06-23 09:11:43,Consular,HYDERABAD,20 Jul 2026,1
2026-06-23 09:11:57,Consular,HYDERABAD,20 Jul 2026,1
2026-06-23 09:21:48,Consular,KOLKATA,17 Jul 2026,1
2026-06-23 09:21:48,Consular,MUMBAI,16 Jul 2026,1
2026-06-23 09:21:58,Consular,KOLKATA,17 Jul 2026,1
2026-06-23 09:21:58,Consular,MUMBAI,16 Jul 2026,1
2026-06-23 09:22:08,Consular,KOLKATA,17 Jul 2026,1
2026-06-23 09:22:08,Consular,MUMBAI,16 Jul 2026,1
2026-06-23 09:22:23,Consular,KOLKATA,17 Jul 2026,1
2026-06-23 09:22:23,Consular,MUMBAI,16 Jul 2026,1
2026-06-23 09:22:33,Consular,KOLKATA,17 Jul 2026,1
2026-06-23 09:22:33,Consular,MUMBAI,16 Jul 2026,1
2026-06-23 09:22:47,Consular,KOLKATA,17 Jul 2026,1
2026-06-23 09:23:02,Consular,KOLKATA,17 Jul 2026,1
2026-06-23 09:23:13,Consular,KOLKATA,17 Jul 2026,1
2026-06-23 09:23:20,Consular,KOLKATA,17 Jul 2026,1
2026-06-23 09:23:28,Consular,KOLKATA,17 Jul 2026,1
2026-06-23 09:23:43,Consular,KOLKATA,17 Jul 2026,1
2026-06-23 09:23:49,Consular,KOLKATA,17 Jul 2026,1
2026-06-23 09:24:03,Consular,KOLKATA,17 Jul 2026,1
2026-06-23 09:24:03,Consular,NEW DELHI,16 Jul 2026,1
2026-06-23 09:24:16,Consular,KOLKATA,17 Jul 2026,1
2026-06-23 09:24:31,Consular,KOLKATA,17 Jul 2026,1
2026-06-23 09:24:38,Consular,KOLKATA,17 Jul 2026,1
2026-06-23 09:25:33,Consular,KOLKATA,17 Jul 2026,1
2026-06-23 09:25:45,Consular,KOLKATA,17 Jul 2026,1
2026-06-23 09:25:59,OFC,CHENNAI VAC,17 Sep 2026,14
2026-06-23 09:25:59,Consular,KOLKATA,17 Jul 2026,1
2026-06-23 09:25:59,Consular,NEW DELHI,06 Oct 2026,1
2026-06-23 09:25:59,OFC,NEW DELHI VAC,20 Jan 2027,11
2026-06-23 09:26:10,OFC,CHENNAI VAC,22 Jan 2027,13
2026-06-23 09:26:10,Consular,KOLKATA,17 Jul 2026,1
2026-06-23 09:26:10,OFC,NEW DELHI VAC,20 Jan 2027,11
2026-06-23 09:26:19,OFC,CHENNAI VAC,22 Jan 2027,13
2026-06-23 09:26:19,Consular,KOLKATA,17 Jul 2026,1
2026-06-23 09:26:19,Consular,NEW DELHI,06 Oct 2026,1
2026-06-23 09:26:28,OFC,CHENNAI VAC,22 Jan 2027,13
2026-06-23 09:26:28,Consular,KOLKATA,17 Jul 2026,1
2026-06-23 09:26:28,Consular,NEW DELHI,06 Oct 2026,1
2026-06-23 09:28:02,Consular,KOLKATA,17 Jul 2026,1
2026-06-23 09:28:02,Consular,NEW DELHI,06 Oct 2026,1
2026-06-23 09:28:09,Consular,KOLKATA,17 Jul 2026,1
2026-06-23 09:28:09,Consular,NEW DELHI,06 Oct 2026,1
2026-06-23 09:28:19,Consular,KOLKATA,17 Jul 2026,1
2026-06-23 09:28:19,Consular,NEW DELHI,06 Oct 2026,1
2026-06-23 09:28:28,Consular,KOLKATA,17 Jul 2026,1
2026-06-23 09:28:28,Consular,NEW DELHI,06 Oct 2026,1
2026-06-23 09:28:40,Consular,KOLKATA,17 Jul 2026,1
2026-06-23 09:28:40,Consular,NEW DELHI,06 Oct 2026,1
2026-06-23 09:28:56,Consular,KOLKATA,17 Jul 2026,1
2026-06-23 09:28:56,Consular,NEW DELHI,06 Oct 2026,1
2026-06-23 09:29:07,Consular,KOLKATA,17 Jul 2026,1
2026-06-23 09:29:07,Consular,NEW DELHI,06 Oct 2026,1
2026-06-23 09:29:18,Consular,KOLKATA,17 Jul 2026,1
2026-06-23 09:29:28,Consular,KOLKATA,17 Jul 2026,1
2026-06-23 09:29:28,Consular,NEW DELHI,06 Oct 2026,1
2026-06-23 09:29:41,Consular,KOLKATA,17 Jul 2026,1
2026-06-23 09:29:41,Consular,NEW DELHI,06 Oct 2026,1
2026-06-23 09:29:53,Consular,KOLKATA,17 Jul 2026,1
2026-06-23 09:29:53,Consular,NEW DELHI,06 Oct 2026,1
2026-06-23 09:30:06,Consular,KOLKATA,17 Jul 2026,1
2026-06-23 09:30:06,Consular,NEW DELHI,06 Oct 2026,1
2026-06-23 09:30:16,Consular,KOLKATA,17 Jul 2026,1
2026-06-23 09:30:16,Consular,NEW DELHI,06 Oct 2026,1
2026-06-23 09:30:29,Consular,KOLKATA,17 Jul 2026,1
2026-06-23 09:30:29,Consular,NEW DELHI,06 Oct 2026,1
2026-06-23 09:30:40,Consular,KOLKATA,17 Jul 2026,1
2026-06-23 09:30:50,Consular,KOLKATA,17 Jul 2026,1
2026-06-23 09:30:57,Consular,KOLKATA,17 Jul 2026,1
2026-06-23 09:30:57,Consular,NEW DELHI,09 Jul 2026,2
2026-06-23 09:31:08,Consular,KOLKATA,14 Jul 2026,1
2026-06-23 09:31:08,Consular,NEW DELHI,09 Jul 2026,1
2026-06-23 09:31:24,Consular,KOLKATA,14 Jul 2026,1
2026-06-23 09:31:24,Consular,NEW DELHI,09 Jul 2026,1
2026-06-23 09:34:33,Consular,NEW DELHI,09 Jul 2026,2
2026-06-23 09:35:59,Consular,NEW DELHI,16 Jul 2026,1
2026-06-23 09:36:07,Consular,NEW DELHI,16 Jul 2026,1
2026-06-23 09:36:15,Consular,NEW DELHI,16 Jul 2026,1
2026-06-23 09:36:24,Consular,NEW DELHI,16 Jul 2026,1
2026-06-23 09:41:41,Consular,KOLKATA,14 Jul 2026,1
2026-06-23 09:41:55,Consular,KOLKATA,14 Jul 2026,1
2026-06-23 09:42:03,Consular,KOLKATA,14 Jul 2026,1
2026-06-23 09:42:13,Consular,KOLKATA,14 Jul 2026,1
2026-06-23 09:42:25,Consular,KOLKATA,14 Jul 2026,1
2026-06-23 09:43:41,Consular,KOLKATA,14 Jul 2026,1
2026-06-23 09:43:54,Consular,KOLKATA,14 Jul 2026,1
2026-06-23 09:44:09,Consular,KOLKATA,14 Jul 2026,1
2026-06-23 09:44:17,Consular,KOLKATA,14 Jul 2026,1
2026-06-23 09:44:31,Consular,KOLKATA,14 Jul 2026,1
2026-06-23 09:44:44,Consular,KOLKATA,14 Jul 2026,1
2026-06-23 09:51:32,Consular,KOLKATA,14 Jul 2026,2
2026-06-23 09:51:42,Consular,KOLKATA,14 Jul 2026,2
2026-06-23 09:51:55,Consular,KOLKATA,14 Jul 2026,2
2026-06-23 09:52:03,Consular,KOLKATA,14 Jul 2026,2
2026-06-23 09:52:14,Consular,KOLKATA,14 Jul 2026,2
2026-06-23 09:52:26,Consular,KOLKATA,14 Jul 2026,2
2026-06-23 09:53:17,Consular,KOLKATA,14 Jul 2026,2
2026-06-23 09:53:17,Consular,NEW DELHI,16 Jul 2026,1
2026-06-23 09:53:29,Consular,KOLKATA,14 Jul 2026,2
2026-06-23 09:53:29,Consular,NEW DELHI,16 Jul 2026,1
2026-06-23 09:53:35,Consular,KOLKATA,14 Jul 2026,2
2026-06-23 09:53:35,Consular,NEW DELHI,16 Jul 2026,1
2026-06-23 09:53:49,Consular,KOLKATA,14 Jul 2026,2
2026-06-23 09:53:49,Consular,NEW DELHI,16 Jul 2026,1
2026-06-23 09:53:58,Consular,KOLKATA,14 Jul 2026,2
2026-06-23 09:53:58,Consular,NEW DELHI,16 Jul 2026,1
2026-06-23 09:54:10,Consular,KOLKATA,14 Jul 2026,2
2026-06-23 09:54:10,Consular,NEW DELHI,16 Jul 2026,1
2026-06-23 09:54:20,Consular,KOLKATA,14 Jul 2026,2
2026-06-23 09:54:20,Consular,NEW DELHI,16 Jul 2026,1
2026-06-23 09:57:43,Consular,KOLKATA,17 Jul 2026,1
2026-06-23 09:57:43,Consular,NEW DELHI,16 Jul 2026,1
2026-06-23 09:57:49,Consular,KOLKATA,17 Jul 2026,1
2026-06-23 09:57:49,Consular,NEW DELHI,16 Jul 2026,1
2026-06-23 09:57:58,Consular,KOLKATA,17 Jul 2026,1
2026-06-23 09:57:58,Consular,NEW DELHI,16 Jul 2026,1
2026-06-23 09:58:12,Consular,KOLKATA,17 Jul 2026,1
2026-06-23 09:58:12,Consular,NEW DELHI,16 Jul 2026,1
2026-06-23 09:58:26,Consular,KOLKATA,17 Jul 2026,1
2026-06-23 09:58:26,Consular,NEW DELHI,16 Jul 2026,1
2026-06-23 09:58:41,Consular,KOLKATA,17 Jul 2026,1
2026-06-23 09:58:41,Consular,NEW DELHI,16 Jul 2026,1
2026-06-23 09:58:51,Consular,KOLKATA,17 Jul 2026,1
2026-06-23 09:58:51,Consular,NEW DELHI,16 Jul 2026,1
2026-06-23 09:59:03,Consular,KOLKATA,17 Jul 2026,1
2026-06-23 09:59:03,Consular,NEW DELHI,16 Jul 2026,1
2026-06-23 09:59:10,Consular,KOLKATA,17 Jul 2026,1
2026-06-23 09:59:10,Consular,NEW DELHI,16 Jul 2026,1
2026-06-23 09:59:18,Consular,KOLKATA,17 Jul 2026,1
2026-06-23 09:59:18,Consular,NEW DELHI,16 Jul 2026,1
2026-06-23 09:59:32,Consular,KOLKATA,17 Jul 2026,1
2026-06-23 09:59:32,Consular,NEW DELHI,16 Jul 2026,1
2026-06-23 09:59:46,Consular,KOLKATA,17 Jul 2026,1
2026-06-23 09:59:46,Consular,NEW DELHI,16 Jul 2026,1
2026-06-23 09:59:56,Consular,KOLKATA,17 Jul 2026,1
2026-06-23 09:59:56,Consular,NEW DELHI,16 Jul 2026,1
2026-06-23 10:00:04,Consular,KOLKATA,17 Jul 2026,1
2026-06-23 10:00:04,Consular,NEW DELHI,16 Jul 2026,1
2026-06-23 10:00:10,Consular,KOLKATA,17 Jul 2026,1
2026-06-23 10:00:10,Consular,NEW DELHI,16 Jul 2026,1
2026-06-23 10:00:24,OFC,CHENNAI VAC,20 Aug 2026,5
2026-06-23 10:00:24,Consular,KOLKATA,17 Jul 2026,1
2026-06-23 10:00:24,Consular,NEW DELHI,16 Jul 2026,1
2026-06-23 10:00:31,Consular,KOLKATA,17 Jul 2026,1
2026-06-23 10:00:38,Consular,CHENNAI,16 Sep 2026,1
2026-06-23 10:00:38,OFC,CHENNAI VAC,20 Aug 2026,5
2026-06-23 10:00:38,Consular,KOLKATA,17 Jul 2026,1
2026-06-23 10:00:47,Consular,KOLKATA,17 Jul 2026,1
2026-06-23 10:01:01,Consular,NEW DELHI,30 Jun 2026,1
2026-06-23 10:09:46,Consular,KOLKATA,17 Jul 2026,1
2026-06-23 10:09:56,Consular,KOLKATA,17 Jul 2026,1
2026-06-23 10:10:06,Consular,KOLKATA,17 Jul 2026,1
2026-06-23 10:10:18,Consular,KOLKATA,17 Jul 2026,1
2026-06-23 10:10:27,Consular,KOLKATA,17 Jul 2026,1
2026-06-23 10:10:34,Consular,KOLKATA,17 Jul 2026,1
2026-06-23 10:10:44,Consular,KOLKATA,17 Jul 2026,1
2026-06-23 10:10:59,Consular,KOLKATA,17 Jul 2026,1
2026-06-23 10:11:10,Consular,KOLKATA,17 Jul 2026,1
2026-06-23 10:18:01,Consular,NEW DELHI,30 Jun 2026,3
2026-06-23 10:18:08,Consular,NEW DELHI,30 Jun 2026,3
2026-06-23 10:18:18,Consular,NEW DELHI,30 Jun 2026,3
2026-06-23 10:18:25,Consular,NEW DELHI,30 Jun 2026,3
2026-06-23 10:18:33,Consular,NEW DELHI,30 Jun 2026,3
2026-06-23 10:18:43,Consular,NEW DELHI,30 Jun 2026,3
2026-06-23 10:32:25,Consular,NEW DELHI,30 Jun 2026,1
2026-06-23 10:38:27,Consular,NEW DELHI,10 Jul 2026,2
2026-06-23 10:41:39,Consular,NEW DELHI,10 Jul 2026,3
2026-06-23 10:41:50,Consular,NEW DELHI,10 Jul 2026,3
2026-06-23 10:42:31,Consular,NEW DELHI,10 Jul 2026,2
2026-06-23 10:42:43,Consular,KOLKATA,02 Jul 2026,1
2026-06-23 10:42:43,Consular,NEW DELHI,10 Jul 2026,2
2026-06-23 10:42:53,Consular,KOLKATA,02 Jul 2026,2
2026-06-23 10:42:53,Consular,NEW DELHI,10 Jul 2026,2
2026-06-23 10:43:07,Consular,KOLKATA,02 Jul 2026,1
2026-06-23 10:43:07,Consular,NEW DELHI,10 Jul 2026,2
2026-06-23 10:43:22,Consular,NEW DELHI,10 Jul 2026,3
2026-06-23 10:43:41,Consular,KOLKATA,17 Jul 2026,1
2026-06-23 10:43:47,Consular,KOLKATA,17 Jul 2026,1
2026-06-23 10:43:54,Consular,KOLKATA,17 Jul 2026,1
2026-06-23 10:44:13,Consular,NEW DELHI,16 Jul 2026,2
2026-06-23 10:44:22,Consular,KOLKATA,02 Jul 2026,2
2026-06-23 10:44:22,Consular,NEW DELHI,16 Jul 2026,2
2026-06-23 10:44:36,Consular,KOLKATA,02 Jul 2026,2
2026-06-23 10:44:36,Consular,NEW DELHI,16 Jul 2026,2
2026-06-23 10:44:49,Consular,KOLKATA,02 Jul 2026,2
2026-06-23 10:44:49,Consular,NEW DELHI,16 Jul 2026,1
2026-06-23 10:47:15,Consular,KOLKATA,02 Jul 2026,1
2026-06-23 10:47:29,Consular,KOLKATA,02 Jul 2026,1
2026-06-23 10:47:45,Consular,KOLKATA,02 Jul 2026,1
2026-06-23 10:47:55,Consular,KOLKATA,02 Jul 2026,1
2026-06-23 10:48:11,Consular,KOLKATA,02 Jul 2026,1
2026-06-23 10:48:11,Consular,NEW DELHI,20 Jul 2026,1
2026-06-23 10:48:22,Consular,KOLKATA,02 Jul 2026,1
2026-06-23 10:48:22,Consular,NEW DELHI,20 Jul 2026,1
2026-06-23 10:48:34,Consular,KOLKATA,02 Jul 2026,1
2026-06-23 10:48:34,Consular,NEW DELHI,20 Jul 2026,1
2026-06-23 10:48:42,Consular,KOLKATA,02 Jul 2026,1
2026-06-23 10:48:42,Consular,NEW DELHI,20 Jul 2026,1
2026-06-23 10:48:50,Consular,KOLKATA,02 Jul 2026,1
2026-06-23 10:48:50,Consular,NEW DELHI,20 Jul 2026,1
2026-06-23 10:48:56,Consular,KOLKATA,02 Jul 2026,1
2026-06-23 10:48:56,Consular,NEW DELHI,20 Jul 2026,1
2026-06-23 10:49:09,Consular,KOLKATA,02 Jul 2026,1
2026-06-23 10:49:09,Consular,NEW DELHI,20 Jul 2026,1
2026-06-23 10:49:24,Consular,KOLKATA,02 Jul 2026,1
2026-06-23 10:49:24,Consular,NEW DELHI,20 Jul 2026,1
2026-06-23 10:49:38,Consular,KOLKATA,02 Jul 2026,1
2026-06-23 10:49:38,Consular,NEW DELHI,20 Jul 2026,1
2026-06-23 10:49:44,Consular,KOLKATA,02 Jul 2026,1
2026-06-23 10:49:44,Consular,NEW DELHI,20 Jul 2026,1
2026-06-23 10:49:57,Consular,KOLKATA,02 Jul 2026,1
2026-06-23 10:49:57,Consular,NEW DELHI,20 Jul 2026,1
2026-06-23 10:50:07,Consular,KOLKATA,02 Jul 2026,2
2026-06-23 10:50:07,Consular,NEW DELHI,20 Jul 2026,1
2026-06-23 10:50:20,Consular,KOLKATA,02 Jul 2026,2
2026-06-23 10:50:20,Consular,NEW DELHI,20 Jul 2026,1
2026-06-23 10:50:31,Consular,KOLKATA,02 Jul 2026,2
2026-06-23 10:50:31,Consular,NEW DELHI,20 Jul 2026,1
2026-06-23 10:50:40,Consular,KOLKATA,02 Jul 2026,2
2026-06-23 10:50:40,Consular,NEW DELHI,20 Jul 2026,1
2026-06-23 10:51:32,Consular,KOLKATA,02 Jul 2026,2
2026-06-23 10:51:32,Consular,NEW DELHI,20 Jul 2026,1
2026-06-23 10:51:40,Consular,KOLKATA,02 Jul 2026,2
2026-06-23 10:51:40,Consular,NEW DELHI,20 Jul 2026,1
2026-06-23 10:51:52,Consular,KOLKATA,02 Jul 2026,2
2026-06-23 10:51:52,Consular,NEW DELHI,20 Jul 2026,1
2026-06-23 10:55:19,Consular,KOLKATA,17 Jul 2026,1
2026-06-23 10:55:25,Consular,KOLKATA,17 Jul 2026,1
2026-06-23 10:55:32,Consular,KOLKATA,17 Jul 2026,1
2026-06-23 10:55:45,Consular,KOLKATA,17 Jul 2026,1
2026-06-23 10:55:58,Consular,KOLKATA,17 Jul 2026,1
2026-06-23 10:56:11,OFC,CHENNAI VAC,04 Jan 2027,9
2026-06-23 10:56:11,Consular,KOLKATA,17 Jul 2026,1
2026-06-23 10:56:11,OFC,NEW DELHI VAC,08 Jan 2027,8
2026-06-23 10:56:18,OFC,CHENNAI VAC,04 Jan 2027,9
2026-06-23 10:56:18,Consular,KOLKATA,17 Jul 2026,1
2026-06-23 10:56:18,OFC,NEW DELHI VAC,08 Jan 2027,8
2026-06-23 10:56:24,OFC,CHENNAI VAC,04 Jan 2027,9
2026-06-23 10:56:24,Consular,KOLKATA,17 Jul 2026,1
2026-06-23 10:56:24,OFC,NEW DELHI VAC,08 Jan 2027,7
2026-06-23 10:56:38,Consular,KOLKATA,17 Jul 2026,1
2026-06-23 10:56:38,OFC,NEW DELHI VAC,08 Jan 2027,7
2026-06-23 10:56:45,Consular,KOLKATA,17 Jul 2026,1
2026-06-23 10:56:45,Consular,NEW DELHI,20 Jul 2026,1
2026-06-23 10:56:45,OFC,NEW DELHI VAC,08 Jan 2027,7
2026-06-23 10:56:59,OFC,CHENNAI VAC,04 Jan 2027,9
2026-06-23 10:56:59,Consular,KOLKATA,17 Jul 2026,1
2026-06-23 10:56:59,Consular,NEW DELHI,20 Jul 2026,1
2026-06-23 10:56:59,OFC,NEW DELHI VAC,08 Jan 2027,7
2026-06-23 10:57:11,OFC,NEW DELHI VAC,13 Jan 2027,5
2026-06-23 10:57:20,OFC,NEW DELHI VAC,13 Jan 2027,5
2026-06-23 10:57:34,OFC,NEW DELHI VAC,13 Jan 2027,5
2026-06-23 10:57:50,OFC,NEW DELHI VAC,13 Jan 2027,5
2026-06-23 10:58:03,OFC,CHENNAI VAC,05 Jan 2027,8
2026-06-23 10:58:03,OFC,NEW DELHI VAC,13 Jan 2027,4
2026-06-23 11:00:24,OFC,CHENNAI VAC,24 Nov 2026,4
2026-06-23 11:00:24,Consular,KOLKATA,17 Jul 2026,1
2026-06-23 11:00:24,OFC,KOLKATA VAC,23 Nov 2026,4
2026-06-23 11:00:24,OFC,NEW DELHI VAC,01 Dec 2026,4
2026-06-23 11:00:35,Consular,KOLKATA,17 Jul 2026,1
2026-06-23 11:00:35,OFC,KOLKATA VAC,23 Nov 2026,4
2026-06-23 11:00:35,OFC,MUMBAI VAC,09 Dec 2026,1
2026-06-23 11:00:35,OFC,NEW DELHI VAC,03 Dec 2026,3
2026-06-23 11:00:50,OFC,CHENNAI VAC,04 Dec 2026,2
2026-06-23 11:00:50,Consular,KOLKATA,17 Jul 2026,1
2026-06-23 11:00:50,OFC,MUMBAI VAC,09 Dec 2026,1
2026-06-23 11:00:50,Consular,NEW DELHI,20 Jul 2026,1
2026-06-23 11:00:50,OFC,NEW DELHI VAC,03 Dec 2026,3
2026-06-23 11:01:02,OFC,CHENNAI VAC,04 Dec 2026,2
2026-06-23 11:01:02,OFC,HYDERABAD VAC,23 Nov 2026,10
2026-06-23 11:01:02,OFC,KOLKATA VAC,23 Nov 2026,4
2026-06-23 11:01:02,OFC,NEW DELHI VAC,08 Dec 2026,1
2026-06-23 11:01:12,OFC,HYDERABAD VAC,23 Nov 2026,10
2026-06-23 11:01:12,OFC,KOLKATA VAC,23 Nov 2026,4
2026-06-23 11:01:19,OFC,KOLKATA VAC,23 Nov 2026,4
2026-06-23 11:01:19,OFC,NEW DELHI VAC,01 Dec 2026,4
2026-06-23 11:01:30,OFC,KOLKATA VAC,23 Nov 2026,4
2026-06-23 11:01:30,OFC,NEW DELHI VAC,03 Dec 2026,3
2026-06-23 11:01:46,Consular,KOLKATA,17 Jul 2026,1
2026-06-23 11:01:58,Consular,KOLKATA,17 Jul 2026,1
2026-06-23 11:02:10,Consular,KOLKATA,17 Jul 2026,1
2026-06-23 11:02:18,Consular,KOLKATA,17 Jul 2026,1
2026-06-23 11:03:05,Consular,KOLKATA,17 Jul 2026,1
2026-06-23 11:03:13,Consular,KOLKATA,17 Jul 2026,1
2026-06-23 11:03:22,Consular,KOLKATA,17 Jul 2026,1
2026-06-23 11:03:28,Consular,KOLKATA,17 Jul 2026,1
2026-06-23 11:03:36,Consular,KOLKATA,17 Jul 2026,1
2026-06-23 11:06:54,Consular,NEW DELHI,20 Jul 2026,1
2026-06-23 11:07:03,Consular,NEW DELHI,20 Jul 2026,1
2026-06-23 11:07:12,Consular,NEW DELHI,20 Jul 2026,1
2026-06-23 11:07:26,Consular,NEW DELHI,20 Jul 2026,1
2026-06-23 11:07:38,Consular,NEW DELHI,20 Jul 2026,1
2026-06-23 11:07:47,Consular,NEW DELHI,20 Jul 2026,1
2026-06-23 11:07:56,Consular,NEW DELHI,20 Jul 2026,1
2026-06-23 11:08:02,Consular,NEW DELHI,20 Jul 2026,1
2026-06-23 11:08:17,Consular,NEW DELHI,20 Jul 2026,1
2026-06-23 11:08:26,Consular,NEW DELHI,20 Jul 2026,1
2026-06-23 11:08:38,Consular,NEW DELHI,20 Jul 2026,1
2026-06-23 11:08:48,Consular,NEW DELHI,20 Jul 2026,1
2026-06-23 11:08:58,Consular,NEW DELHI,20 Jul 2026,1
2026-06-23 11:09:10,Consular,NEW DELHI,20 Jul 2026,1
2026-06-23 11:09:16,Consular,NEW DELHI,20 Jul 2026,1
2026-06-23 11:09:25,Consular,NEW DELHI,20 Jul 2026,1
2026-06-23 11:09:37,Consular,NEW DELHI,20 Jul 2026,1
2026-06-23 11:09:47,Consular,NEW DELHI,20 Jul 2026,1
2026-06-23 11:09:59,Consular,NEW DELHI,20 Jul 2026,1
2026-06-23 11:13:02,Consular,KOLKATA,17 Jul 2026,1
2026-06-23 11:13:02,Consular,NEW DELHI,20 Jul 2026,1
2026-06-23 11:13:18,Consular,KOLKATA,17 Jul 2026,1
2026-06-23 11:13:18,Consular,NEW DELHI,20 Jul 2026,1
2026-06-23 11:13:29,Consular,KOLKATA,17 Jul 2026,1
2026-06-23 11:13:29,Consular,NEW DELHI,20 Jul 2026,1
2026-06-23 11:13:37,Consular,KOLKATA,17 Jul 2026,1
2026-06-23 11:13:37,Consular,NEW DELHI,20 Jul 2026,1
2026-06-23 11:13:50,Consular,KOLKATA,17 Jul 2026,1
2026-06-23 11:13:50,Consular,NEW DELHI,20 Jul 2026,1
2026-06-23 11:14:04,Consular,KOLKATA,17 Jul 2026,1
2026-06-23 11:14:04,Consular,NEW DELHI,20 Jul 2026,1
2026-06-23 11:14:16,Consular,KOLKATA,17 Jul 2026,1
2026-06-23 11:14:16,Consular,NEW DELHI,20 Jul 2026,1
2026-06-23 11:14:22,Consular,KOLKATA,17 Jul 2026,1
2026-06-23 11:14:22,Consular,NEW DELHI,20 Jul 2026,1
2026-06-23 11:14:30,Consular,KOLKATA,17 Jul 2026,1
2026-06-23 11:14:30,Consular,NEW DELHI,20 Jul 2026,1
2026-06-23 11:14:45,Consular,KOLKATA,17 Jul 2026,1
2026-06-23 11:14:45,Consular,NEW DELHI,20 Jul 2026,1
2026-06-23 11:14:56,Consular,KOLKATA,17 Jul 2026,1
2026-06-23 11:14:56,Consular,NEW DELHI,20 Jul 2026,1
2026-06-23 11:15:03,Consular,KOLKATA,17 Jul 2026,1
2026-06-23 11:15:03,Consular,NEW DELHI,20 Jul 2026,1
2026-06-23 11:15:13,Consular,KOLKATA,17 Jul 2026,1
2026-06-23 11:15:13,Consular,NEW DELHI,20 Jul 2026,1
2026-06-23 11:15:22,Consular,KOLKATA,17 Jul 2026,1
2026-06-23 11:15:22,Consular,NEW DELHI,20 Jul 2026,1
2026-06-23 11:15:33,Consular,KOLKATA,17 Jul 2026,1
2026-06-23 11:15:33,Consular,NEW DELHI,20 Jul 2026,1
2026-06-23 11:15:43,Consular,KOLKATA,17 Jul 2026,1
2026-06-23 11:15:43,Consular,NEW DELHI,20 Jul 2026,1
2026-06-23 11:15:52,Consular,KOLKATA,17 Jul 2026,1
2026-06-23 11:15:52,Consular,NEW DELHI,20 Jul 2026,1
2026-06-23 11:16:00,Consular,NEW DELHI,20 Jul 2026,1
2026-06-23 11:16:09,Consular,NEW DELHI,20 Jul 2026,1
2026-06-23 11:16:17,Consular,NEW DELHI,20 Jul 2026,1
2026-06-23 11:18:34,Consular,NEW DELHI,20 Jul 2026,1
2026-06-23 11:18:48,Consular,NEW DELHI,20 Jul 2026,1
2026-06-23 11:18:54,Consular,NEW DELHI,20 Jul 2026,1
2026-06-23 11:19:03,Consular,NEW DELHI,20 Jul 2026,1
2026-06-23 11:19:14,Consular,NEW DELHI,20 Jul 2026,1
2026-06-23 11:19:23,Consular,NEW DELHI,20 Jul 2026,1
2026-06-23 11:19:30,Consular,NEW DELHI,20 Jul 2026,1
2026-06-23 11:19:44,Consular,NEW DELHI,20 Jul 2026,1
2026-06-23 11:25:57,OFC,CHENNAI VAC,26 Oct 2026,2
2026-06-23 11:25:57,OFC,HYDERABAD VAC,15 Oct 2026,11
2026-06-23 11:26:09,OFC,HYDERABAD VAC,15 Oct 2026,11
2026-06-23 11:26:09,OFC,NEW DELHI VAC,21 Oct 2026,2
2026-06-23 11:26:20,OFC,HYDERABAD VAC,15 Oct 2026,11
2026-06-23 11:26:20,OFC,KOLKATA VAC,14 Oct 2026,3
2026-06-23 11:26:35,OFC,KOLKATA VAC,14 Oct 2026,3
2026-06-23 11:26:42,OFC,KOLKATA VAC,14 Oct 2026,3
2026-06-23 11:26:42,OFC,MUMBAI VAC,26 Jun 2026,24
2026-06-23 11:27:10,OFC,HYDERABAD VAC,26 Oct 2026,6
2026-06-23 11:31:06,OFC,HYDERABAD VAC,10 Nov 2026,12
2026-06-23 11:31:06,OFC,KOLKATA VAC,12 Nov 2026,10
2026-06-23 11:31:06,OFC,MUMBAI VAC,09 Dec 2026,1
2026-06-23 11:31:18,OFC,HYDERABAD VAC,10 Nov 2026,12
2026-06-23 11:31:39,Consular,MUMBAI,10 Dec 2026,1
2026-06-23 11:31:39,Consular,NEW DELHI,13 Jul 2026,1
2026-06-23 11:31:48,Consular,MUMBAI,10 Dec 2026,1
2026-06-23 11:31:48,Consular,NEW DELHI,13 Jul 2026,2
2026-06-23 11:32:01,Consular,NEW DELHI,13 Jul 2026,2
2026-06-23 11:32:08,Consular,NEW DELHI,13 Jul 2026,2
2026-06-23 11:32:16,Consular,NEW DELHI,13 Jul 2026,2
2026-06-23 11:32:23,Consular,NEW DELHI,13 Jul 2026,2
2026-06-23 11:32:29,Consular,NEW DELHI,13 Jul 2026,2
2026-06-23 11:32:35,Consular,NEW DELHI,13 Jul 2026,1
2026-06-23 11:32:50,Consular,NEW DELHI,13 Jul 2026,1
2026-06-23 11:33:42,Consular,NEW DELHI,20 Jul 2026,1
2026-06-23 11:33:49,Consular,NEW DELHI,20 Jul 2026,1
2026-06-23 11:33:58,Consular,NEW DELHI,20 Jul 2026,1
2026-06-23 11:34:10,Consular,NEW DELHI,20 Jul 2026,1
2026-06-23 11:34:23,Consular,NEW DELHI,20 Jul 2026,1
2026-06-23 11:35:51,Consular,NEW DELHI,20 Jul 2026,1
2026-06-23 11:36:01,OFC,MUMBAI VAC,26 Jun 2026,24
2026-06-23 11:36:01,Consular,NEW DELHI,20 Jul 2026,1
2026-06-23 11:36:14,OFC,MUMBAI VAC,26 Jun 2026,24
2026-06-23 11:36:14,Consular,NEW DELHI,20 Jul 2026,1
2026-06-23 11:36:21,Consular,NEW DELHI,20 Jul 2026,1
2026-06-23 11:36:33,Consular,NEW DELHI,20 Jul 2026,1
2026-06-23 11:37:22,Consular,NEW DELHI,20 Jul 2026,1
2026-06-23 11:37:29,Consular,NEW DELHI,20 Jul 2026,1
2026-06-23 11:37:44,Consular,NEW DELHI,20 Jul 2026,1
2026-06-23 11:37:53,Consular,NEW DELHI,20 Jul 2026,1
2026-06-23 11:38:04,Consular,NEW DELHI,20 Jul 2026,1
2026-06-23 11:38:13,Consular,NEW DELHI,20 Jul 2026,1
2026-06-23 11:38:24,Consular,NEW DELHI,20 Jul 2026,1
2026-06-23 11:38:34,Consular,NEW DELHI,20 Jul 2026,1
2026-06-23 11:38:40,Consular,NEW DELHI,20 Jul 2026,1
2026-06-23 11:38:51,Consular,NEW DELHI,20 Jul 2026,1
2026-06-23 11:49:42,Consular,NEW DELHI,20 Jul 2026,1
2026-06-23 11:49:55,Consular,NEW DELHI,20 Jul 2026,1
2026-06-23 11:50:08,Consular,NEW DELHI,20 Jul 2026,1
2026-06-23 11:50:18,Consular,NEW DELHI,20 Jul 2026,1
2026-06-23 11:51:29,Consular,NEW DELHI,20 Jul 2026,1
2026-06-23 11:51:39,Consular,NEW DELHI,20 Jul 2026,1
2026-06-23 11:51:49,Consular,NEW DELHI,20 Jul 2026,1
2026-06-23 11:51:58,Consular,NEW DELHI,20 Jul 2026,1
2026-06-23 11:52:14,Consular,NEW DELHI,20 Jul 2026,1
2026-06-23 11:52:21,Consular,NEW DELHI,20 Jul 2026,1
2026-06-23 11:52:34,Consular,NEW DELHI,20 Jul 2026,1
2026-06-23 11:54:05,Consular,NEW DELHI,20 Jul 2026,1
2026-06-23 11:54:13,Consular,NEW DELHI,20 Jul 2026,1
2026-06-23 11:54:40,OFC,NEW DELHI VAC,16 Jul 2026,1
2026-06-23 11:54:56,OFC,NEW DELHI VAC,16 Jul 2026,1
2026-06-23 11:55:35,OFC,NEW DELHI VAC,16 Jul 2026,1
2026-06-23 11:55:41,OFC,NEW DELHI VAC,16 Jul 2026,1
2026-06-23 11:56:48,Consular,NEW DELHI,20 Jul 2026,1
2026-06-23 11:56:58,Consular,NEW DELHI,20 Jul 2026,1
2026-06-23 11:57:12,Consular,NEW DELHI,20 Jul 2026,1
2026-06-23 11:57:27,Consular,NEW DELHI,20 Jul 2026,1
2026-06-23 11:57:35,Consular,NEW DELHI,20 Jul 2026,1
2026-06-23 11:57:49,Consular,NEW DELHI,20 Jul 2026,1
2026-06-23 11:57:55,Consular,NEW DELHI,20 Jul 2026,1
2026-06-23 11:58:09,Consular,NEW DELHI,20 Jul 2026,1
2026-06-23 11:58:23,Consular,NEW DELHI,20 Jul 2026,1
2026-06-23 11:58:35,Consular,NEW DELHI,20 Jul 2026,1
2026-06-23 11:58:46,Consular,NEW DELHI,20 Jul 2026,1
2026-06-23 11:58:58,Consular,NEW DELHI,20 Jul 2026,1
2026-06-23 12:00:45,OFC,CHENNAI VAC,05 Oct 2026,2
2026-06-23 12:00:55,OFC,CHENNAI VAC,08 Oct 2026,1
2026-06-23 12:01:19,OFC,NEW DELHI VAC,17 Jul 2026,1
2026-06-23 12:01:34,Consular,HYDERABAD,22 Jul 2026,2
2026-06-23 12:01:34,OFC,NEW DELHI VAC,17 Jul 2026,1
2026-06-23 12:03:10,Consular,NEW DELHI,23 Jul 2026,12
2026-06-23 12:03:22,Consular,NEW DELHI,23 Jul 2026,12
2026-06-23 12:04:29,OFC,NEW DELHI VAC,17 Jul 2026,1
2026-06-23 12:04:35,OFC,NEW DELHI VAC,17 Jul 2026,1
2026-06-23 12:07:13,Consular,HYDERABAD,22 Jul 2026,2
2026-06-23 12:07:36,Consular,HYDERABAD,22 Jul 2026,2
2026-06-23 12:07:36,OFC,MUMBAI VAC,26 Jun 2026,24
2026-06-23 12:07:48,Consular,HYDERABAD,22 Jul 2026,2
2026-06-23 12:15:40,Consular,NEW DELHI,20 Jul 2026,1
2026-06-23 12:15:49,Consular,NEW DELHI,20 Jul 2026,1
2026-06-23 12:25:04,Consular,NEW DELHI,20 Jul 2026,1
2026-06-23 12:25:11,Consular,NEW DELHI,20 Jul 2026,1
2026-06-23 12:26:55,OFC,HYDERABAD VAC,30 Oct 2026,4
2026-06-23 12:26:55,OFC,KOLKATA VAC,02 Nov 2026,1
2026-06-23 12:26:55,Consular,NEW DELHI,10 Nov 2026,1
2026-06-23 12:27:05,OFC,HYDERABAD VAC,04 Nov 2026,3
2026-06-23 12:27:05,OFC,KOLKATA VAC,02 Nov 2026,1
2026-06-23 12:27:05,Consular,NEW DELHI,10 Nov 2026,1
2026-06-23 12:27:12,Consular,NEW DELHI,10 Nov 2026,1
2026-06-23 12:27:21,Consular,NEW DELHI,10 Nov 2026,1
2026-06-23 12:27:27,Consular,NEW DELHI,10 Nov 2026,1
2026-06-23 12:27:41,Consular,NEW DELHI,10 Nov 2026,1
2026-06-23 12:29:54,OFC,NEW DELHI VAC,17 Jul 2026,1
2026-06-23 12:34:34,OFC,MUMBAI VAC,26 Jun 2026,24
2026-06-23 12:35:12,OFC,NEW DELHI VAC,15 Jul 2026,1
2026-06-23 12:35:27,Consular,HYDERABAD,24 Jul 2026,1
2026-06-23 12:35:44,Consular,NEW DELHI,20 Jul 2026,12
2026-06-23 12:36:44,Consular,NEW DELHI,20 Jul 2026,12
2026-06-23 12:36:55,Consular,NEW DELHI,20 Jul 2026,12
2026-06-23 12:37:08,Consular,NEW DELHI,20 Jul 2026,12
2026-06-23 12:37:22,Consular,NEW DELHI,20 Jul 2026,12
2026-06-23 12:37:36,Consular,NEW DELHI,20 Jul 2026,12
2026-06-23 12:41:39,OFC,MUMBAI VAC,15 Jul 2026,1
2026-06-23 12:42:08,OFC,MUMBAI VAC,15 Jul 2026,1
2026-06-23 12:45:16,Consular,NEW DELHI,16 Jul 2026,1
2026-06-23 12:45:24,Consular,NEW DELHI,16 Jul 2026,1
2026-06-23 12:45:33,Consular,NEW DELHI,16 Jul 2026,1
2026-06-23 12:45:43,Consular,NEW DELHI,16 Jul 2026,1
2026-06-23 12:45:54,Consular,NEW DELHI,16 Jul 2026,1
2026-06-23 12:46:03,Consular,NEW DELHI,16 Jul 2026,1
2026-06-23 12:46:17,Consular,NEW DELHI,16 Jul 2026,1
2026-06-23 12:46:24,Consular,NEW DELHI,16 Jul 2026,1
2026-06-23 12:48:04,Consular,NEW DELHI,16 Jul 2026,1
2026-06-23 12:48:19,OFC,MUMBAI VAC,14 Jul 2026,1
2026-06-23 12:48:19,Consular,NEW DELHI,16 Jul 2026,1
2026-06-23 12:48:33,Consular,NEW DELHI,16 Jul 2026,1
2026-06-23 12:48:47,Consular,NEW DELHI,16 Jul 2026,1
2026-06-23 12:48:55,Consular,NEW DELHI,16 Jul 2026,1
2026-06-23 12:49:09,Consular,NEW DELHI,16 Jul 2026,1
2026-06-23 12:50:39,Consular,NEW DELHI,16 Jul 2026,1
2026-06-23 12:50:51,Consular,NEW DELHI,16 Jul 2026,1
2026-06-23 12:51:04,Consular,NEW DELHI,16 Jul 2026,1
2026-06-23 12:51:18,Consular,KOLKATA,02 Jul 2026,1
2026-06-23 12:51:18,Consular,NEW DELHI,16 Jul 2026,1
2026-06-23 12:51:27,Consular,KOLKATA,02 Jul 2026,1
2026-06-23 12:51:27,Consular,NEW DELHI,16 Jul 2026,1
2026-06-23 12:51:40,Consular,KOLKATA,02 Jul 2026,1
2026-06-23 12:51:40,Consular,NEW DELHI,16 Jul 2026,1
2026-06-23 12:51:53,Consular,KOLKATA,02 Jul 2026,1
2026-06-23 12:51:53,Consular,NEW DELHI,16 Jul 2026,1
2026-06-23 12:52:08,Consular,KOLKATA,02 Jul 2026,1
2026-06-23 12:52:08,Consular,NEW DELHI,16 Jul 2026,1
2026-06-23 12:52:14,Consular,KOLKATA,02 Jul 2026,1
2026-06-23 12:52:14,Consular,NEW DELHI,16 Jul 2026,1
2026-06-23 12:52:28,Consular,KOLKATA,02 Jul 2026,1
2026-06-23 12:52:28,Consular,NEW DELHI,16 Jul 2026,1
2026-06-23 12:53:22,Consular,KOLKATA,02 Jul 2026,1
2026-06-23 12:53:22,Consular,NEW DELHI,16 Jul 2026,1
2026-06-23 12:53:29,Consular,KOLKATA,02 Jul 2026,1
2026-06-23 12:53:29,Consular,NEW DELHI,16 Jul 2026,1
2026-06-23 12:53:37,Consular,KOLKATA,02 Jul 2026,1
2026-06-23 12:53:37,Consular,NEW DELHI,16 Jul 2026,1
2026-06-23 12:53:48,Consular,KOLKATA,02 Jul 2026,1
2026-06-23 12:53:48,Consular,NEW DELHI,16 Jul 2026,1
2026-06-23 12:54:02,Consular,KOLKATA,02 Jul 2026,1
2026-06-23 12:54:02,Consular,NEW DELHI,16 Jul 2026,1
2026-06-23 12:54:13,Consular,KOLKATA,02 Jul 2026,1
2026-06-23 12:54:13,Consular,NEW DELHI,16 Jul 2026,1
2026-06-23 12:54:20,Consular,KOLKATA,02 Jul 2026,1
2026-06-23 12:54:20,Consular,NEW DELHI,16 Jul 2026,1
2026-06-23 12:54:27,Consular,KOLKATA,02 Jul 2026,1
2026-06-23 12:54:27,Consular,NEW DELHI,16 Jul 2026,1
2026-06-23 12:55:58,Consular,KOLKATA,02 Jul 2026,1
2026-06-23 12:55:58,Consular,NEW DELHI,16 Jul 2026,1
2026-06-23 12:56:04,Consular,KOLKATA,02 Jul 2026,1
2026-06-23 12:56:04,Consular,NEW DELHI,16 Jul 2026,1
2026-06-23 12:56:10,Consular,KOLKATA,02 Jul 2026,1
2026-06-23 12:56:10,Consular,NEW DELHI,16 Jul 2026,1
2026-06-23 12:56:20,Consular,KOLKATA,02 Jul 2026,1
2026-06-23 12:56:20,Consular,NEW DELHI,16 Jul 2026,1
2026-06-23 12:56:33,Consular,KOLKATA,02 Jul 2026,1
2026-06-23 12:56:33,Consular,NEW DELHI,16 Jul 2026,1
2026-06-23 12:56:45,Consular,KOLKATA,02 Jul 2026,1
2026-06-23 12:56:45,OFC,MUMBAI VAC,14 Jul 2026,1
2026-06-23 12:56:45,Consular,NEW DELHI,16 Jul 2026,1
2026-06-23 12:57:00,Consular,KOLKATA,02 Jul 2026,1
2026-06-23 12:57:00,Consular,NEW DELHI,16 Jul 2026,1
2026-06-23 12:57:00,OFC,NEW DELHI VAC,16 Jul 2026,1
2026-06-23 12:57:08,Consular,KOLKATA,02 Jul 2026,1
2026-06-23 12:57:08,Consular,NEW DELHI,16 Jul 2026,1
2026-06-23 12:57:21,Consular,KOLKATA,02 Jul 2026,1
2026-06-23 12:57:21,Consular,NEW DELHI,16 Jul 2026,1
2026-06-23 12:58:16,Consular,KOLKATA,02 Jul 2026,1
2026-06-23 12:58:16,Consular,NEW DELHI,16 Jul 2026,1
2026-06-23 12:58:22,Consular,KOLKATA,02 Jul 2026,1
2026-06-23 12:58:22,Consular,NEW DELHI,16 Jul 2026,1
2026-06-23 12:58:35,Consular,KOLKATA,02 Jul 2026,1
2026-06-23 12:58:35,Consular,NEW DELHI,16 Jul 2026,1
2026-06-23 12:58:44,Consular,KOLKATA,02 Jul 2026,1
2026-06-23 12:58:44,Consular,NEW DELHI,16 Jul 2026,1
2026-06-23 12:58:52,Consular,KOLKATA,02 Jul 2026,1
2026-06-23 12:58:52,Consular,NEW DELHI,16 Jul 2026,1
2026-06-23 12:59:05,Consular,KOLKATA,02 Jul 2026,1
2026-06-23 12:59:05,Consular,NEW DELHI,16 Jul 2026,1
2026-06-23 12:59:12,Consular,KOLKATA,02 Jul 2026,1
2026-06-23 12:59:12,Consular,NEW DELHI,16 Jul 2026,1
2026-06-23 12:59:22,Consular,KOLKATA,02 Jul 2026,1
2026-06-23 12:59:22,Consular,NEW DELHI,16 Jul 2026,1
2026-06-23 12:59:33,Consular,KOLKATA,02 Jul 2026,1
2026-06-23 12:59:33,Consular,NEW DELHI,16 Jul 2026,1
2026-06-23 12:59:46,Consular,KOLKATA,02 Jul 2026,1
2026-06-23 12:59:46,Consular,NEW DELHI,16 Jul 2026,1
2026-06-23 13:00:01,Consular,NEW DELHI,16 Jul 2026,1
2026-06-23 13:00:14,Consular,KOLKATA,02 Jul 2026,1
2026-06-23 13:00:20,Consular,KOLKATA,02 Jul 2026,1
2026-06-23 13:00:36,Consular,KOLKATA,02 Jul 2026,1
2026-06-23 13:00:36,Consular,NEW DELHI,16 Jul 2026,2
2026-06-23 13:02:46,Consular,HYDERABAD,14 Jul 2026,1
2026-06-23 13:02:53,Consular,CHENNAI,13 Jul 2026,1
2026-06-23 13:02:53,Consular,HYDERABAD,14 Jul 2026,1
2026-06-23 13:03:07,Consular,CHENNAI,13 Jul 2026,1
2026-06-23 13:03:14,Consular,CHENNAI,13 Jul 2026,1
2026-06-23 13:03:24,Consular,CHENNAI,13 Jul 2026,1
2026-06-23 13:03:37,Consular,CHENNAI,13 Jul 2026,1
2026-06-23 13:03:45,Consular,CHENNAI,13 Jul 2026,1
2026-06-23 13:03:57,Consular,CHENNAI,13 Jul 2026,1
2026-06-23 13:05:04,Consular,NEW DELHI,16 Jul 2026,1
2026-06-23 13:05:13,Consular,HYDERABAD,14 Jul 2026,1
2026-06-23 13:05:13,Consular,NEW DELHI,16 Jul 2026,1
2026-06-23 13:05:25,Consular,CHENNAI,13 Jul 2026,1
2026-06-23 13:05:25,Consular,HYDERABAD,14 Jul 2026,1
2026-06-23 13:05:25,Consular,NEW DELHI,16 Jul 2026,1
2026-06-23 13:05:34,Consular,CHENNAI,13 Jul 2026,1
2026-06-23 13:05:34,Consular,HYDERABAD,14 Jul 2026,1
2026-06-23 13:05:34,Consular,NEW DELHI,16 Jul 2026,1
2026-06-23 13:05:44,Consular,CHENNAI,13 Jul 2026,1
2026-06-23 13:05:44,Consular,HYDERABAD,14 Jul 2026,1
2026-06-23 13:05:44,Consular,NEW DELHI,16 Jul 2026,1
2026-06-23 13:05:53,Consular,CHENNAI,13 Jul 2026,1
2026-06-23 13:05:53,Consular,HYDERABAD,14 Jul 2026,1
2026-06-23 13:05:53,Consular,NEW DELHI,16 Jul 2026,1
2026-06-23 13:06:01,Consular,HYDERABAD,14 Jul 2026,1
2026-06-23 13:06:01,Consular,NEW DELHI,16 Jul 2026,1
2026-06-23 13:08:44,Consular,NEW DELHI,16 Jul 2026,1
2026-06-23 13:08:53,Consular,NEW DELHI,16 Jul 2026,1
2026-06-23 13:09:06,Consular,NEW DELHI,16 Jul 2026,1
2026-06-23 13:09:17,Consular,NEW DELHI,16 Jul 2026,1
2026-06-23 13:09:27,Consular,NEW DELHI,16 Jul 2026,1
2026-06-23 13:13:08,Consular,CHENNAI,13 Jul 2026,1
2026-06-23 13:13:21,Consular,CHENNAI,13 Jul 2026,1
2026-06-23 13:13:31,Consular,CHENNAI,13 Jul 2026,1
2026-06-23 13:13:38,Consular,CHENNAI,13 Jul 2026,1
2026-06-23 13:13:48,Consular,CHENNAI,13 Jul 2026,1
2026-06-23 13:13:56,Consular,CHENNAI,13 Jul 2026,1
2026-06-23 13:13:56,OFC,NEW DELHI VAC,25 Jun 2026,4
2026-06-23 13:18:50,OFC,NEW DELHI VAC,25 Jun 2026,4
2026-06-23 13:22:55,Consular,CHENNAI,13 Jul 2026,1
2026-06-23 13:23:02,Consular,CHENNAI,13 Jul 2026,1
2026-06-23 13:23:09,Consular,CHENNAI,13 Jul 2026,1
2026-06-23 13:25:51,OFC,CHENNAI VAC,19 Jan 2027,11
2026-06-23 13:25:51,OFC,NEW DELHI VAC,12 Jan 2027,14
2026-06-23 13:26:04,OFC,CHENNAI VAC,19 Jan 2027,11
2026-06-23 13:26:04,OFC,MUMBAI VAC,15 Jul 2026,1
2026-06-23 13:26:15,OFC,CHENNAI VAC,19 Jan 2027,11
2026-06-23 13:26:15,OFC,MUMBAI VAC,15 Jul 2026,1
2026-06-23 13:26:15,OFC,NEW DELHI VAC,12 Jan 2027,14
2026-06-23 13:26:21,OFC,CHENNAI VAC,19 Jan 2027,11
2026-06-23 13:26:21,OFC,MUMBAI VAC,15 Jul 2026,1
2026-06-23 13:26:21,Consular,NEW DELHI,16 Jul 2026,1
2026-06-23 13:26:21,OFC,NEW DELHI VAC,12 Jan 2027,14
2026-06-23 13:26:28,OFC,CHENNAI VAC,19 Jan 2027,11
2026-06-23 13:26:28,Consular,NEW DELHI,16 Jul 2026,1
2026-06-23 13:26:28,OFC,NEW DELHI VAC,12 Jan 2027,14
2026-06-23 13:26:42,OFC,CHENNAI VAC,22 Jan 2027,10
2026-06-23 13:26:42,OFC,NEW DELHI VAC,13 Jan 2027,13
2026-06-23 13:30:23,OFC,HYDERABAD VAC,18 Sep 2026,1
2026-06-23 13:30:35,OFC,CHENNAI VAC,03 Sep 2026,3
2026-06-23 13:30:35,OFC,HYDERABAD VAC,18 Sep 2026,1
2026-06-23 13:30:48,OFC,CHENNAI VAC,03 Sep 2026,2
2026-06-23 13:30:48,Consular,MUMBAI,30 Jun 2026,1
2026-06-23 13:30:48,Consular,NEW DELHI,08 Jul 2026,2
2026-06-23 13:31:02,Consular,NEW DELHI,08 Jul 2026,2
2026-06-23 13:31:15,Consular,NEW DELHI,08 Jul 2026,1
2026-06-23 13:31:22,Consular,NEW DELHI,08 Jul 2026,1
2026-06-23 13:31:51,Consular,HYDERABAD,14 Jul 2026,1
2026-06-23 13:31:58,Consular,HYDERABAD,14 Jul 2026,1
2026-06-23 13:32:10,Consular,HYDERABAD,14 Jul 2026,1
2026-06-23 13:32:31,Consular,NEW DELHI,08 Jul 2026,2
2026-06-23 13:32:42,Consular,CHENNAI,13 Jul 2026,1
2026-06-23 13:35:05,Consular,HYDERABAD,14 Jul 2026,1
2026-06-23 13:35:05,Consular,NEW DELHI,08 Jul 2026,2
2026-06-23 13:36:05,Consular,CHENNAI,13 Jul 2026,1
2026-06-23 13:36:13,Consular,CHENNAI,13 Jul 2026,1
2026-06-23 13:37:00,Consular,CHENNAI,13 Jul 2026,1
2026-06-23 13:37:06,Consular,CHENNAI,13 Jul 2026,1
2026-06-23 13:37:20,Consular,CHENNAI,13 Jul 2026,1
2026-06-23 13:37:31,Consular,CHENNAI,13 Jul 2026,1
2026-06-23 13:37:42,Consular,CHENNAI,13 Jul 2026,1
2026-06-23 13:37:49,Consular,CHENNAI,13 Jul 2026,1
2026-06-23 13:37:55,Consular,CHENNAI,13 Jul 2026,1
2026-06-23 13:38:10,Consular,CHENNAI,13 Jul 2026,1
2026-06-23 13:38:18,Consular,CHENNAI,13 Jul 2026,1
2026-06-23 13:38:27,Consular,CHENNAI,13 Jul 2026,1
2026-06-23 13:40:57,Consular,HYDERABAD,14 Jul 2026,1
2026-06-23 13:40:57,OFC,HYDERABAD VAC,26 Jun 2026,24
2026-06-23 13:41:44,Consular,HYDERABAD,14 Jul 2026,1
2026-06-23 13:41:53,Consular,HYDERABAD,14 Jul 2026,1
2026-06-23 13:42:04,Consular,HYDERABAD,14 Jul 2026,1
2026-06-23 13:42:11,Consular,HYDERABAD,14 Jul 2026,1
2026-06-23 13:42:26,Consular,HYDERABAD,14 Jul 2026,1
2026-06-23 13:42:39,Consular,HYDERABAD,14 Jul 2026,1
2026-06-23 13:42:45,Consular,HYDERABAD,14 Jul 2026,1
2026-06-23 13:42:57,Consular,HYDERABAD,14 Jul 2026,1
2026-06-23 13:43:08,Consular,HYDERABAD,14 Jul 2026,1
2026-06-23 13:43:14,Consular,HYDERABAD,14 Jul 2026,1
2026-06-23 13:46:05,Consular,CHENNAI,13 Jul 2026,1
2026-06-23 13:46:05,Consular,HYDERABAD,14 Jul 2026,1
2026-06-23 13:46:05,Consular,NEW DELHI,08 Jul 2026,2
2026-06-23 13:46:25,Consular,NEW DELHI,08 Jul 2026,1
2026-06-23 13:46:34,Consular,NEW DELHI,08 Jul 2026,1
2026-06-23 13:46:46,Consular,NEW DELHI,08 Jul 2026,1
2026-06-23 13:47:41,Consular,NEW DELHI,08 Jul 2026,1
2026-06-23 13:47:48,Consular,NEW DELHI,08 Jul 2026,1
2026-06-23 13:47:57,Consular,NEW DELHI,08 Jul 2026,1
2026-06-23 13:48:05,Consular,NEW DELHI,08 Jul 2026,1
2026-06-23 13:48:18,Consular,CHENNAI,13 Jul 2026,1
2026-06-23 13:48:30,Consular,CHENNAI,13 Jul 2026,1
2026-06-23 13:48:41,Consular,CHENNAI,13 Jul 2026,1
2026-06-23 13:48:55,Consular,CHENNAI,13 Jul 2026,1
2026-06-23 13:49:30,Consular,CHENNAI,13 Jul 2026,1
2026-06-23 13:49:36,Consular,CHENNAI,13 Jul 2026,1
2026-06-23 13:54:57,Consular,NEW DELHI,08 Jul 2026,1
2026-06-23 13:55:05,Consular,NEW DELHI,08 Jul 2026,1
2026-06-23 13:55:16,Consular,NEW DELHI,08 Jul 2026,1
2026-06-23 13:55:29,Consular,NEW DELHI,08 Jul 2026,1
2026-06-23 13:55:36,Consular,NEW DELHI,08 Jul 2026,1
2026-06-23 13:55:45,Consular,NEW DELHI,08 Jul 2026,1
2026-06-23 13:55:56,OFC,CHENNAI VAC,04 Jan 2027,10
2026-06-23 13:55:56,Consular,NEW DELHI,08 Jul 2026,1
2026-06-23 13:57:26,Consular,NEW DELHI,01 Feb 2027,1
2026-06-23 13:57:40,Consular,NEW DELHI,01 Feb 2027,1
2026-06-23 14:13:30,OFC,HYDERABAD VAC,24 Jun 2026,1
2026-06-23 14:23:41,Consular,NEW DELHI,08 Jul 2026,1
2026-06-23 14:23:57,Consular,NEW DELHI,08 Jul 2026,1
2026-06-23 14:24:04,Consular,NEW DELHI,08 Jul 2026,1
2026-06-23 14:24:19,Consular,NEW DELHI,08 Jul 2026,1
2026-06-23 14:24:32,Consular,NEW DELHI,08 Jul 2026,1
2026-06-23 14:24:41,Consular,NEW DELHI,08 Jul 2026,1
2026-06-23 14:24:48,Consular,NEW DELHI,08 Jul 2026,1
2026-06-23 14:24:58,Consular,NEW DELHI,08 Jul 2026,1
2026-06-23 14:25:08,Consular,NEW DELHI,08 Jul 2026,1
2026-06-23 14:26:42,Consular,NEW DELHI,23 Jul 2026,11
2026-06-23 14:26:49,Consular,NEW DELHI,23 Jul 2026,11
2026-06-23 14:26:55,Consular,NEW DELHI,23 Jul 2026,11
2026-06-23 14:27:08,Consular,NEW DELHI,23 Jul 2026,11
2026-06-23 14:27:23,Consular,NEW DELHI,23 Jul 2026,11
2026-06-23 14:27:32,Consular,NEW DELHI,23 Jul 2026,11
2026-06-23 14:27:41,Consular,NEW DELHI,23 Jul 2026,11
2026-06-23 14:30:15,OFC,HYDERABAD VAC,18 Sep 2026,1
2026-06-23 14:30:30,OFC,HYDERABAD VAC,15 Oct 2026,4
2026-06-23 14:30:30,OFC,MUMBAI VAC,30 Oct 2026,1
2026-06-23 14:30:30,OFC,NEW DELHI VAC,21 Oct 2026,1
2026-06-23 14:30:42,OFC,CHENNAI VAC,08 Oct 2026,2
2026-06-23 14:30:42,OFC,KOLKATA VAC,14 Oct 2026,2
2026-06-23 14:30:48,Consular,CHENNAI,16 Oct 2026,1
2026-06-23 14:30:48,OFC,CHENNAI VAC,26 Oct 2026,1
2026-06-23 14:30:48,OFC,HYDERABAD VAC,21 Oct 2026,3
2026-06-23 14:30:48,OFC,KOLKATA VAC,27 Oct 2026,1
2026-06-23 14:31:02,Consular,CHENNAI,16 Oct 2026,1
2026-06-23 14:31:02,OFC,HYDERABAD VAC,30 Oct 2026,1
2026-06-23 14:31:02,OFC,NEW DELHI VAC,21 Oct 2026,1
2026-06-23 14:31:14,Consular,CHENNAI,16 Oct 2026,1
2026-06-23 14:31:14,OFC,CHENNAI VAC,26 Oct 2026,1
2026-06-23 14:31:14,Consular,HYDERABAD,17 Jul 2026,1
2026-06-23 14:31:22,Consular,CHENNAI,16 Oct 2026,1
2026-06-23 14:31:32,Consular,CHENNAI,16 Oct 2026,1
2026-06-23 14:31:32,Consular,HYDERABAD,17 Jul 2026,2
2026-06-23 14:31:44,Consular,CHENNAI,16 Oct 2026,1
2026-06-23 14:31:44,Consular,HYDERABAD,17 Jul 2026,2
2026-06-23 14:31:54,Consular,CHENNAI,16 Oct 2026,1
2026-06-23 14:32:49,Consular,HYDERABAD,17 Jul 2026,2
2026-06-23 14:33:35,Consular,NEW DELHI,08 Jul 2026,1
2026-06-23 14:34:27,Consular,NEW DELHI,08 Jul 2026,1
2026-06-23 14:34:38,Consular,NEW DELHI,08 Jul 2026,1
2026-06-23 14:34:51,Consular,NEW DELHI,08 Jul 2026,1
2026-06-23 14:37:17,Consular,HYDERABAD,17 Jul 2026,2
2026-06-23 14:37:30,Consular,HYDERABAD,17 Jul 2026,2
2026-06-23 14:38:20,Consular,HYDERABAD,17 Jul 2026,2
2026-06-23 14:38:30,Consular,HYDERABAD,17 Jul 2026,2
2026-06-23 14:38:45,Consular,HYDERABAD,17 Jul 2026,2
2026-06-23 14:38:54,Consular,HYDERABAD,17 Jul 2026,2
2026-06-23 14:41:30,Consular,HYDERABAD,17 Jul 2026,2
2026-06-23 14:41:30,Consular,NEW DELHI,08 Jul 2026,2
2026-06-23 14:41:40,Consular,HYDERABAD,17 Jul 2026,2
2026-06-23 14:41:40,Consular,NEW DELHI,08 Jul 2026,2
2026-06-23 14:41:51,Consular,HYDERABAD,17 Jul 2026,2
2026-06-23 14:41:51,Consular,NEW DELHI,08 Jul 2026,2
2026-06-23 14:42:42,Consular,HYDERABAD,17 Jul 2026,2
2026-06-23 14:42:42,Consular,NEW DELHI,08 Jul 2026,2
2026-06-23 14:42:51,Consular,HYDERABAD,17 Jul 2026,2
2026-06-23 14:42:51,Consular,NEW DELHI,08 Jul 2026,2
2026-06-23 14:42:59,Consular,HYDERABAD,17 Jul 2026,2
2026-06-23 14:42:59,Consular,NEW DELHI,08 Jul 2026,2
2026-06-23 14:43:07,Consular,HYDERABAD,17 Jul 2026,2
2026-06-23 14:43:07,Consular,NEW DELHI,08 Jul 2026,2
2026-06-23 14:44:37,Consular,HYDERABAD,17 Jul 2026,1
2026-06-23 14:44:50,Consular,HYDERABAD,17 Jul 2026,1
2026-06-23 14:45:00,Consular,HYDERABAD,17 Jul 2026,1
2026-06-23 14:45:07,Consular,HYDERABAD,17 Jul 2026,1
2026-06-23 14:45:17,Consular,HYDERABAD,17 Jul 2026,1
2026-06-23 14:45:26,Consular,HYDERABAD,17 Jul 2026,1
2026-06-23 14:45:34,Consular,HYDERABAD,17 Jul 2026,1
2026-06-23 14:45:48,Consular,HYDERABAD,17 Jul 2026,1
2026-06-23 14:46:42,Consular,HYDERABAD,17 Jul 2026,1
2026-06-23 14:46:57,Consular,HYDERABAD,17 Jul 2026,1
2026-06-23 14:47:08,Consular,HYDERABAD,17 Jul 2026,1
2026-06-23 14:48:43,Consular,HYDERABAD,17 Jul 2026,1
2026-06-23 14:48:53,Consular,HYDERABAD,17 Jul 2026,1
2026-06-23 14:49:06,Consular,HYDERABAD,17 Jul 2026,1
2026-06-23 14:49:18,Consular,HYDERABAD,17 Jul 2026,1
2026-06-23 14:49:25,Consular,HYDERABAD,17 Jul 2026,1
2026-06-23 14:49:38,Consular,HYDERABAD,17 Jul 2026,1
2026-06-23 14:49:45,Consular,HYDERABAD,17 Jul 2026,1
2026-06-23 14:49:51,Consular,HYDERABAD,17 Jul 2026,1
2026-06-23 14:49:57,Consular,HYDERABAD,17 Jul 2026,1
2026-06-23 14:50:06,Consular,HYDERABAD,17 Jul 2026,1
2026-06-23 14:55:02,Consular,NEW DELHI,02 Jul 2026,3
2026-06-23 14:55:11,Consular,NEW DELHI,02 Jul 2026,3
2026-06-23 14:55:24,Consular,NEW DELHI,02 Jul 2026,3
2026-06-23 14:55:38,Consular,NEW DELHI,02 Jul 2026,1
2026-06-23 14:55:48,Consular,NEW DELHI,02 Jul 2026,1
2026-06-23 14:56:02,Consular,NEW DELHI,02 Jul 2026,1
2026-06-23 14:56:16,Consular,NEW DELHI,02 Jul 2026,1
2026-06-23 14:56:29,Consular,NEW DELHI,02 Jul 2026,1
2026-06-23 14:56:39,Consular,HYDERABAD,17 Jul 2026,2
2026-06-23 14:56:39,Consular,NEW DELHI,02 Jul 2026,3
2026-06-23 14:56:46,Consular,NEW DELHI,02 Jul 2026,3
2026-06-23 14:57:08,Consular,NEW DELHI,02 Jul 2026,1
2026-06-23 14:57:22,Consular,HYDERABAD,17 Jul 2026,2
2026-06-23 14:57:22,Consular,NEW DELHI,02 Jul 2026,3
2026-06-23 14:57:31,Consular,HYDERABAD,17 Jul 2026,2
2026-06-23 14:57:31,Consular,NEW DELHI,02 Jul 2026,3
2026-06-23 14:57:39,Consular,HYDERABAD,17 Jul 2026,2
2026-06-23 14:57:39,Consular,NEW DELHI,02 Jul 2026,3
2026-06-23 14:57:45,Consular,HYDERABAD,17 Jul 2026,2
2026-06-23 14:57:45,Consular,NEW DELHI,02 Jul 2026,3
2026-06-23 14:59:05,Consular,NEW DELHI,02 Jul 2026,1
2026-06-23 14:59:18,Consular,NEW DELHI,02 Jul 2026,3
2026-06-23 14:59:25,Consular,NEW DELHI,02 Jul 2026,1
2026-06-23 15:02:00,Consular,NEW DELHI,02 Jul 2026,3
2026-06-23 15:02:58,Consular,NEW DELHI,02 Jul 2026,4
2026-06-23 15:03:12,Consular,NEW DELHI,02 Jul 2026,4
2026-06-23 15:03:22,Consular,NEW DELHI,02 Jul 2026,4
2026-06-23 15:05:11,Consular,HYDERABAD,17 Jul 2026,2
2026-06-23 15:05:23,Consular,HYDERABAD,17 Jul 2026,2
2026-06-23 15:05:35,Consular,HYDERABAD,17 Jul 2026,2
2026-06-23 15:05:35,Consular,NEW DELHI,02 Jul 2026,3
2026-06-23 15:05:46,Consular,NEW DELHI,02 Jul 2026,4
2026-06-23 15:07:22,Consular,NEW DELHI,02 Jul 2026,3
2026-06-23 15:07:38,Consular,NEW DELHI,02 Jul 2026,3
2026-06-23 15:07:53,Consular,NEW DELHI,02 Jul 2026,3
2026-06-23 15:08:07,Consular,NEW DELHI,02 Jul 2026,3
2026-06-23 15:09:20,Consular,NEW DELHI,02 Jul 2026,1
2026-06-23 15:09:40,Consular,NEW DELHI,02 Jul 2026,1
2026-06-23 15:09:50,Consular,NEW DELHI,02 Jul 2026,1
2026-06-23 15:09:59,Consular,NEW DELHI,02 Jul 2026,1
2026-06-23 15:10:08,Consular,NEW DELHI,02 Jul 2026,1
2026-06-23 15:10:15,Consular,NEW DELHI,02 Jul 2026,3
2026-06-23 15:13:40,Consular,HYDERABAD,21 Jul 2026,1
2026-06-23 15:13:50,Consular,HYDERABAD,21 Jul 2026,1
2026-06-23 15:13:59,Consular,HYDERABAD,21 Jul 2026,1
2026-06-23 15:14:05,Consular,HYDERABAD,21 Jul 2026,1
2026-06-23 15:14:24,Consular,NEW DELHI,02 Jul 2026,1
2026-06-23 15:14:32,Consular,NEW DELHI,02 Jul 2026,1
2026-06-23 15:14:44,Consular,NEW DELHI,02 Jul 2026,1
2026-06-23 15:14:52,Consular,NEW DELHI,02 Jul 2026,1
2026-06-23 15:15:01,Consular,NEW DELHI,02 Jul 2026,4
2026-06-23 15:15:15,Consular,NEW DELHI,02 Jul 2026,1
2026-06-23 15:15:21,Consular,NEW DELHI,02 Jul 2026,1
2026-06-23 15:15:29,Consular,NEW DELHI,02 Jul 2026,1
2026-06-23 15:15:42,Consular,NEW DELHI,02 Jul 2026,1
2026-06-23 15:15:51,Consular,NEW DELHI,02 Jul 2026,1
2026-06-23 15:16:02,Consular,NEW DELHI,02 Jul 2026,4
2026-06-23 15:16:13,Consular,NEW DELHI,02 Jul 2026,4
2026-06-23 15:16:22,Consular,NEW DELHI,02 Jul 2026,4
2026-06-23 15:16:28,Consular,NEW DELHI,02 Jul 2026,4
2026-06-23 15:18:45,Consular,NEW DELHI,02 Jul 2026,1
2026-06-23 15:18:58,Consular,NEW DELHI,02 Jul 2026,1
2026-06-23 15:19:04,Consular,NEW DELHI,02 Jul 2026,4
2026-06-23 15:19:10,Consular,HYDERABAD,21 Jul 2026,1
2026-06-23 15:19:10,Consular,NEW DELHI,02 Jul 2026,4
2026-06-23 15:19:21,Consular,HYDERABAD,21 Jul 2026,1
2026-06-23 15:19:21,Consular,NEW DELHI,02 Jul 2026,1
2026-06-23 15:19:27,Consular,HYDERABAD,21 Jul 2026,1
2026-06-23 15:19:27,Consular,NEW DELHI,02 Jul 2026,1
2026-06-23 15:19:40,Consular,HYDERABAD,21 Jul 2026,1
2026-06-23 15:19:40,Consular,NEW DELHI,02 Jul 2026,1
2026-06-23 15:19:55,Consular,HYDERABAD,21 Jul 2026,1
2026-06-23 15:19:55,Consular,NEW DELHI,02 Jul 2026,1
2026-06-23 15:20:05,Consular,HYDERABAD,21 Jul 2026,1
2026-06-23 15:20:42,Consular,NEW DELHI,02 Jul 2026,3
2026-06-23 15:20:50,Consular,NEW DELHI,02 Jul 2026,3
2026-06-23 15:20:59,Consular,NEW DELHI,02 Jul 2026,3
2026-06-23 15:21:11,Consular,NEW DELHI,02 Jul 2026,3
2026-06-23 15:21:22,Consular,NEW DELHI,02 Jul 2026,3
2026-06-23 15:21:34,Consular,NEW DELHI,02 Jul 2026,3
2026-06-23 15:21:49,Consular,NEW DELHI,02 Jul 2026,3
2026-06-23 15:21:57,Consular,NEW DELHI,02 Jul 2026,3
2026-06-23 15:22:03,Consular,HYDERABAD,21 Jul 2026,1
2026-06-23 15:22:03,Consular,NEW DELHI,02 Jul 2026,3
2026-06-23 15:22:10,Consular,NEW DELHI,02 Jul 2026,3
2026-06-23 15:22:25,Consular,NEW DELHI,02 Jul 2026,3
2026-06-23 15:25:23,Consular,NEW DELHI,02 Jul 2026,1
2026-06-23 15:25:34,Consular,NEW DELHI,02 Jul 2026,1
2026-06-23 15:25:49,Consular,NEW DELHI,02 Jul 2026,1
2026-06-23 15:25:56,OFC,CHENNAI VAC,14 Oct 2026,1
2026-06-23 15:25:56,Consular,NEW DELHI,02 Jul 2026,1
2026-06-23 15:26:07,OFC,MUMBAI VAC,15 Jul 2026,1
2026-06-23 15:26:07,Consular,NEW DELHI,02 Jul 2026,1
2026-06-23 15:26:23,Consular,NEW DELHI,02 Jul 2026,1
2026-06-23 15:26:29,Consular,NEW DELHI,02 Jul 2026,1
2026-06-23 15:27:11,Consular,NEW DELHI,02 Jul 2026,3
2026-06-23 15:27:23,Consular,NEW DELHI,02 Jul 2026,3
2026-06-23 15:27:31,Consular,NEW DELHI,02 Jul 2026,1
2026-06-23 15:27:42,Consular,HYDERABAD,21 Jul 2026,1
2026-06-23 15:27:42,Consular,NEW DELHI,02 Jul 2026,3
2026-06-23 15:27:49,Consular,NEW DELHI,02 Jul 2026,3
2026-06-23 15:28:04,Consular,NEW DELHI,02 Jul 2026,3
2026-06-23 15:30:57,Consular,NEW DELHI,30 Jun 2026,2
2026-06-23 15:31:10,Consular,NEW DELHI,30 Jun 2026,2
2026-06-23 15:31:23,Consular,MUMBAI,06 Jul 2026,1
2026-06-23 15:31:23,Consular,NEW DELHI,30 Jun 2026,1
2026-06-23 15:31:38,Consular,NEW DELHI,30 Jun 2026,1
2026-06-23 15:31:50,Consular,MUMBAI,06 Jul 2026,1
2026-06-23 15:31:50,Consular,NEW DELHI,19 Oct 2026,1
2026-06-23 15:31:56,Consular,NEW DELHI,19 Oct 2026,1
2026-06-23 15:32:04,Consular,NEW DELHI,19 Oct 2026,1
2026-06-23 15:32:16,Consular,NEW DELHI,19 Oct 2026,1
2026-06-23 15:32:29,Consular,NEW DELHI,30 Jun 2026,1
2026-06-23 15:32:43,Consular,NEW DELHI,19 Oct 2026,1
2026-06-23 15:32:57,Consular,NEW DELHI,19 Oct 2026,1
2026-06-23 15:33:05,Consular,NEW DELHI,19 Oct 2026,1
2026-06-23 15:33:16,Consular,NEW DELHI,19 Oct 2026,1
2026-06-23 15:33:22,Consular,NEW DELHI,19 Oct 2026,1
2026-06-23 15:33:28,Consular,NEW DELHI,19 Oct 2026,1
2026-06-23 15:33:38,Consular,NEW DELHI,19 Oct 2026,1
2026-06-23 15:33:46,Consular,NEW DELHI,19 Oct 2026,1
2026-06-23 15:33:55,Consular,NEW DELHI,19 Oct 2026,1
2026-06-23 15:34:04,Consular,NEW DELHI,19 Oct 2026,1
2026-06-23 15:34:17,Consular,NEW DELHI,19 Oct 2026,1
2026-06-23 15:37:08,Consular,NEW DELHI,30 Jun 2026,5
2026-06-23 15:37:14,Consular,NEW DELHI,30 Jun 2026,5
2026-06-23 15:37:21,Consular,NEW DELHI,30 Jun 2026,5
2026-06-23 15:37:31,Consular,MUMBAI,06 Jul 2026,1
2026-06-23 15:37:31,Consular,NEW DELHI,30 Jun 2026,5
2026-06-23 15:37:39,Consular,MUMBAI,06 Jul 2026,1
2026-06-23 15:37:39,Consular,NEW DELHI,30 Jun 2026,5
2026-06-23 15:37:48,Consular,HYDERABAD,21 Jul 2026,1
2026-06-23 15:37:48,Consular,NEW DELHI,02 Jul 2026,1
2026-06-23 15:37:57,Consular,NEW DELHI,02 Jul 2026,1
2026-06-23 15:38:12,Consular,NEW DELHI,02 Jul 2026,1
2026-06-23 15:38:28,Consular,NEW DELHI,30 Jun 2026,5
2026-06-23 15:38:34,Consular,MUMBAI,06 Jul 2026,1
2026-06-23 15:38:34,Consular,NEW DELHI,30 Jun 2026,5
2026-06-23 15:38:44,Consular,MUMBAI,06 Jul 2026,1
2026-06-23 15:38:44,Consular,NEW DELHI,30 Jun 2026,5
2026-06-23 15:38:50,Consular,MUMBAI,06 Jul 2026,1
2026-06-23 15:38:50,Consular,NEW DELHI,30 Jun 2026,5
2026-06-23 15:38:57,Consular,MUMBAI,06 Jul 2026,1
2026-06-23 15:38:57,Consular,NEW DELHI,30 Jun 2026,5
2026-06-23 15:39:10,Consular,MUMBAI,06 Jul 2026,1
2026-06-23 15:39:10,Consular,NEW DELHI,30 Jun 2026,5
2026-06-23 15:39:22,Consular,MUMBAI,06 Jul 2026,1
2026-06-23 15:39:22,Consular,NEW DELHI,30 Jun 2026,5
2026-06-23 15:39:38,Consular,NEW DELHI,30 Jun 2026,5
2026-06-23 15:39:43,Consular,NEW DELHI,30 Jun 2026,1
2026-06-23 15:39:52,Consular,NEW DELHI,30 Jun 2026,1
2026-06-23 15:40:03,Consular,NEW DELHI,30 Jun 2026,1
2026-06-23 15:40:10,Consular,NEW DELHI,30 Jun 2026,1
2026-06-23 15:40:17,Consular,NEW DELHI,30 Jun 2026,1
2026-06-23 15:42:32,Consular,MUMBAI,06 Jul 2026,1
2026-06-23 15:42:32,Consular,NEW DELHI,30 Jun 2026,4
2026-06-23 15:42:47,Consular,MUMBAI,06 Jul 2026,1
2026-06-23 15:42:47,Consular,NEW DELHI,30 Jun 2026,3
2026-06-23 15:42:54,Consular,MUMBAI,06 Jul 2026,1
2026-06-23 15:42:54,Consular,NEW DELHI,30 Jun 2026,3
2026-06-23 15:43:48,Consular,NEW DELHI,30 Jun 2026,4
2026-06-23 15:43:55,Consular,NEW DELHI,30 Jun 2026,4
2026-06-23 15:44:08,Consular,NEW DELHI,30 Jun 2026,5
2026-06-23 15:44:17,Consular,NEW DELHI,30 Jun 2026,5
2026-06-23 15:44:23,Consular,NEW DELHI,30 Jun 2026,5
2026-06-23 15:44:38,Consular,HYDERABAD,21 Jul 2026,1
2026-06-23 15:44:38,Consular,NEW DELHI,30 Jun 2026,5
2026-06-23 15:44:46,Consular,HYDERABAD,21 Jul 2026,1
2026-06-23 15:44:46,Consular,NEW DELHI,30 Jun 2026,5
2026-06-23 15:44:52,Consular,HYDERABAD,21 Jul 2026,1
2026-06-23 15:44:52,Consular,NEW DELHI,30 Jun 2026,3
2026-06-23 15:45:02,Consular,NEW DELHI,30 Jun 2026,3
2026-06-23 15:45:10,Consular,NEW DELHI,30 Jun 2026,3
2026-06-23 15:45:20,Consular,NEW DELHI,30 Jun 2026,3
2026-06-23 15:45:31,Consular,NEW DELHI,30 Jun 2026,3
2026-06-23 15:45:46,Consular,NEW DELHI,30 Jun 2026,3
2026-06-23 15:45:57,Consular,NEW DELHI,30 Jun 2026,3
2026-06-23 15:46:04,Consular,NEW DELHI,30 Jun 2026,3
2026-06-23 15:46:15,Consular,NEW DELHI,30 Jun 2026,3
2026-06-23 15:46:26,Consular,NEW DELHI,30 Jun 2026,3
2026-06-23 15:48:40,Consular,NEW DELHI,30 Jun 2026,4
2026-06-23 15:48:55,Consular,NEW DELHI,30 Jun 2026,4
2026-06-23 15:49:43,Consular,NEW DELHI,30 Jun 2026,5
2026-06-23 15:49:51,Consular,NEW DELHI,30 Jun 2026,5
2026-06-23 15:49:58,Consular,NEW DELHI,30 Jun 2026,5
2026-06-23 15:50:10,Consular,NEW DELHI,30 Jun 2026,5
2026-06-23 15:50:19,Consular,NEW DELHI,30 Jun 2026,5
2026-06-23 15:50:30,Consular,NEW DELHI,30 Jun 2026,5
2026-06-23 15:50:37,Consular,NEW DELHI,30 Jun 2026,5
2026-06-23 15:50:50,Consular,NEW DELHI,30 Jun 2026,5
2026-06-23 15:51:04,Consular,NEW DELHI,02 Jul 2026,1
2026-06-23 15:51:14,Consular,NEW DELHI,02 Jul 2026,1
2026-06-23 15:51:25,Consular,NEW DELHI,02 Jul 2026,1
2026-06-23 15:51:36,Consular,NEW DELHI,30 Jun 2026,5
2026-06-23 15:51:44,Consular,NEW DELHI,30 Jun 2026,5
2026-06-23 15:51:57,Consular,NEW DELHI,30 Jun 2026,5
2026-06-23 15:52:04,Consular,NEW DELHI,30 Jun 2026,5
2026-06-23 15:52:15,Consular,NEW DELHI,30 Jun 2026,5
2026-06-23 15:52:28,Consular,NEW DELHI,30 Jun 2026,5
2026-06-23 15:52:37,Consular,NEW DELHI,30 Jun 2026,5
2026-06-23 15:54:51,Consular,NEW DELHI,02 Jul 2026,1
2026-06-23 15:55:00,Consular,NEW DELHI,02 Jul 2026,1
2026-06-23 15:55:41,Consular,NEW DELHI,02 Jul 2026,1
2026-06-23 15:55:56,OFC,CHENNAI VAC,11 Jan 2027,10
2026-06-23 15:55:56,Consular,NEW DELHI,02 Jul 2026,4
2026-06-23 15:55:56,OFC,NEW DELHI VAC,12 Jan 2027,14
2026-06-23 15:56:05,OFC,CHENNAI VAC,11 Jan 2027,10
2026-06-23 15:56:05,Consular,NEW DELHI,02 Jul 2026,4
2026-06-23 15:56:14,OFC,CHENNAI VAC,11 Jan 2027,10
2026-06-23 15:56:14,Consular,NEW DELHI,09 Feb 2027,1
2026-06-23 15:56:14,OFC,NEW DELHI VAC,13 Jan 2027,13
2026-06-23 15:56:20,OFC,CHENNAI VAC,11 Jan 2027,10
2026-06-23 15:56:20,Consular,NEW DELHI,09 Feb 2027,1
2026-06-23 15:56:20,OFC,NEW DELHI VAC,13 Jan 2027,13
2026-06-23 15:56:30,OFC,CHENNAI VAC,11 Jan 2027,10
2026-06-23 15:56:30,Consular,NEW DELHI,02 Jul 2026,1
2026-06-23 15:56:48,Consular,HYDERABAD,21 Jul 2026,1
2026-06-23 15:57:44,Consular,NEW DELHI,02 Jul 2026,4
2026-06-23 15:57:54,Consular,NEW DELHI,02 Jul 2026,4
2026-06-23 15:58:09,Consular,NEW DELHI,02 Jul 2026,1
2026-06-23 15:58:24,Consular,NEW DELHI,02 Jul 2026,1
2026-06-23 15:58:31,Consular,NEW DELHI,02 Jul 2026,1
2026-06-23 15:58:46,Consular,NEW DELHI,02 Jul 2026,1
2026-06-23 15:58:54,Consular,NEW DELHI,02 Jul 2026,4
2026-06-23 15:59:10,Consular,NEW DELHI,02 Jul 2026,4
2026-06-23 16:00:40,OFC,CHENNAI VAC,20 Aug 2026,7
2026-06-23 16:00:40,Consular,NEW DELHI,18 Sep 2026,1
2026-06-23 16:00:51,OFC,CHENNAI VAC,20 Aug 2026,5
2026-06-23 16:00:51,Consular,NEW DELHI,18 Sep 2026,1
2026-06-23 16:01:01,OFC,CHENNAI VAC,20 Aug 2026,5
2026-06-23 16:01:01,Consular,NEW DELHI,18 Sep 2026,1
2026-06-23 16:02:25,Consular,NEW DELHI,01 Jul 2026,5
2026-06-23 16:02:36,Consular,HYDERABAD,21 Jul 2026,1
2026-06-23 16:03:18,Consular,HYDERABAD,21 Jul 2026,1
2026-06-23 16:03:27,Consular,HYDERABAD,21 Jul 2026,1
2026-06-23 16:03:46,Consular,NEW DELHI,01 Jul 2026,7
2026-06-23 16:04:00,Consular,NEW DELHI,01 Jul 2026,2
2026-06-23 16:04:10,Consular,NEW DELHI,01 Jul 2026,7
2026-06-23 16:04:16,Consular,NEW DELHI,01 Jul 2026,7
2026-06-23 16:04:26,Consular,NEW DELHI,01 Jul 2026,5
2026-06-23 16:06:21,Consular,NEW DELHI,02 Jul 2026,1
2026-06-23 16:07:26,Consular,NEW DELHI,01 Jul 2026,5
2026-06-23 16:07:39,Consular,NEW DELHI,01 Jul 2026,5
2026-06-23 16:07:48,Consular,NEW DELHI,01 Jul 2026,5
2026-06-23 16:08:39,Consular,NEW DELHI,02 Jul 2026,1
2026-06-23 16:08:49,Consular,NEW DELHI,02 Jul 2026,6
2026-06-23 16:08:58,Consular,NEW DELHI,02 Jul 2026,6
2026-06-23 16:09:13,Consular,NEW DELHI,02 Jul 2026,6
2026-06-23 16:09:20,Consular,NEW DELHI,02 Jul 2026,6
2026-06-23 16:10:00,Consular,NEW DELHI,02 Jul 2026,1
2026-06-23 16:10:09,Consular,NEW DELHI,02 Jul 2026,1
2026-06-23 16:11:54,Consular,NEW DELHI,02 Jul 2026,6
2026-06-23 16:12:08,Consular,NEW DELHI,02 Jul 2026,6
2026-06-23 16:12:15,Consular,NEW DELHI,02 Jul 2026,6
2026-06-23 16:16:14,Consular,NEW DELHI,02 Jul 2026,4
2026-06-23 16:16:24,Consular,NEW DELHI,02 Jul 2026,6
2026-06-23 16:20:57,Consular,NEW DELHI,02 Jul 2026,6
2026-06-23 16:21:19,Consular,NEW DELHI,02 Jul 2026,1
2026-06-23 16:21:29,Consular,NEW DELHI,02 Jul 2026,4
2026-06-23 16:21:38,Consular,HYDERABAD,22 Jul 2026,2
2026-06-23 16:21:38,Consular,NEW DELHI,02 Jul 2026,4
2026-06-23 16:21:49,Consular,HYDERABAD,22 Jul 2026,2
2026-06-23 16:21:49,Consular,NEW DELHI,02 Jul 2026,4
2026-06-23 16:22:04,Consular,HYDERABAD,22 Jul 2026,2
2026-06-23 16:22:57,Consular,NEW DELHI,02 Jul 2026,4
2026-06-23 16:23:05,Consular,NEW DELHI,02 Jul 2026,4
2026-06-23 16:23:11,Consular,NEW DELHI,02 Jul 2026,4
2026-06-23 16:23:22,Consular,NEW DELHI,02 Jul 2026,4
2026-06-23 16:23:28,Consular,NEW DELHI,02 Jul 2026,4
2026-06-23 16:24:32,Consular,NEW DELHI,02 Jul 2026,4
2026-06-23 16:26:44,OFC,CHENNAI VAC,04 Dec 2026,5
2026-06-23 16:26:55,OFC,HYDERABAD VAC,19 Nov 2026,13
2026-06-23 16:26:55,OFC,KOLKATA VAC,18 Nov 2026,7
2026-06-23 16:26:55,OFC,NEW DELHI VAC,08 Dec 2026,1
2026-06-23 16:27:02,OFC,CHENNAI VAC,04 Dec 2026,5
2026-06-23 16:27:02,OFC,HYDERABAD VAC,19 Nov 2026,13
2026-06-23 16:27:02,OFC,KOLKATA VAC,18 Nov 2026,7
2026-06-23 16:27:16,OFC,HYDERABAD VAC,19 Nov 2026,13
2026-06-23 16:27:16,OFC,KOLKATA VAC,18 Nov 2026,7
2026-06-23 16:27:23,OFC,CHENNAI VAC,04 Dec 2026,4
2026-06-23 16:27:23,OFC,KOLKATA VAC,18 Nov 2026,7
2026-06-23 16:27:29,OFC,CHENNAI VAC,04 Dec 2026,4
2026-06-23 16:27:29,OFC,KOLKATA VAC,18 Nov 2026,7
2026-06-23 16:27:40,OFC,CHENNAI VAC,04 Jan 2027,3
2026-06-23 16:27:40,OFC,HYDERABAD VAC,19 Nov 2026,13
2026-06-23 16:27:40,OFC,KOLKATA VAC,18 Nov 2026,7
2026-06-23 16:27:48,OFC,CHENNAI VAC,04 Jan 2027,3
2026-06-23 16:27:48,Consular,NEW DELHI,02 Jul 2026,4
2026-06-23 16:28:00,OFC,CHENNAI VAC,04 Jan 2027,3
2026-06-23 16:28:21,OFC,HYDERABAD VAC,21 Dec 2026,1
2026-06-23 16:29:07,OFC,CHENNAI VAC,04 Jan 2027,3
2026-06-23 16:29:20,Consular,HYDERABAD,22 Jul 2026,2
2026-06-23 16:29:20,Consular,NEW DELHI,02 Jul 2026,6
2026-06-23 16:29:29,OFC,CHENNAI VAC,04 Jan 2027,3
2026-06-23 16:29:29,Consular,NEW DELHI,02 Jul 2026,4
2026-06-23 16:29:44,OFC,CHENNAI VAC,05 Jan 2027,2
2026-06-23 16:29:59,Consular,NEW DELHI,02 Jul 2026,1
2026-06-23 16:30:14,OFC,CHENNAI VAC,05 Jan 2027,2
2026-06-23 16:30:14,Consular,NEW DELHI,02 Jul 2026,1
2026-06-23 16:30:22,Consular,NEW DELHI,02 Jul 2026,1
2026-06-23 16:30:36,OFC,CHENNAI VAC,05 Jan 2027,2
2026-06-23 16:30:51,OFC,CHENNAI VAC,06 Jan 2027,1
2026-06-23 16:33:20,Consular,HYDERABAD,10 Jul 2026,2
2026-06-23 16:33:20,Consular,NEW DELHI,02 Jul 2026,1
2026-06-23 16:33:29,Consular,HYDERABAD,10 Jul 2026,2
2026-06-23 16:33:29,Consular,NEW DELHI,02 Jul 2026,1
2026-06-23 16:33:35,Consular,HYDERABAD,10 Jul 2026,2
2026-06-23 16:33:35,Consular,NEW DELHI,02 Jul 2026,3
2026-06-23 16:33:44,Consular,NEW DELHI,02 Jul 2026,3
2026-06-23 16:57:46,Consular,NEW DELHI,02 Jul 2026,1
2026-06-23 16:57:57,Consular,NEW DELHI,02 Jul 2026,1
2026-06-23 16:58:08,Consular,NEW DELHI,02 Jul 2026,1
2026-06-23 16:58:18,Consular,HYDERABAD,14 Jul 2026,3
2026-06-23 16:58:18,Consular,NEW DELHI,02 Jul 2026,1
2026-06-23 16:58:30,Consular,HYDERABAD,14 Jul 2026,3
2026-06-23 16:58:30,Consular,NEW DELHI,02 Jul 2026,1
2026-06-23 16:58:42,Consular,HYDERABAD,14 Jul 2026,3
2026-06-23 16:58:42,Consular,NEW DELHI,02 Jul 2026,1
2026-06-23 16:58:55,Consular,HYDERABAD,14 Jul 2026,3
2026-06-23 16:58:55,Consular,NEW DELHI,02 Jul 2026,1
2026-06-23 16:59:03,Consular,HYDERABAD,14 Jul 2026,3
2026-06-23 16:59:03,Consular,NEW DELHI,02 Jul 2026,1
2026-06-23 16:59:12,Consular,HYDERABAD,14 Jul 2026,3
2026-06-23 16:59:12,Consular,NEW DELHI,02 Jul 2026,1
2026-06-23 16:59:22,Consular,HYDERABAD,14 Jul 2026,3
2026-06-23 16:59:22,Consular,NEW DELHI,02 Jul 2026,3
2026-06-23 16:59:30,Consular,HYDERABAD,14 Jul 2026,3
2026-06-23 16:59:30,Consular,NEW DELHI,02 Jul 2026,3
2026-06-23 16:59:43,Consular,HYDERABAD,14 Jul 2026,3
2026-06-23 16:59:43,Consular,NEW DELHI,02 Jul 2026,3
2026-06-23 16:59:53,Consular,HYDERABAD,14 Jul 2026,3
2026-06-23 16:59:53,Consular,NEW DELHI,02 Jul 2026,3
2026-06-23 17:00:02,Consular,NEW DELHI,02 Jul 2026,3
2026-06-23 17:00:11,OFC,HYDERABAD VAC,18 Sep 2026,16
2026-06-23 17:00:11,Consular,NEW DELHI,02 Jul 2026,3
2026-06-23 17:00:11,OFC,NEW DELHI VAC,31 Aug 2026,2
2026-06-23 17:00:20,OFC,NEW DELHI VAC,31 Aug 2026,2
2026-06-23 17:00:29,OFC,CHENNAI VAC,03 Sep 2026,4
2026-06-23 17:00:29,OFC,NEW DELHI VAC,31 Aug 2026,2
2026-06-23 17:00:41,OFC,CHENNAI VAC,03 Sep 2026,4
2026-06-23 17:00:53,Consular,CHENNAI,24 Sep 2026,1
2026-06-23 17:00:53,OFC,CHENNAI VAC,03 Sep 2026,3
2026-06-23 17:01:00,OFC,CHENNAI VAC,17 Sep 2026,1
2026-06-23 17:01:20,OFC,CHENNAI VAC,03 Sep 2026,4
2026-06-23 17:01:20,Consular,NEW DELHI,02 Jul 2026,1
2026-06-23 17:01:27,OFC,CHENNAI VAC,03 Sep 2026,3
2026-06-23 17:01:39,OFC,CHENNAI VAC,03 Sep 2026,4
2026-06-23 17:04:29,OFC,NEW DELHI VAC,31 Aug 2026,2
2026-06-23 17:04:48,Consular,NEW DELHI,02 Jul 2026,3
2026-06-23 17:04:58,Consular,NEW DELHI,02 Jul 2026,3
2026-06-23 17:05:06,Consular,NEW DELHI,02 Jul 2026,3
2026-06-23 17:05:14,Consular,NEW DELHI,02 Jul 2026,3
2026-06-23 17:05:24,Consular,NEW DELHI,02 Jul 2026,3
2026-06-23 17:05:38,Consular,NEW DELHI,02 Jul 2026,3
2026-06-23 17:05:45,Consular,NEW DELHI,02 Jul 2026,3
2026-06-23 17:05:51,Consular,NEW DELHI,02 Jul 2026,3
2026-06-23 17:05:59,Consular,NEW DELHI,02 Jul 2026,3
2026-06-23 17:06:11,Consular,NEW DELHI,02 Jul 2026,3
2026-06-23 17:06:23,Consular,MUMBAI,21 Jul 2026,1
2026-06-23 17:06:23,Consular,NEW DELHI,02 Jul 2026,3
2026-06-23 17:06:32,Consular,MUMBAI,21 Jul 2026,1
2026-06-23 17:06:32,Consular,NEW DELHI,02 Jul 2026,3
2026-06-23 17:06:47,Consular,MUMBAI,21 Jul 2026,1
2026-06-23 17:06:47,Consular,NEW DELHI,02 Jul 2026,1
2026-06-23 17:06:54,Consular,MUMBAI,21 Jul 2026,1
2026-06-23 17:06:54,Consular,NEW DELHI,02 Jul 2026,1
2026-06-23 17:07:09,Consular,MUMBAI,21 Jul 2026,1
2026-06-23 17:07:09,Consular,NEW DELHI,02 Jul 2026,1
2026-06-23 17:07:19,Consular,MUMBAI,21 Jul 2026,1
2026-06-23 17:07:19,Consular,NEW DELHI,02 Jul 2026,1
2026-06-23 17:07:26,Consular,MUMBAI,21 Jul 2026,1
2026-06-23 17:07:26,Consular,NEW DELHI,02 Jul 2026,1
2026-06-23 17:09:35,Consular,MUMBAI,21 Jul 2026,1
2026-06-23 17:09:35,Consular,NEW DELHI,02 Jul 2026,1
2026-06-23 17:09:48,Consular,MUMBAI,21 Jul 2026,1
2026-06-23 17:09:48,Consular,NEW DELHI,02 Jul 2026,1
2026-06-23 17:10:00,Consular,MUMBAI,21 Jul 2026,1
2026-06-23 17:10:00,Consular,NEW DELHI,02 Jul 2026,1
2026-06-23 17:10:15,Consular,MUMBAI,21 Jul 2026,1
2026-06-23 17:10:15,Consular,NEW DELHI,02 Jul 2026,1
2026-06-23 17:10:25,Consular,MUMBAI,21 Jul 2026,1
2026-06-23 17:10:25,Consular,NEW DELHI,02 Jul 2026,1
2026-06-23 17:10:31,Consular,MUMBAI,21 Jul 2026,1
2026-06-23 17:10:31,Consular,NEW DELHI,02 Jul 2026,1
2026-06-23 17:10:44,Consular,MUMBAI,21 Jul 2026,1
2026-06-23 17:10:44,Consular,NEW DELHI,02 Jul 2026,3
2026-06-23 17:10:52,Consular,MUMBAI,21 Jul 2026,1
2026-06-23 17:10:52,Consular,NEW DELHI,02 Jul 2026,3
2026-06-23 17:10:59,Consular,MUMBAI,21 Jul 2026,1
2026-06-23 17:10:59,Consular,NEW DELHI,02 Jul 2026,3
2026-06-23 17:11:09,Consular,MUMBAI,21 Jul 2026,1
2026-06-23 17:11:09,Consular,NEW DELHI,02 Jul 2026,3
2026-06-23 17:11:15,Consular,MUMBAI,21 Jul 2026,1
2026-06-23 17:11:15,Consular,NEW DELHI,02 Jul 2026,3
2026-06-23 17:11:23,Consular,MUMBAI,21 Jul 2026,1
2026-06-23 17:11:23,Consular,NEW DELHI,02 Jul 2026,3
2026-06-23 17:11:30,Consular,MUMBAI,21 Jul 2026,1
2026-06-23 17:11:30,Consular,NEW DELHI,02 Jul 2026,1
2026-06-23 17:11:38,Consular,MUMBAI,21 Jul 2026,1
2026-06-23 17:11:38,Consular,NEW DELHI,02 Jul 2026,1
2026-06-23 17:11:50,Consular,MUMBAI,21 Jul 2026,1
2026-06-23 17:11:50,Consular,NEW DELHI,02 Jul 2026,1
2026-06-23 17:12:45,Consular,MUMBAI,21 Jul 2026,1
2026-06-23 17:12:45,Consular,NEW DELHI,02 Jul 2026,3
2026-06-23 17:12:52,Consular,MUMBAI,21 Jul 2026,1
2026-06-23 17:12:52,Consular,NEW DELHI,02 Jul 2026,3
2026-06-23 17:12:59,Consular,MUMBAI,21 Jul 2026,1
2026-06-23 17:12:59,Consular,NEW DELHI,02 Jul 2026,3
2026-06-23 17:13:10,Consular,MUMBAI,21 Jul 2026,1
2026-06-23 17:13:10,Consular,NEW DELHI,02 Jul 2026,3
2026-06-23 17:13:25,Consular,NEW DELHI,02 Jul 2026,3
2026-06-23 17:13:35,Consular,NEW DELHI,02 Jul 2026,3
2026-06-23 17:15:52,Consular,HYDERABAD,14 Jul 2026,3
2026-06-23 17:15:52,Consular,MUMBAI,21 Jul 2026,1
2026-06-23 17:15:52,Consular,NEW DELHI,02 Jul 2026,3
2026-06-23 17:16:04,Consular,HYDERABAD,14 Jul 2026,3
2026-06-23 17:16:04,Consular,MUMBAI,21 Jul 2026,1
2026-06-23 17:16:04,Consular,NEW DELHI,02 Jul 2026,3
2026-06-23 17:16:11,Consular,HYDERABAD,14 Jul 2026,3
2026-06-23 17:16:11,Consular,MUMBAI,21 Jul 2026,1
2026-06-23 17:16:11,Consular,NEW DELHI,02 Jul 2026,3
2026-06-23 17:16:21,Consular,HYDERABAD,14 Jul 2026,3
2026-06-23 17:16:21,Consular,MUMBAI,21 Jul 2026,1
2026-06-23 17:16:21,Consular,NEW DELHI,02 Jul 2026,3
2026-06-23 17:16:32,Consular,HYDERABAD,14 Jul 2026,3
2026-06-23 17:16:32,Consular,NEW DELHI,02 Jul 2026,3
2026-06-23 17:16:47,Consular,NEW DELHI,02 Jul 2026,3
2026-06-23 17:17:01,Consular,NEW DELHI,02 Jul 2026,3
2026-06-23 17:17:16,Consular,NEW DELHI,02 Jul 2026,3
2026-06-23 17:17:23,Consular,NEW DELHI,02 Jul 2026,3
2026-06-23 17:17:34,Consular,NEW DELHI,02 Jul 2026,3
2026-06-23 17:17:41,Consular,NEW DELHI,02 Jul 2026,3
2026-06-23 17:17:49,Consular,NEW DELHI,02 Jul 2026,3
2026-06-23 17:18:03,Consular,NEW DELHI,02 Jul 2026,3
2026-06-23 17:18:42,Consular,HYDERABAD,14 Jul 2026,1
2026-06-23 17:18:57,Consular,HYDERABAD,14 Jul 2026,1
2026-06-23 17:19:12,Consular,HYDERABAD,14 Jul 2026,1
2026-06-23 17:19:25,Consular,HYDERABAD,14 Jul 2026,1
2026-06-23 17:19:33,Consular,HYDERABAD,14 Jul 2026,1
2026-06-23 17:19:44,Consular,HYDERABAD,14 Jul 2026,1
2026-06-23 17:21:55,Consular,HYDERABAD,14 Jul 2026,3
2026-06-23 17:21:55,Consular,NEW DELHI,02 Jul 2026,3
2026-06-23 17:22:05,Consular,HYDERABAD,14 Jul 2026,3
2026-06-23 17:22:05,Consular,NEW DELHI,02 Jul 2026,3
2026-06-23 17:22:15,Consular,HYDERABAD,14 Jul 2026,3
2026-06-23 17:22:15,Consular,NEW DELHI,02 Jul 2026,3
2026-06-23 17:22:22,Consular,HYDERABAD,14 Jul 2026,3
2026-06-23 17:22:22,Consular,NEW DELHI,02 Jul 2026,3
2026-06-23 17:22:30,Consular,HYDERABAD,14 Jul 2026,3
2026-06-23 17:22:30,Consular,NEW DELHI,02 Jul 2026,3
2026-06-23 17:22:40,Consular,HYDERABAD,14 Jul 2026,3
2026-06-23 17:22:40,Consular,NEW DELHI,02 Jul 2026,3
2026-06-23 17:22:46,Consular,HYDERABAD,14 Jul 2026,3
2026-06-23 17:22:46,Consular,NEW DELHI,02 Jul 2026,3
2026-06-23 17:22:56,Consular,HYDERABAD,14 Jul 2026,3
2026-06-23 17:22:56,Consular,NEW DELHI,02 Jul 2026,3
2026-06-23 17:23:10,Consular,HYDERABAD,14 Jul 2026,3
2026-06-23 17:23:10,Consular,NEW DELHI,02 Jul 2026,3
2026-06-23 17:23:18,Consular,HYDERABAD,14 Jul 2026,3
2026-06-23 17:23:18,Consular,NEW DELHI,02 Jul 2026,3
2026-06-23 17:23:33,Consular,HYDERABAD,14 Jul 2026,3
2026-06-23 17:23:33,Consular,NEW DELHI,02 Jul 2026,3
2026-06-23 17:23:46,Consular,HYDERABAD,14 Jul 2026,3
2026-06-23 17:23:46,Consular,NEW DELHI,02 Jul 2026,3
2026-06-23 17:23:58,Consular,HYDERABAD,14 Jul 2026,3
2026-06-23 17:23:58,Consular,NEW DELHI,02 Jul 2026,3
2026-06-23 17:24:12,Consular,HYDERABAD,14 Jul 2026,3
2026-06-23 17:24:12,Consular,NEW DELHI,02 Jul 2026,3
2026-06-23 17:24:19,Consular,HYDERABAD,14 Jul 2026,3
2026-06-23 17:24:19,Consular,NEW DELHI,02 Jul 2026,3
2026-06-23 17:24:32,Consular,HYDERABAD,14 Jul 2026,3
2026-06-23 17:24:32,Consular,NEW DELHI,02 Jul 2026,3
2026-06-23 17:24:42,Consular,HYDERABAD,14 Jul 2026,3
2026-06-23 17:24:42,Consular,NEW DELHI,02 Jul 2026,3
2026-06-23 17:24:52,Consular,HYDERABAD,14 Jul 2026,3
2026-06-23 17:24:52,Consular,NEW DELHI,02 Jul 2026,1
2026-06-23 17:25:03,Consular,HYDERABAD,14 Jul 2026,3
2026-06-23 17:25:03,Consular,NEW DELHI,02 Jul 2026,1
2026-06-23 17:25:15,Consular,HYDERABAD,14 Jul 2026,3
2026-06-23 17:25:15,Consular,NEW DELHI,02 Jul 2026,1
2026-06-23 17:25:21,Consular,HYDERABAD,14 Jul 2026,3
2026-06-23 17:25:21,Consular,NEW DELHI,02 Jul 2026,1
2026-06-23 17:25:32,Consular,HYDERABAD,14 Jul 2026,3
2026-06-23 17:25:41,Consular,HYDERABAD,14 Jul 2026,3
2026-06-23 17:27:52,OFC,CHENNAI VAC,04 Jan 2027,3
2026-06-23 17:27:52,Consular,NEW DELHI,02 Jul 2026,1
2026-06-23 17:28:07,OFC,CHENNAI VAC,05 Jan 2027,2
2026-06-23 17:28:07,Consular,NEW DELHI,02 Jul 2026,1
2026-06-23 17:28:16,OFC,CHENNAI VAC,05 Jan 2027,2
2026-06-23 17:28:16,Consular,NEW DELHI,02 Jul 2026,1
2026-06-23 17:28:30,OFC,CHENNAI VAC,05 Jan 2027,2
2026-06-23 17:28:30,Consular,NEW DELHI,02 Jul 2026,1
2026-06-23 17:28:36,OFC,CHENNAI VAC,05 Jan 2027,2
2026-06-23 17:28:36,Consular,NEW DELHI,02 Jul 2026,1
2026-06-23 17:28:50,Consular,NEW DELHI,02 Jul 2026,1
2026-06-23 17:28:57,OFC,CHENNAI VAC,06 Jan 2027,1
2026-06-23 17:28:57,Consular,NEW DELHI,02 Jul 2026,1
2026-06-23 17:29:03,OFC,CHENNAI VAC,06 Jan 2027,1
2026-06-23 17:29:03,Consular,NEW DELHI,02 Jul 2026,1
2026-06-23 17:29:15,OFC,CHENNAI VAC,06 Jan 2027,1
2026-06-23 17:29:15,Consular,NEW DELHI,02 Jul 2026,1
2026-06-23 17:29:27,OFC,CHENNAI VAC,06 Jan 2027,1
2026-06-23 17:29:27,Consular,NEW DELHI,02 Jul 2026,1
2026-06-23 17:29:33,OFC,CHENNAI VAC,06 Jan 2027,1
2026-06-23 17:29:33,Consular,HYDERABAD,14 Jul 2026,3
2026-06-23 17:29:33,Consular,NEW DELHI,02 Jul 2026,1
2026-06-23 17:29:44,OFC,CHENNAI VAC,06 Jan 2027,1
2026-06-23 17:29:44,Consular,HYDERABAD,14 Jul 2026,3
2026-06-23 17:29:44,Consular,NEW DELHI,02 Jul 2026,1
2026-06-23 17:29:53,OFC,CHENNAI VAC,06 Jan 2027,1
2026-06-23 17:29:53,Consular,HYDERABAD,14 Jul 2026,3
2026-06-23 17:29:53,Consular,NEW DELHI,02 Jul 2026,1
2026-06-23 17:30:03,OFC,CHENNAI VAC,06 Jan 2027,1
2026-06-23 17:30:03,Consular,HYDERABAD,14 Jul 2026,3
2026-06-23 17:30:03,Consular,NEW DELHI,02 Jul 2026,1
2026-06-23 17:30:11,OFC,CHENNAI VAC,06 Jan 2027,1
2026-06-23 17:30:11,Consular,HYDERABAD,14 Jul 2026,3
2026-06-23 17:30:11,OFC,HYDERABAD VAC,08 Dec 2026,1
2026-06-23 17:30:19,OFC,CHENNAI VAC,13 Aug 2026,3
2026-06-23 17:30:19,OFC,NEW DELHI VAC,07 Dec 2026,1
2026-06-23 17:30:31,OFC,CHENNAI VAC,06 Jan 2027,1
2026-06-23 17:30:31,OFC,NEW DELHI VAC,07 Dec 2026,1
2026-06-23 17:30:37,OFC,CHENNAI VAC,13 Aug 2026,2
2026-06-23 17:30:37,OFC,NEW DELHI VAC,07 Dec 2026,1
2026-06-23 17:32:09,OFC,CHENNAI VAC,13 Aug 2026,2
2026-06-23 17:32:09,Consular,NEW DELHI,02 Jul 2026,3
2026-06-23 17:34:05,Consular,HYDERABAD,14 Jul 2026,4
2026-06-23 17:34:05,Consular,NEW DELHI,02 Jul 2026,1
2026-06-23 17:34:13,Consular,HYDERABAD,14 Jul 2026,4
2026-06-23 17:34:13,Consular,NEW DELHI,02 Jul 2026,1
2026-06-23 17:34:24,Consular,HYDERABAD,14 Jul 2026,4
2026-06-23 17:34:24,Consular,NEW DELHI,02 Jul 2026,1
2026-06-23 17:34:38,Consular,HYDERABAD,14 Jul 2026,4
2026-06-23 17:34:38,Consular,NEW DELHI,02 Jul 2026,1
2026-06-23 17:34:52,Consular,HYDERABAD,14 Jul 2026,4
2026-06-23 17:34:52,Consular,NEW DELHI,02 Jul 2026,1
2026-06-23 17:35:08,Consular,HYDERABAD,14 Jul 2026,4
2026-06-23 17:35:08,Consular,NEW DELHI,02 Jul 2026,1
2026-06-23 17:35:23,Consular,HYDERABAD,14 Jul 2026,4
2026-06-23 17:35:23,Consular,NEW DELHI,02 Jul 2026,3
2026-06-23 17:35:38,Consular,HYDERABAD,14 Jul 2026,4
2026-06-23 17:35:38,Consular,NEW DELHI,02 Jul 2026,3
2026-06-23 17:36:32,Consular,NEW DELHI,02 Jul 2026,3
2026-06-23 17:36:44,Consular,NEW DELHI,02 Jul 2026,3
2026-06-23 17:36:51,Consular,NEW DELHI,02 Jul 2026,3
2026-06-23 17:37:04,Consular,NEW DELHI,02 Jul 2026,3
2026-06-23 17:37:13,Consular,NEW DELHI,02 Jul 2026,3
2026-06-23 17:53:37,Consular,NEW DELHI,02 Jul 2026,1
2026-06-23 17:53:51,Consular,NEW DELHI,02 Jul 2026,1
2026-06-23 17:54:00,Consular,NEW DELHI,02 Jul 2026,1
2026-06-23 17:55:47,OFC,MUMBAI VAC,30 Oct 2026,1
2026-06-23 17:55:47,OFC,NEW DELHI VAC,21 Oct 2026,2
2026-06-23 17:55:53,OFC,HYDERABAD VAC,21 Oct 2026,13
2026-06-23 17:55:53,OFC,MUMBAI VAC,30 Oct 2026,1
2026-06-23 17:55:53,OFC,NEW DELHI VAC,21 Oct 2026,2
2026-06-23 17:56:07,OFC,CHENNAI VAC,17 Sep 2026,8
2026-06-23 17:56:07,OFC,HYDERABAD VAC,26 Oct 2026,12
2026-06-23 17:56:07,OFC,KOLKATA VAC,27 Oct 2026,7
2026-06-23 17:56:07,OFC,NEW DELHI VAC,10 Sep 2026,3
2026-06-23 17:56:20,OFC,KOLKATA VAC,02 Nov 2026,6
2026-06-23 17:56:20,Consular,NEW DELHI,19 Nov 2026,1
2026-06-23 17:56:20,OFC,NEW DELHI VAC,12 Jan 2027,2
2026-06-23 17:56:35,OFC,CHENNAI VAC,17 Sep 2026,8
2026-06-23 17:56:35,OFC,HYDERABAD VAC,30 Oct 2026,10
2026-06-23 17:56:35,OFC,KOLKATA VAC,02 Nov 2026,6
2026-06-23 17:56:42,OFC,CHENNAI VAC,04 Nov 2026,1
2026-06-23 17:56:42,OFC,HYDERABAD VAC,30 Oct 2026,10
2026-06-23 17:56:42,OFC,KOLKATA VAC,02 Nov 2026,6
2026-06-23 17:56:57,OFC,HYDERABAD VAC,04 Nov 2026,9
2026-06-23 17:56:57,OFC,KOLKATA VAC,02 Nov 2026,6
2026-06-23 17:57:12,OFC,HYDERABAD VAC,04 Nov 2026,9
2026-06-23 17:57:12,OFC,KOLKATA VAC,02 Nov 2026,6
2026-06-23 17:57:21,OFC,HYDERABAD VAC,04 Nov 2026,9
2026-06-23 17:57:21,OFC,KOLKATA VAC,02 Nov 2026,6
2026-06-23 17:57:29,OFC,KOLKATA VAC,02 Nov 2026,6
2026-06-23 18:00:25,OFC,HYDERABAD VAC,04 Aug 2026,1
2026-06-23 18:00:52,OFC,HYDERABAD VAC,04 Aug 2026,1
2026-06-23 18:03:06,Consular,NEW DELHI,02 Jul 2026,1
2026-06-23 18:03:21,Consular,NEW DELHI,02 Jul 2026,1
2026-06-23 18:03:30,Consular,NEW DELHI,02 Jul 2026,1
2026-06-23 18:03:38,Consular,NEW DELHI,02 Jul 2026,1
2026-06-23 18:05:56,Consular,NEW DELHI,10 Aug 2026,4
2026-06-23 18:06:06,Consular,NEW DELHI,10 Aug 2026,4
2026-06-23 18:06:19,Consular,NEW DELHI,10 Aug 2026,4
2026-06-23 18:06:35,Consular,NEW DELHI,10 Aug 2026,4
2026-06-23 18:06:41,Consular,NEW DELHI,10 Aug 2026,4
2026-06-23 18:06:49,Consular,NEW DELHI,10 Aug 2026,4
2026-06-23 18:07:05,Consular,NEW DELHI,10 Aug 2026,4
2026-06-23 18:07:16,Consular,NEW DELHI,10 Aug 2026,4
2026-06-23 18:07:26,Consular,NEW DELHI,10 Aug 2026,4
2026-06-23 18:07:40,Consular,NEW DELHI,10 Aug 2026,4
2026-06-23 18:07:51,Consular,NEW DELHI,10 Aug 2026,4
2026-06-23 18:08:06,Consular,NEW DELHI,10 Aug 2026,4
2026-06-23 18:08:16,Consular,NEW DELHI,10 Aug 2026,4
2026-06-23 18:08:25,Consular,NEW DELHI,10 Aug 2026,4
2026-06-23 18:21:28,Consular,HYDERABAD,14 Jul 2026,4
2026-06-23 18:23:24,Consular,HYDERABAD,14 Jul 2026,4
2026-06-23 18:23:36,Consular,NEW DELHI,02 Jul 2026,1
2026-06-23 18:23:46,Consular,NEW DELHI,02 Jul 2026,1
2026-06-23 18:23:54,Consular,NEW DELHI,02 Jul 2026,1
2026-06-23 18:24:02,Consular,NEW DELHI,02 Jul 2026,1
2026-06-23 18:24:18,Consular,NEW DELHI,02 Jul 2026,1
2026-06-23 18:24:29,Consular,NEW DELHI,02 Jul 2026,1
2026-06-23 18:24:42,Consular,NEW DELHI,02 Jul 2026,1
2026-06-23 18:24:51,Consular,HYDERABAD,14 Jul 2026,4
2026-06-23 18:24:51,Consular,NEW DELHI,02 Jul 2026,1
2026-06-23 18:25:07,Consular,NEW DELHI,02 Jul 2026,1
2026-06-23 18:25:20,Consular,NEW DELHI,02 Jul 2026,1
2026-06-23 18:25:28,Consular,NEW DELHI,02 Jul 2026,1
2026-06-23 18:25:37,Consular,NEW DELHI,02 Jul 2026,1
2026-06-23 18:25:44,Consular,NEW DELHI,02 Jul 2026,1
2026-06-23 18:25:54,Consular,NEW DELHI,02 Jul 2026,1
2026-06-23 18:30:21,OFC,HYDERABAD VAC,05 Nov 2026,6
2026-06-23 18:30:21,OFC,KOLKATA VAC,02 Nov 2026,4
2026-06-23 18:30:31,OFC,HYDERABAD VAC,05 Nov 2026,6
2026-06-23 18:30:31,OFC,KOLKATA VAC,02 Nov 2026,4
2026-06-23 18:30:46,OFC,HYDERABAD VAC,05 Nov 2026,6
2026-06-23 18:30:46,OFC,KOLKATA VAC,02 Nov 2026,4
2026-06-23 18:31:01,OFC,HYDERABAD VAC,05 Nov 2026,6
2026-06-23 18:31:01,OFC,KOLKATA VAC,10 Nov 2026,3
2026-06-23 18:31:31,OFC,HYDERABAD VAC,05 Nov 2026,6
2026-06-23 18:31:31,Consular,NEW DELHI,02 Jul 2026,4
2026-06-23 18:31:45,Consular,NEW DELHI,02 Jul 2026,4
2026-06-23 18:31:55,Consular,NEW DELHI,02 Jul 2026,4
2026-06-23 18:32:01,Consular,NEW DELHI,02 Jul 2026,4
2026-06-23 18:32:14,Consular,NEW DELHI,02 Jul 2026,4
2026-06-23 18:32:29,Consular,NEW DELHI,02 Jul 2026,4
2026-06-23 18:35:09,Consular,NEW DELHI,02 Jul 2026,4
2026-06-23 18:35:18,Consular,NEW DELHI,02 Jul 2026,4
2026-06-23 18:36:50,Consular,NEW DELHI,02 Jul 2026,4
2026-06-23 18:37:01,Consular,NEW DELHI,02 Jul 2026,4
2026-06-23 18:37:12,Consular,NEW DELHI,02 Jul 2026,4
2026-06-23 18:37:18,Consular,NEW DELHI,02 Jul 2026,4
2026-06-23 18:37:28,Consular,NEW DELHI,02 Jul 2026,4
2026-06-23 18:37:34,Consular,NEW DELHI,02 Jul 2026,4
2026-06-23 18:37:41,Consular,NEW DELHI,02 Jul 2026,4
2026-06-23 18:37:54,Consular,NEW DELHI,02 Jul 2026,4
2026-06-23 18:38:08,Consular,NEW DELHI,02 Jul 2026,4
2026-06-23 18:38:15,Consular,NEW DELHI,02 Jul 2026,4
2026-06-23 18:38:30,Consular,NEW DELHI,02 Jul 2026,4
2026-06-23 18:38:40,Consular,NEW DELHI,02 Jul 2026,4
2026-06-23 18:38:51,Consular,NEW DELHI,02 Jul 2026,4
2026-06-23 18:39:06,Consular,NEW DELHI,02 Jul 2026,4
2026-06-23 18:39:18,Consular,NEW DELHI,02 Jul 2026,4
2026-06-23 18:39:29,Consular,NEW DELHI,02 Jul 2026,4
2026-06-23 18:39:42,Consular,NEW DELHI,02 Jul 2026,4
2026-06-23 18:39:52,Consular,NEW DELHI,02 Jul 2026,4
2026-06-23 18:40:40,Consular,NEW DELHI,02 Jul 2026,4
2026-06-23 18:40:54,Consular,NEW DELHI,02 Jul 2026,4
2026-06-23 18:41:01,Consular,NEW DELHI,02 Jul 2026,4
2026-06-23 18:41:15,Consular,NEW DELHI,02 Jul 2026,4
2026-06-23 18:41:23,Consular,NEW DELHI,02 Jul 2026,3
2026-06-23 18:41:31,Consular,NEW DELHI,02 Jul 2026,3
2026-06-23 18:43:14,Consular,NEW DELHI,02 Jul 2026,3
2026-06-23 18:43:28,Consular,NEW DELHI,02 Jul 2026,3
2026-06-23 18:43:37,Consular,NEW DELHI,02 Jul 2026,3
2026-06-23 18:44:00,Consular,HYDERABAD,14 Jul 2026,4
2026-06-23 18:44:11,Consular,HYDERABAD,14 Jul 2026,4
2026-06-23 18:44:11,Consular,NEW DELHI,02 Jul 2026,3
2026-06-23 18:44:25,Consular,HYDERABAD,14 Jul 2026,4
2026-06-23 18:44:25,Consular,NEW DELHI,02 Jul 2026,3
2026-06-23 18:44:38,Consular,HYDERABAD,14 Jul 2026,4
2026-06-23 18:44:38,Consular,NEW DELHI,02 Jul 2026,3
2026-06-23 18:44:52,Consular,HYDERABAD,14 Jul 2026,4
2026-06-23 18:44:52,Consular,NEW DELHI,02 Jul 2026,3
2026-06-23 18:45:05,Consular,HYDERABAD,14 Jul 2026,4
2026-06-23 18:45:05,Consular,NEW DELHI,02 Jul 2026,3
2026-06-23 18:45:15,Consular,NEW DELHI,02 Jul 2026,3
2026-06-23 18:47:42,Consular,NEW DELHI,02 Jul 2026,3
2026-06-23 18:47:56,Consular,NEW DELHI,02 Jul 2026,3
2026-06-23 18:48:08,Consular,NEW DELHI,02 Jul 2026,3
2026-06-23 18:48:20,Consular,NEW DELHI,02 Jul 2026,3
2026-06-23 18:48:28,Consular,NEW DELHI,02 Jul 2026,3
2026-06-23 18:49:23,Consular,NEW DELHI,02 Jul 2026,3
2026-06-23 18:49:38,Consular,NEW DELHI,02 Jul 2026,3
2026-06-23 18:49:50,Consular,NEW DELHI,02 Jul 2026,3
2026-06-23 18:50:03,Consular,NEW DELHI,02 Jul 2026,3
2026-06-23 18:50:16,Consular,NEW DELHI,02 Jul 2026,3
2026-06-23 18:50:26,Consular,NEW DELHI,02 Jul 2026,3
2026-06-23 18:50:36,Consular,NEW DELHI,02 Jul 2026,1
2026-06-23 18:50:49,Consular,NEW DELHI,02 Jul 2026,1
2026-06-23 18:50:58,Consular,NEW DELHI,02 Jul 2026,1
2026-06-23 18:51:04,Consular,NEW DELHI,02 Jul 2026,1
2026-06-23 18:51:11,Consular,NEW DELHI,02 Jul 2026,1
2026-06-23 18:56:08,OFC,CHENNAI VAC,09 Sep 2026,3
2026-06-23 18:56:16,OFC,CHENNAI VAC,17 Sep 2026,2
2026-06-23 18:56:16,OFC,NEW DELHI VAC,10 Sep 2026,1
2026-06-23 18:59:34,Consular,NEW DELHI,02 Jul 2026,1
2026-06-23 18:59:44,Consular,NEW DELHI,02 Jul 2026,1
2026-06-23 19:00:36,OFC,CHENNAI VAC,20 Aug 2026,7
2026-06-23 19:00:36,OFC,HYDERABAD VAC,20 Aug 2026,7
2026-06-23 19:00:36,Consular,NEW DELHI,02 Jul 2026,1
2026-06-23 19:00:36,OFC,NEW DELHI VAC,21 Oct 2026,1
2026-06-23 19:00:47,OFC,CHENNAI VAC,18 Aug 2026,8
2026-06-23 19:00:47,OFC,HYDERABAD VAC,15 Oct 2026,6
2026-06-23 19:00:47,Consular,NEW DELHI,02 Jul 2026,1
2026-06-23 19:01:43,OFC,HYDERABAD VAC,04 Nov 2026,1
2026-06-23 19:02:15,OFC,KOLKATA VAC,25 Jun 2026,21
2026-06-23 19:02:21,OFC,KOLKATA VAC,25 Jun 2026,21
2026-06-23 19:02:21,OFC,MUMBAI VAC,25 Jun 2026,25
2026-06-23 19:05:42,OFC,HYDERABAD VAC,26 Jun 2026,24
2026-06-23 19:21:54,Consular,NEW DELHI,02 Jul 2026,1
2026-06-23 19:22:03,Consular,NEW DELHI,02 Jul 2026,1
2026-06-23 19:22:09,Consular,NEW DELHI,02 Jul 2026,1
2026-06-23 19:22:21,Consular,NEW DELHI,02 Jul 2026,1
2026-06-23 19:22:32,Consular,NEW DELHI,02 Jul 2026,1
2026-06-23 19:22:47,Consular,NEW DELHI,02 Jul 2026,1
2026-06-23 19:22:54,Consular,NEW DELHI,02 Jul 2026,1
2026-06-23 19:23:01,Consular,NEW DELHI,02 Jul 2026,1
2026-06-23 19:23:07,Consular,NEW DELHI,02 Jul 2026,1
2026-06-23 19:23:14,Consular,NEW DELHI,02 Jul 2026,1
2026-06-23 19:23:28,Consular,NEW DELHI,02 Jul 2026,1
2026-06-23 19:23:37,Consular,NEW DELHI,02 Jul 2026,1
2026-06-23 19:23:51,Consular,NEW DELHI,02 Jul 2026,1
2026-06-23 19:24:01,Consular,NEW DELHI,02 Jul 2026,1
2026-06-23 19:24:12,Consular,NEW DELHI,02 Jul 2026,1
2026-06-23 19:24:25,Consular,NEW DELHI,02 Jul 2026,1
2026-06-23 19:24:32,Consular,NEW DELHI,02 Jul 2026,1
2026-06-23 19:26:05,Consular,NEW DELHI,02 Jul 2026,1
2026-06-23 19:26:42,Consular,NEW DELHI,02 Jul 2026,1
2026-06-23 19:26:56,Consular,NEW DELHI,02 Jul 2026,1
2026-06-23 19:27:52,Consular,NEW DELHI,02 Jul 2026,1
2026-06-23 19:28:01,Consular,NEW DELHI,02 Jul 2026,1
2026-06-23 19:28:10,Consular,NEW DELHI,02 Jul 2026,1
2026-06-23 19:30:28,OFC,CHENNAI VAC,20 Aug 2026,3
2026-06-23 19:31:00,Consular,NEW DELHI,02 Jul 2026,1
2026-06-23 19:33:32,Consular,NEW DELHI,02 Jul 2026,1
2026-06-23 19:33:45,Consular,NEW DELHI,02 Jul 2026,1
2026-06-23 19:34:00,Consular,NEW DELHI,02 Jul 2026,1
2026-06-23 19:34:09,Consular,NEW DELHI,02 Jul 2026,1
2026-06-23 19:34:16,Consular,NEW DELHI,02 Jul 2026,1
2026-06-23 19:34:28,Consular,NEW DELHI,02 Jul 2026,1
2026-06-23 19:34:42,Consular,NEW DELHI,02 Jul 2026,1
2026-06-23 19:34:55,Consular,NEW DELHI,02 Jul 2026,1
2026-06-23 19:35:10,Consular,NEW DELHI,02 Jul 2026,1
2026-06-23 19:35:17,Consular,NEW DELHI,02 Jul 2026,1
2026-06-23 19:35:29,Consular,NEW DELHI,02 Jul 2026,1
2026-06-23 19:35:43,Consular,NEW DELHI,02 Jul 2026,1
2026-06-23 19:46:49,Consular,HYDERABAD,15 Jul 2026,3
2026-06-23 19:47:04,Consular,HYDERABAD,15 Jul 2026,3
2026-06-23 19:47:15,Consular,HYDERABAD,15 Jul 2026,3
2026-06-23 19:47:23,Consular,HYDERABAD,15 Jul 2026,3
2026-06-23 19:47:36,Consular,HYDERABAD,15 Jul 2026,3
2026-06-23 19:47:48,Consular,HYDERABAD,15 Jul 2026,3
2026-06-23 19:48:00,Consular,HYDERABAD,15 Jul 2026,3
2026-06-23 19:48:11,Consular,HYDERABAD,15 Jul 2026,3
2026-06-23 19:48:21,Consular,HYDERABAD,15 Jul 2026,3
2026-06-23 19:48:36,Consular,HYDERABAD,15 Jul 2026,3
2026-06-23 19:48:46,Consular,HYDERABAD,15 Jul 2026,3
2026-06-23 19:49:01,Consular,HYDERABAD,15 Jul 2026,3
2026-06-23 19:49:14,Consular,HYDERABAD,15 Jul 2026,3
2026-06-23 19:49:30,Consular,HYDERABAD,15 Jul 2026,3
2026-06-23 19:49:41,Consular,HYDERABAD,15 Jul 2026,3
2026-06-23 19:49:55,Consular,HYDERABAD,15 Jul 2026,3
2026-06-23 19:50:10,Consular,HYDERABAD,15 Jul 2026,3
2026-06-23 19:50:24,Consular,HYDERABAD,15 Jul 2026,3
2026-06-23 19:50:33,Consular,HYDERABAD,15 Jul 2026,3
2026-06-23 19:50:40,Consular,HYDERABAD,15 Jul 2026,3
2026-06-23 19:50:54,Consular,HYDERABAD,15 Jul 2026,3
2026-06-23 19:51:49,Consular,HYDERABAD,15 Jul 2026,3
2026-06-23 19:52:03,Consular,HYDERABAD,15 Jul 2026,3
2026-06-23 19:52:13,Consular,HYDERABAD,15 Jul 2026,3
2026-06-23 19:52:28,Consular,HYDERABAD,15 Jul 2026,3
2026-06-23 19:52:41,Consular,HYDERABAD,15 Jul 2026,3
2026-06-23 19:52:52,Consular,HYDERABAD,15 Jul 2026,3
2026-06-23 19:53:42,Consular,HYDERABAD,15 Jul 2026,3
2026-06-23 19:53:52,Consular,HYDERABAD,15 Jul 2026,3
2026-06-23 19:54:08,Consular,HYDERABAD,15 Jul 2026,3
2026-06-23 19:54:16,Consular,HYDERABAD,15 Jul 2026,3
2026-06-23 19:54:26,Consular,HYDERABAD,15 Jul 2026,3
2026-06-23 19:54:36,Consular,HYDERABAD,15 Jul 2026,3
2026-06-23 19:54:47,Consular,HYDERABAD,15 Jul 2026,3
2026-06-23 19:55:41,Consular,HYDERABAD,15 Jul 2026,3
2026-06-23 19:55:53,OFC,CHENNAI VAC,04 Jan 2027,2
2026-06-23 19:55:59,OFC,CHENNAI VAC,09 Sep 2026,8
2026-06-23 19:55:59,OFC,NEW DELHI VAC,08 Dec 2026,4
2026-06-23 19:56:15,OFC,CHENNAI VAC,18 Sep 2026,6
2026-06-23 19:56:15,Consular,HYDERABAD,15 Jul 2026,3
2026-06-23 19:56:15,OFC,HYDERABAD VAC,26 Oct 2026,7
2026-06-23 19:56:15,OFC,KOLKATA VAC,14 Oct 2026,2
2026-06-23 19:57:48,OFC,CHENNAI VAC,04 Jan 2027,2
2026-06-23 19:57:57,OFC,CHENNAI VAC,04 Jan 2027,2
2026-06-23 20:00:37,OFC,CHENNAI VAC,13 Aug 2026,6
2026-06-23 20:00:37,Consular,HYDERABAD,15 Jul 2026,3
2026-06-23 20:04:02,Consular,NEW DELHI,02 Jul 2026,6
2026-06-23 20:04:13,Consular,NEW DELHI,02 Jul 2026,6
2026-06-23 20:04:22,Consular,NEW DELHI,02 Jul 2026,6
2026-06-23 20:04:31,Consular,NEW DELHI,02 Jul 2026,6
2026-06-23 20:04:45,Consular,NEW DELHI,02 Jul 2026,6
2026-06-23 20:04:56,Consular,NEW DELHI,02 Jul 2026,6
2026-06-23 20:05:09,Consular,NEW DELHI,02 Jul 2026,6
2026-06-23 20:05:18,Consular,NEW DELHI,02 Jul 2026,6
2026-06-23 20:05:27,Consular,NEW DELHI,02 Jul 2026,6
2026-06-23 20:05:33,Consular,NEW DELHI,02 Jul 2026,6
2026-06-23 20:05:41,Consular,NEW DELHI,02 Jul 2026,6
2026-06-23 20:05:49,Consular,NEW DELHI,02 Jul 2026,6
2026-06-23 20:06:02,Consular,NEW DELHI,02 Jul 2026,6
2026-06-23 20:06:12,Consular,NEW DELHI,02 Jul 2026,6
2026-06-23 20:06:24,Consular,NEW DELHI,02 Jul 2026,6
2026-06-23 20:06:33,Consular,NEW DELHI,02 Jul 2026,6
2026-06-23 20:06:43,Consular,NEW DELHI,02 Jul 2026,6
2026-06-23 20:10:49,Consular,KOLKATA,06 Oct 2026,1
2026-06-23 20:30:19,Consular,NEW DELHI,09 Sep 2026,1
2026-06-23 20:30:30,OFC,CHENNAI VAC,13 Aug 2026,4
2026-06-23 20:30:30,Consular,NEW DELHI,09 Sep 2026,1
2026-06-23 20:30:44,OFC,CHENNAI VAC,03 Sep 2026,1
2026-06-23 20:43:09,OFC,HYDERABAD VAC,26 Jun 2026,24
2026-06-23 20:43:18,OFC,HYDERABAD VAC,26 Jun 2026,24
2026-06-23 20:56:00,OFC,CHENNAI VAC,09 Sep 2026,3
2026-06-23 20:56:12,OFC,NEW DELHI VAC,10 Sep 2026,1
2026-06-23 20:56:25,OFC,CHENNAI VAC,18 Sep 2026,1
2026-06-23 20:57:21,Consular,KOLKATA,06 Oct 2026,1
2026-06-23 20:57:28,Consular,KOLKATA,06 Oct 2026,1
2026-06-23 20:57:38,Consular,KOLKATA,06 Oct 2026,1
2026-06-23 21:00:14,OFC,CHENNAI VAC,13 Aug 2026,5
2026-06-23 21:00:28,OFC,CHENNAI VAC,13 Aug 2026,5
2026-06-23 21:00:51,OFC,CHENNAI VAC,13 Aug 2026,5
2026-06-23 21:00:58,Consular,KOLKATA,06 Oct 2026,1
2026-06-23 21:04:10,Consular,KOLKATA,06 Oct 2026,1
2026-06-23 21:04:19,Consular,KOLKATA,06 Oct 2026,1
2026-06-23 21:08:04,Consular,KOLKATA,06 Oct 2026,1
2026-06-23 21:08:12,Consular,KOLKATA,06 Oct 2026,1
2026-06-23 21:08:21,Consular,KOLKATA,06 Oct 2026,1
2026-06-23 21:08:32,Consular,KOLKATA,06 Oct 2026,1
2026-06-23 21:08:38,Consular,KOLKATA,06 Oct 2026,1
2026-06-23 21:09:32,Consular,KOLKATA,06 Oct 2026,1
2026-06-23 21:09:47,Consular,KOLKATA,06 Oct 2026,1
2026-06-23 21:10:01,Consular,KOLKATA,06 Oct 2026,1
2026-06-23 21:10:15,Consular,KOLKATA,06 Oct 2026,1
2026-06-23 21:18:44,Consular,KOLKATA,06 Oct 2026,1
2026-06-23 21:18:56,Consular,KOLKATA,06 Oct 2026,1
2026-06-23 21:19:10,Consular,KOLKATA,06 Oct 2026,1
2026-06-23 21:19:25,Consular,KOLKATA,06 Oct 2026,1
2026-06-23 21:19:32,Consular,KOLKATA,06 Oct 2026,1
2026-06-23 21:19:46,Consular,KOLKATA,06 Oct 2026,1
2026-06-23 21:20:00,Consular,KOLKATA,06 Oct 2026,1
2026-06-23 21:20:14,Consular,KOLKATA,06 Oct 2026,1
2026-06-23 21:20:21,Consular,KOLKATA,06 Oct 2026,1
2026-06-23 21:20:29,Consular,KOLKATA,06 Oct 2026,1
2026-06-23 21:20:45,Consular,KOLKATA,06 Oct 2026,1
2026-06-23 21:20:57,Consular,KOLKATA,06 Oct 2026,1
2026-06-23 21:21:05,Consular,KOLKATA,06 Oct 2026,1
2026-06-23 21:21:17,Consular,KOLKATA,06 Oct 2026,1
2026-06-23 21:21:26,Consular,KOLKATA,06 Oct 2026,1
2026-06-23 21:21:38,Consular,KOLKATA,06 Oct 2026,1
2026-06-23 21:21:48,Consular,KOLKATA,06 Oct 2026,1
2026-06-23 21:23:26,Consular,KOLKATA,06 Oct 2026,1
2026-06-23 21:23:40,Consular,KOLKATA,06 Oct 2026,1
2026-06-23 21:23:49,Consular,KOLKATA,06 Oct 2026,1
2026-06-23 21:23:59,Consular,KOLKATA,06 Oct 2026,1
2026-06-23 21:24:11,Consular,KOLKATA,06 Oct 2026,1
2026-06-23 21:24:23,Consular,KOLKATA,06 Oct 2026,1
2026-06-23 21:25:15,Consular,KOLKATA,06 Oct 2026,1
2026-06-23 21:25:22,Consular,KOLKATA,06 Oct 2026,1
2026-06-23 21:27:51,Consular,KOLKATA,06 Oct 2026,1
2026-06-23 21:28:05,Consular,KOLKATA,06 Oct 2026,1
2026-06-23 21:28:14,Consular,KOLKATA,06 Oct 2026,1
2026-06-23 21:29:49,Consular,KOLKATA,06 Oct 2026,1
2026-06-23 21:29:55,Consular,KOLKATA,06 Oct 2026,1
2026-06-23 21:30:05,Consular,KOLKATA,06 Oct 2026,1
2026-06-23 21:30:12,Consular,KOLKATA,06 Oct 2026,1
2026-06-23 21:30:26,OFC,HYDERABAD VAC,01 Jul 2026,7
2026-06-23 21:30:26,Consular,KOLKATA,06 Oct 2026,1
2026-06-23 21:30:26,OFC,MUMBAI VAC,17 Dec 2026,1
2026-06-23 21:30:26,OFC,NEW DELHI VAC,10 Sep 2026,4
2026-06-23 21:30:34,OFC,HYDERABAD VAC,01 Jul 2026,6
2026-06-23 21:30:34,OFC,NEW DELHI VAC,10 Sep 2026,4
2026-06-23 21:30:48,OFC,HYDERABAD VAC,01 Jul 2026,7
2026-06-23 21:30:48,OFC,MUMBAI VAC,17 Dec 2026,1
2026-06-23 21:30:48,OFC,NEW DELHI VAC,10 Sep 2026,4
2026-06-23 21:30:56,OFC,HYDERABAD VAC,01 Jul 2026,7
2026-06-23 21:30:56,OFC,NEW DELHI VAC,07 Dec 2026,3
2026-06-23 21:31:49,Consular,KOLKATA,06 Oct 2026,1
2026-06-23 21:31:49,OFC,NEW DELHI VAC,09 Dec 2026,1
2026-06-23 21:31:58,Consular,KOLKATA,06 Oct 2026,1
2026-06-23 21:32:06,Consular,KOLKATA,06 Oct 2026,1
2026-06-23 21:32:28,Consular,KOLKATA,06 Oct 2026,1
2026-06-23 21:32:42,Consular,KOLKATA,06 Oct 2026,1
2026-06-23 21:32:55,Consular,KOLKATA,06 Oct 2026,1
2026-06-23 21:33:08,Consular,KOLKATA,06 Oct 2026,1
2026-06-23 21:39:30,OFC,HYDERABAD VAC,26 Jun 2026,24
2026-06-23 21:39:37,OFC,HYDERABAD VAC,26 Jun 2026,24
2026-06-23 21:46:24,Consular,KOLKATA,06 Oct 2026,1
2026-06-23 21:46:24,Consular,MUMBAI,21 Jul 2026,1
2026-06-23 21:46:24,Consular,NEW DELHI,01 Jul 2026,9
2026-06-23 21:46:33,Consular,HYDERABAD,10 Jul 2026,3
2026-06-23 21:46:33,Consular,KOLKATA,06 Oct 2026,1
2026-06-23 21:46:33,Consular,NEW DELHI,01 Jul 2026,9
2026-06-23 21:46:45,Consular,HYDERABAD,10 Jul 2026,3
2026-06-23 21:46:45,Consular,KOLKATA,06 Oct 2026,1
2026-06-23 21:46:52,Consular,HYDERABAD,10 Jul 2026,3
2026-06-23 21:46:52,Consular,KOLKATA,06 Oct 2026,1
2026-06-23 21:47:01,Consular,HYDERABAD,10 Jul 2026,3
2026-06-23 21:47:01,Consular,KOLKATA,06 Oct 2026,1
2026-06-23 21:47:13,Consular,HYDERABAD,10 Jul 2026,3
2026-06-23 21:47:13,Consular,KOLKATA,06 Oct 2026,1
2026-06-23 21:47:24,Consular,HYDERABAD,10 Jul 2026,3
2026-06-23 21:47:24,Consular,KOLKATA,06 Oct 2026,1
2026-06-23 21:47:24,Consular,NEW DELHI,01 Jul 2026,9
2026-06-23 21:47:35,Consular,HYDERABAD,10 Jul 2026,3
2026-06-23 21:47:35,Consular,KOLKATA,06 Oct 2026,1
2026-06-23 21:47:35,Consular,NEW DELHI,01 Jul 2026,9
2026-06-23 21:47:51,Consular,HYDERABAD,10 Jul 2026,3
2026-06-23 21:47:51,Consular,KOLKATA,06 Oct 2026,1
2026-06-23 21:47:51,Consular,NEW DELHI,01 Jul 2026,9
2026-06-23 21:48:04,Consular,HYDERABAD,10 Jul 2026,3
2026-06-23 21:48:04,Consular,KOLKATA,06 Oct 2026,1
2026-06-23 21:48:04,Consular,NEW DELHI,01 Jul 2026,9
2026-06-23 21:48:11,Consular,HYDERABAD,10 Jul 2026,3
2026-06-23 21:48:11,Consular,KOLKATA,06 Oct 2026,1
2026-06-23 21:48:11,Consular,NEW DELHI,01 Jul 2026,9
2026-06-23 21:48:23,Consular,HYDERABAD,10 Jul 2026,3
2026-06-23 21:48:23,Consular,KOLKATA,06 Oct 2026,1
2026-06-23 21:48:23,Consular,NEW DELHI,01 Jul 2026,9
2026-06-23 21:48:37,Consular,HYDERABAD,10 Jul 2026,3
2026-06-23 21:48:37,Consular,NEW DELHI,01 Jul 2026,9
2026-06-23 21:48:50,Consular,HYDERABAD,10 Jul 2026,3
2026-06-23 21:48:50,Consular,NEW DELHI,01 Jul 2026,9
2026-06-23 21:48:57,Consular,HYDERABAD,10 Jul 2026,3
2026-06-23 21:48:57,Consular,NEW DELHI,01 Jul 2026,9
2026-06-23 21:49:06,Consular,HYDERABAD,10 Jul 2026,3
2026-06-23 21:49:06,Consular,NEW DELHI,01 Jul 2026,9
2026-06-23 21:49:54,Consular,HYDERABAD,10 Jul 2026,3
2026-06-23 21:49:54,Consular,MUMBAI,21 Jul 2026,1
2026-06-23 21:49:54,Consular,NEW DELHI,01 Jul 2026,9
2026-06-23 21:50:02,Consular,HYDERABAD,10 Jul 2026,3
2026-06-23 21:50:02,Consular,MUMBAI,21 Jul 2026,1
2026-06-23 21:50:02,Consular,NEW DELHI,01 Jul 2026,9
2026-06-23 21:50:08,Consular,HYDERABAD,10 Jul 2026,3
2026-06-23 21:50:08,Consular,MUMBAI,21 Jul 2026,1
2026-06-23 21:50:08,Consular,NEW DELHI,01 Jul 2026,9
2026-06-23 21:50:18,Consular,HYDERABAD,10 Jul 2026,3
2026-06-23 21:50:18,Consular,MUMBAI,21 Jul 2026,1
2026-06-23 21:50:18,Consular,NEW DELHI,01 Jul 2026,9
2026-06-23 21:52:26,Consular,HYDERABAD,10 Jul 2026,3
2026-06-23 21:52:26,Consular,MUMBAI,21 Jul 2026,1
2026-06-23 21:52:26,Consular,NEW DELHI,01 Jul 2026,9
2026-06-23 21:52:36,Consular,NEW DELHI,01 Jul 2026,6
2026-06-23 21:52:48,Consular,NEW DELHI,01 Jul 2026,6
2026-06-23 21:52:58,Consular,NEW DELHI,01 Jul 2026,6
2026-06-23 21:53:07,Consular,NEW DELHI,01 Jul 2026,6
2026-06-23 21:53:23,Consular,NEW DELHI,01 Jul 2026,6
2026-06-23 21:53:35,Consular,NEW DELHI,01 Jul 2026,6
2026-06-23 21:53:49,Consular,NEW DELHI,01 Jul 2026,6
2026-06-23 21:53:58,Consular,NEW DELHI,01 Jul 2026,6
2026-06-23 21:54:06,Consular,NEW DELHI,01 Jul 2026,6
2026-06-23 21:54:14,Consular,NEW DELHI,01 Jul 2026,6
2026-06-23 21:54:24,Consular,NEW DELHI,01 Jul 2026,6
2026-06-23 21:55:18,Consular,NEW DELHI,01 Jul 2026,6
2026-06-23 21:55:32,Consular,NEW DELHI,01 Jul 2026,6
2026-06-23 21:55:43,Consular,NEW DELHI,01 Jul 2026,6
2026-06-23 21:55:49,Consular,NEW DELHI,01 Jul 2026,6
2026-06-23 21:55:58,OFC,CHENNAI VAC,26 Oct 2026,2
2026-06-23 21:55:58,Consular,NEW DELHI,01 Jul 2026,6
2026-06-23 21:55:58,OFC,NEW DELHI VAC,19 Oct 2026,4
2026-06-23 21:56:13,OFC,CHENNAI VAC,17 Sep 2026,4
2026-06-23 21:56:13,OFC,HYDERABAD VAC,29 Oct 2026,10
2026-06-23 21:56:13,OFC,KOLKATA VAC,02 Nov 2026,4
2026-06-23 21:56:13,Consular,NEW DELHI,01 Jul 2026,6
2026-06-23 21:56:18,OFC,CHENNAI VAC,09 Sep 2026,5
2026-06-23 21:56:18,OFC,HYDERABAD VAC,29 Oct 2026,10
2026-06-23 21:56:18,OFC,KOLKATA VAC,02 Nov 2026,4
2026-06-23 21:56:18,Consular,NEW DELHI,01 Jul 2026,6
2026-06-23 21:56:18,OFC,NEW DELHI VAC,10 Sep 2026,3
2026-06-23 21:57:51,OFC,HYDERABAD VAC,04 Nov 2026,7
2026-06-23 21:58:03,OFC,HYDERABAD VAC,04 Nov 2026,7
2026-06-23 22:00:31,Consular,KOLKATA,06 Oct 2026,1
2026-06-23 22:00:44,Consular,KOLKATA,06 Oct 2026,1
2026-06-23 22:00:52,Consular,KOLKATA,06 Oct 2026,1
2026-06-23 22:01:02,Consular,KOLKATA,06 Oct 2026,1
2026-06-23 22:01:09,Consular,KOLKATA,06 Oct 2026,1
2026-06-23 22:01:16,Consular,KOLKATA,06 Oct 2026,1
2026-06-23 22:01:26,Consular,KOLKATA,06 Oct 2026,1
2026-06-23 22:01:37,Consular,KOLKATA,06 Oct 2026,1
2026-06-23 22:01:43,Consular,KOLKATA,06 Oct 2026,1
2026-06-23 22:03:59,Consular,NEW DELHI,02 Jul 2026,5
2026-06-23 22:04:05,Consular,NEW DELHI,02 Jul 2026,5
2026-06-23 22:04:18,Consular,NEW DELHI,02 Jul 2026,8
2026-06-23 22:04:26,Consular,NEW DELHI,02 Jul 2026,8
2026-06-23 22:04:35,Consular,MUMBAI,21 Jul 2026,1
2026-06-23 22:04:35,Consular,NEW DELHI,02 Jul 2026,8
2026-06-23 22:04:45,Consular,MUMBAI,21 Jul 2026,1
2026-06-23 22:04:45,Consular,NEW DELHI,02 Jul 2026,8
2026-06-23 22:05:00,Consular,MUMBAI,21 Jul 2026,1
2026-06-23 22:05:00,Consular,NEW DELHI,02 Jul 2026,8
2026-06-23 22:05:09,Consular,MUMBAI,21 Jul 2026,1
2026-06-23 22:05:09,Consular,NEW DELHI,02 Jul 2026,8
2026-06-23 22:05:22,Consular,HYDERABAD,17 Jul 2026,2
2026-06-23 22:05:22,Consular,MUMBAI,21 Jul 2026,1
2026-06-23 22:05:22,Consular,NEW DELHI,02 Jul 2026,8
2026-06-23 22:05:35,Consular,HYDERABAD,17 Jul 2026,2
2026-06-23 22:05:35,Consular,MUMBAI,21 Jul 2026,1
2026-06-23 22:05:35,Consular,NEW DELHI,02 Jul 2026,8
2026-06-23 22:05:48,Consular,HYDERABAD,17 Jul 2026,2
2026-06-23 22:05:48,Consular,MUMBAI,21 Jul 2026,1
2026-06-23 22:05:48,Consular,NEW DELHI,02 Jul 2026,8
2026-06-23 22:05:59,Consular,MUMBAI,21 Jul 2026,1
2026-06-23 22:05:59,Consular,NEW DELHI,02 Jul 2026,8
2026-06-23 22:06:11,Consular,MUMBAI,21 Jul 2026,1
2026-06-23 22:06:11,Consular,NEW DELHI,02 Jul 2026,8
2026-06-23 22:06:19,Consular,MUMBAI,21 Jul 2026,1
2026-06-23 22:06:19,Consular,NEW DELHI,02 Jul 2026,8
2026-06-23 22:06:26,Consular,MUMBAI,21 Jul 2026,1
2026-06-23 22:06:26,Consular,NEW DELHI,02 Jul 2026,8
2026-06-23 22:06:39,Consular,MUMBAI,21 Jul 2026,1
2026-06-23 22:06:39,Consular,NEW DELHI,02 Jul 2026,8
2026-06-23 22:06:51,Consular,MUMBAI,21 Jul 2026,1
2026-06-23 22:06:51,Consular,NEW DELHI,02 Jul 2026,8
2026-06-23 22:07:01,Consular,HYDERABAD,17 Jul 2026,2
2026-06-23 22:07:01,Consular,MUMBAI,21 Jul 2026,1
2026-06-23 22:07:01,Consular,NEW DELHI,02 Jul 2026,8
2026-06-23 22:07:14,Consular,HYDERABAD,17 Jul 2026,2
2026-06-23 22:07:14,Consular,NEW DELHI,02 Jul 2026,8
2026-06-23 22:07:23,Consular,NEW DELHI,02 Jul 2026,8
2026-06-23 22:07:44,Consular,MUMBAI,21 Jul 2026,1
2026-06-23 22:07:50,Consular,MUMBAI,21 Jul 2026,1
2026-06-23 22:07:50,Consular,NEW DELHI,02 Jul 2026,8
2026-06-23 22:07:57,Consular,MUMBAI,21 Jul 2026,1
2026-06-23 22:07:57,Consular,NEW DELHI,02 Jul 2026,8
2026-06-23 22:26:07,OFC,HYDERABAD VAC,08 Dec 2026,5
2026-06-23 22:26:07,OFC,NEW DELHI VAC,07 Dec 2026,3
2026-06-23 22:26:21,OFC,HYDERABAD VAC,08 Dec 2026,5
2026-06-23 22:26:21,OFC,NEW DELHI VAC,07 Dec 2026,3
2026-06-23 22:26:33,OFC,HYDERABAD VAC,09 Dec 2026,4
2026-06-23 22:26:33,OFC,NEW DELHI VAC,07 Dec 2026,3
2026-06-23 22:26:39,OFC,HYDERABAD VAC,16 Dec 2026,3
2026-06-23 22:26:39,OFC,NEW DELHI VAC,08 Dec 2026,2
2026-06-23 22:26:48,OFC,HYDERABAD VAC,16 Dec 2026,2
2026-06-23 22:26:48,OFC,NEW DELHI VAC,08 Dec 2026,2
2026-06-23 22:27:00,OFC,NEW DELHI VAC,09 Dec 2026,1
2026-06-23 22:27:07,OFC,NEW DELHI VAC,09 Dec 2026,1
2026-06-23 22:27:13,OFC,NEW DELHI VAC,09 Dec 2026,1
2026-06-23 22:30:20,OFC,NEW DELHI VAC,30 Jun 2026,1
2026-06-24 00:11:05,Consular,NEW DELHI,02 Jul 2026,8
2026-06-24 00:11:12,Consular,NEW DELHI,02 Jul 2026,8
2026-06-24 00:11:25,Consular,NEW DELHI,02 Jul 2026,8
2026-06-24 00:11:40,Consular,NEW DELHI,02 Jul 2026,8
2026-06-24 00:11:55,Consular,HYDERABAD,15 Jul 2026,4
2026-06-24 00:11:55,Consular,NEW DELHI,02 Jul 2026,8
2026-06-24 00:12:07,Consular,HYDERABAD,15 Jul 2026,4
2026-06-24 00:12:07,Consular,NEW DELHI,02 Jul 2026,8
2026-06-24 00:12:21,Consular,HYDERABAD,15 Jul 2026,4
2026-06-24 00:12:21,Consular,NEW DELHI,02 Jul 2026,8
2026-06-24 00:12:27,Consular,HYDERABAD,15 Jul 2026,4
2026-06-24 00:12:27,Consular,NEW DELHI,02 Jul 2026,8
2026-06-24 00:12:40,Consular,HYDERABAD,15 Jul 2026,4
2026-06-24 00:12:40,Consular,NEW DELHI,02 Jul 2026,8
2026-06-24 00:12:49,Consular,HYDERABAD,15 Jul 2026,4
2026-06-24 00:12:49,Consular,NEW DELHI,02 Jul 2026,8
2026-06-24 00:13:02,Consular,HYDERABAD,15 Jul 2026,4
2026-06-24 00:13:02,Consular,NEW DELHI,02 Jul 2026,8
2026-06-24 00:13:09,Consular,HYDERABAD,15 Jul 2026,4
2026-06-24 00:13:09,Consular,NEW DELHI,02 Jul 2026,8
2026-06-24 00:13:23,Consular,HYDERABAD,15 Jul 2026,4
2026-06-24 00:13:23,Consular,NEW DELHI,02 Jul 2026,8
2026-06-24 00:13:39,Consular,HYDERABAD,15 Jul 2026,4
2026-06-24 00:13:39,Consular,NEW DELHI,02 Jul 2026,8
2026-06-24 00:13:49,Consular,HYDERABAD,15 Jul 2026,4
2026-06-24 00:13:49,Consular,NEW DELHI,02 Jul 2026,8
2026-06-24 00:13:57,Consular,HYDERABAD,15 Jul 2026,4
2026-06-24 00:13:57,Consular,NEW DELHI,02 Jul 2026,8
2026-06-24 00:14:15,Consular,HYDERABAD,15 Jul 2026,4
2026-06-24 00:14:15,Consular,NEW DELHI,02 Jul 2026,8
2026-06-24 00:14:28,Consular,HYDERABAD,15 Jul 2026,4
2026-06-24 00:14:28,Consular,NEW DELHI,02 Jul 2026,8
2026-06-24 00:14:40,Consular,HYDERABAD,15 Jul 2026,4
2026-06-24 00:14:40,Consular,NEW DELHI,02 Jul 2026,8
2026-06-24 00:14:49,Consular,HYDERABAD,15 Jul 2026,4
2026-06-24 00:14:49,Consular,NEW DELHI,02 Jul 2026,8
2026-06-24 00:15:01,Consular,HYDERABAD,15 Jul 2026,4
2026-06-24 00:15:01,Consular,NEW DELHI,02 Jul 2026,8
2026-06-24 00:15:15,Consular,HYDERABAD,15 Jul 2026,4
2026-06-24 00:15:15,Consular,NEW DELHI,02 Jul 2026,8
2026-06-24 00:16:52,Consular,HYDERABAD,15 Jul 2026,4
2026-06-24 00:16:52,Consular,NEW DELHI,02 Jul 2026,8
2026-06-24 00:17:04,Consular,HYDERABAD,15 Jul 2026,4
2026-06-24 00:17:04,Consular,NEW DELHI,02 Jul 2026,8
2026-06-24 00:17:13,Consular,HYDERABAD,15 Jul 2026,4
2026-06-24 00:17:13,Consular,NEW DELHI,02 Jul 2026,8
2026-06-24 00:17:27,Consular,HYDERABAD,15 Jul 2026,4
2026-06-24 00:17:27,Consular,NEW DELHI,02 Jul 2026,8
2026-06-24 00:17:42,Consular,HYDERABAD,15 Jul 2026,4
2026-06-24 00:17:42,Consular,NEW DELHI,02 Jul 2026,8
2026-06-24 00:17:51,Consular,HYDERABAD,15 Jul 2026,4
2026-06-24 00:17:51,Consular,NEW DELHI,02 Jul 2026,8
2026-06-24 00:18:05,Consular,HYDERABAD,15 Jul 2026,4
2026-06-24 00:18:05,Consular,NEW DELHI,02 Jul 2026,8
2026-06-24 00:18:12,Consular,HYDERABAD,15 Jul 2026,4
2026-06-24 00:18:12,Consular,NEW DELHI,02 Jul 2026,8
2026-06-24 00:18:24,Consular,HYDERABAD,15 Jul 2026,4
2026-06-24 00:18:24,Consular,NEW DELHI,02 Jul 2026,8
2026-06-24 00:18:33,Consular,HYDERABAD,15 Jul 2026,4
2026-06-24 00:18:33,Consular,NEW DELHI,02 Jul 2026,8
2026-06-24 00:18:41,Consular,HYDERABAD,15 Jul 2026,4
2026-06-24 00:18:41,Consular,NEW DELHI,02 Jul 2026,8
2026-06-24 00:18:57,Consular,HYDERABAD,15 Jul 2026,4
2026-06-24 00:18:57,Consular,NEW DELHI,02 Jul 2026,8
2026-06-24 00:19:47,Consular,HYDERABAD,15 Jul 2026,4
2026-06-24 00:19:47,Consular,NEW DELHI,02 Jul 2026,8
2026-06-24 00:19:53,Consular,HYDERABAD,15 Jul 2026,4
2026-06-24 00:19:53,Consular,NEW DELHI,02 Jul 2026,8
2026-06-24 00:20:03,Consular,HYDERABAD,15 Jul 2026,4
2026-06-24 00:20:03,Consular,NEW DELHI,02 Jul 2026,8
2026-06-24 00:20:15,Consular,HYDERABAD,15 Jul 2026,4
2026-06-24 00:20:15,Consular,NEW DELHI,02 Jul 2026,8
2026-06-24 00:20:21,Consular,HYDERABAD,15 Jul 2026,4
2026-06-24 00:20:21,Consular,NEW DELHI,02 Jul 2026,8
2026-06-24 00:20:32,Consular,HYDERABAD,15 Jul 2026,4
2026-06-24 00:20:32,Consular,NEW DELHI,02 Jul 2026,8
2026-06-24 00:20:43,Consular,HYDERABAD,15 Jul 2026,4
2026-06-24 00:20:43,Consular,NEW DELHI,02 Jul 2026,8
2026-06-24 00:20:53,Consular,HYDERABAD,15 Jul 2026,4
2026-06-24 00:20:53,Consular,NEW DELHI,02 Jul 2026,8
2026-06-24 00:23:04,Consular,NEW DELHI,02 Jul 2026,8
2026-06-24 00:23:18,Consular,NEW DELHI,02 Jul 2026,8
2026-06-24 00:23:31,Consular,NEW DELHI,02 Jul 2026,8
2026-06-24 00:23:45,Consular,NEW DELHI,02 Jul 2026,8
2026-06-24 00:23:53,Consular,NEW DELHI,02 Jul 2026,8
2026-06-24 00:24:15,Consular,NEW DELHI,02 Jul 2026,8
2026-06-24 00:24:28,Consular,NEW DELHI,02 Jul 2026,8
2026-06-24 00:24:43,Consular,NEW DELHI,02 Jul 2026,8
2026-06-24 00:24:54,Consular,NEW DELHI,02 Jul 2026,8
2026-06-24 00:25:05,Consular,NEW DELHI,02 Jul 2026,8
2026-06-24 00:25:17,Consular,NEW DELHI,02 Jul 2026,8
2026-06-24 00:25:32,Consular,NEW DELHI,02 Jul 2026,8
2026-06-24 00:25:44,Consular,NEW DELHI,02 Jul 2026,8
2026-06-24 00:25:56,OFC,CHENNAI VAC,09 Oct 2026,4
2026-06-24 00:25:56,Consular,NEW DELHI,02 Jul 2026,8
2026-06-24 00:25:56,OFC,NEW DELHI VAC,09 Oct 2026,1
2026-06-24 00:26:05,OFC,HYDERABAD VAC,26 Oct 2026,4
2026-06-24 00:26:05,Consular,NEW DELHI,02 Jul 2026,8
2026-06-24 00:26:05,OFC,NEW DELHI VAC,09 Oct 2026,1
2026-06-24 00:26:14,OFC,CHENNAI VAC,14 Oct 2026,3
2026-06-24 00:26:14,OFC,HYDERABAD VAC,26 Oct 2026,4
2026-06-24 00:26:14,OFC,KOLKATA VAC,14 Oct 2026,2
2026-06-24 00:26:14,Consular,NEW DELHI,02 Jul 2026,8
2026-06-24 00:26:28,OFC,CHENNAI VAC,26 Oct 2026,1
2026-06-24 00:26:28,OFC,HYDERABAD VAC,30 Oct 2026,3
2026-06-24 00:26:28,OFC,KOLKATA VAC,14 Oct 2026,1
2026-06-24 00:26:28,Consular,NEW DELHI,02 Jul 2026,8
2026-06-24 00:26:35,OFC,CHENNAI VAC,26 Oct 2026,1
2026-06-24 00:26:35,OFC,HYDERABAD VAC,30 Oct 2026,3
2026-06-24 00:26:35,OFC,KOLKATA VAC,14 Oct 2026,1
2026-06-24 00:26:35,Consular,NEW DELHI,02 Jul 2026,8
2026-06-24 00:26:47,OFC,CHENNAI VAC,26 Oct 2026,1
2026-06-24 00:26:47,OFC,HYDERABAD VAC,30 Oct 2026,3
2026-06-24 00:26:47,OFC,KOLKATA VAC,14 Oct 2026,1
2026-06-24 00:26:47,Consular,NEW DELHI,02 Jul 2026,8
2026-06-24 00:26:57,OFC,CHENNAI VAC,26 Oct 2026,1
2026-06-24 00:26:57,OFC,HYDERABAD VAC,30 Oct 2026,3
2026-06-24 00:26:57,OFC,KOLKATA VAC,14 Oct 2026,1
2026-06-24 00:26:57,Consular,NEW DELHI,02 Jul 2026,8
2026-06-24 00:27:05,OFC,KOLKATA VAC,14 Oct 2026,1
2026-06-24 00:27:05,Consular,NEW DELHI,02 Jul 2026,8
2026-06-24 00:27:17,OFC,HYDERABAD VAC,30 Oct 2026,3
2026-06-24 00:27:17,OFC,KOLKATA VAC,14 Oct 2026,1
2026-06-24 00:27:17,Consular,NEW DELHI,02 Jul 2026,1
2026-06-24 00:27:30,OFC,HYDERABAD VAC,30 Oct 2026,3
2026-06-24 00:27:30,OFC,KOLKATA VAC,14 Oct 2026,1
2026-06-24 00:27:30,Consular,NEW DELHI,02 Jul 2026,1
2026-06-24 00:30:26,OFC,CHENNAI VAC,31 Aug 2026,6
2026-06-24 00:30:26,OFC,HYDERABAD VAC,30 Oct 2026,3
2026-06-24 00:30:26,OFC,KOLKATA VAC,14 Oct 2026,1
2026-06-24 00:30:41,OFC,CHENNAI VAC,01 Sep 2026,5
2026-06-24 00:30:41,OFC,HYDERABAD VAC,30 Oct 2026,3
2026-06-24 00:30:50,OFC,CHENNAI VAC,31 Aug 2026,6
2026-06-24 00:30:50,OFC,HYDERABAD VAC,30 Oct 2026,3
2026-06-24 00:31:01,OFC,CHENNAI VAC,31 Aug 2026,6
2026-06-24 00:31:01,OFC,HYDERABAD VAC,30 Oct 2026,3
2026-06-24 00:31:11,OFC,CHENNAI VAC,01 Sep 2026,5
2026-06-24 00:31:23,Consular,CHENNAI,24 Sep 2026,1
2026-06-27 23:57:46,Consular,NEW DELHI,14 Jul 2026,3
2026-06-27 23:57:56,Consular,NEW DELHI,14 Jul 2026,3
2026-06-27 23:58:10,Consular,NEW DELHI,14 Jul 2026,3
2026-06-27 23:58:22,Consular,NEW DELHI,14 Jul 2026,3
2026-06-27 23:59:37,Consular,NEW DELHI,14 Jul 2026,3
2026-06-27 23:59:51,Consular,NEW DELHI,14 Jul 2026,3
2026-06-28 00:00:04,Consular,NEW DELHI,14 Jul 2026,3
2026-06-28 00:00:16,Consular,NEW DELHI,14 Jul 2026,3
2026-06-28 00:00:27,Consular,NEW DELHI,14 Jul 2026,3
2026-06-28 00:00:35,Consular,NEW DELHI,14 Jul 2026,3
2026-06-28 00:00:42,Consular,NEW DELHI,14 Jul 2026,3
2026-06-28 00:00:54,Consular,NEW DELHI,14 Jul 2026,3
2026-06-28 00:01:09,Consular,NEW DELHI,14 Jul 2026,3
2026-06-28 00:01:19,Consular,NEW DELHI,14 Jul 2026,3
2026-06-28 00:01:34,Consular,NEW DELHI,14 Jul 2026,3
2026-06-28 00:01:44,Consular,NEW DELHI,14 Jul 2026,3
2026-06-28 00:01:59,Consular,NEW DELHI,14 Jul 2026,3
2026-06-28 00:02:15,Consular,NEW DELHI,14 Jul 2026,3
2026-06-28 00:02:27,Consular,NEW DELHI,14 Jul 2026,3
2026-06-28 00:02:40,Consular,NEW DELHI,14 Jul 2026,3
2026-06-28 00:02:56,Consular,NEW DELHI,14 Jul 2026,3
2026-06-28 00:03:05,Consular,NEW DELHI,14 Jul 2026,3
2026-06-28 00:03:18,Consular,NEW DELHI,14 Jul 2026,3
2026-06-28 00:03:30,Consular,NEW DELHI,14 Jul 2026,3
2026-06-28 00:03:43,Consular,NEW DELHI,14 Jul 2026,3
2026-06-28 00:03:55,Consular,NEW DELHI,14 Jul 2026,3
2026-06-28 00:04:01,Consular,NEW DELHI,14 Jul 2026,3
2026-06-28 00:04:14,Consular,NEW DELHI,14 Jul 2026,3
2026-06-28 00:04:27,Consular,NEW DELHI,14 Jul 2026,3
2026-06-28 00:04:34,Consular,NEW DELHI,14 Jul 2026,3
2026-06-28 00:04:41,Consular,NEW DELHI,14 Jul 2026,3
2026-06-28 00:04:49,Consular,NEW DELHI,14 Jul 2026,3
2026-06-28 00:05:57,Consular,NEW DELHI,14 Jul 2026,3
2026-06-28 00:06:08,Consular,NEW DELHI,14 Jul 2026,3
2026-06-28 00:06:21,Consular,NEW DELHI,14 Jul 2026,3
2026-06-28 00:06:34,Consular,NEW DELHI,14 Jul 2026,3
2026-06-28 00:06:47,Consular,NEW DELHI,14 Jul 2026,3
2026-06-28 00:07:01,Consular,NEW DELHI,14 Jul 2026,3
2026-06-28 00:07:12,Consular,NEW DELHI,14 Jul 2026,3
2026-06-28 00:07:20,Consular,NEW DELHI,14 Jul 2026,3
2026-06-28 00:07:29,Consular,NEW DELHI,14 Jul 2026,3
2026-06-28 00:07:41,Consular,NEW DELHI,14 Jul 2026,3
2026-06-28 00:07:57,Consular,NEW DELHI,14 Jul 2026,3
2026-06-28 00:10:33,Consular,NEW DELHI,14 Jul 2026,3
2026-06-28 00:10:47,Consular,NEW DELHI,14 Jul 2026,3
2026-06-28 00:10:58,Consular,NEW DELHI,14 Jul 2026,3
2026-06-28 00:11:11,Consular,NEW DELHI,14 Jul 2026,3
2026-06-28 00:13:45,Consular,NEW DELHI,14 Jul 2026,3
2026-06-28 00:13:51,Consular,NEW DELHI,14 Jul 2026,3
2026-06-28 00:14:03,Consular,NEW DELHI,14 Jul 2026,3
2026-06-28 00:14:14,Consular,NEW DELHI,14 Jul 2026,3
2026-06-28 00:14:21,Consular,NEW DELHI,14 Jul 2026,3
2026-06-28 00:15:15,Consular,NEW DELHI,14 Jul 2026,3
2026-06-28 00:15:25,Consular,NEW DELHI,14 Jul 2026,3
2026-06-28 00:15:41,Consular,NEW DELHI,14 Jul 2026,3
2026-06-28 00:15:57,Consular,NEW DELHI,14 Jul 2026,3
2026-06-28 00:16:07,Consular,NEW DELHI,14 Jul 2026,3
2026-06-28 00:16:15,Consular,NEW DELHI,14 Jul 2026,3
2026-06-28 00:16:27,Consular,NEW DELHI,14 Jul 2026,3
2026-06-28 00:16:36,Consular,NEW DELHI,14 Jul 2026,3
2026-06-28 00:16:46,Consular,NEW DELHI,14 Jul 2026,3
2026-06-28 00:16:58,Consular,NEW DELHI,14 Jul 2026,3
2026-06-28 00:17:08,Consular,NEW DELHI,14 Jul 2026,3
2026-06-28 00:17:23,Consular,NEW DELHI,14 Jul 2026,3
2026-06-28 00:17:31,Consular,NEW DELHI,14 Jul 2026,3
2026-06-28 00:17:38,Consular,NEW DELHI,14 Jul 2026,3
2026-06-28 00:24:01,Consular,NEW DELHI,14 Jul 2026,3
2026-06-28 00:24:14,Consular,NEW DELHI,14 Jul 2026,3
2026-06-28 00:24:26,Consular,NEW DELHI,14 Jul 2026,3
2026-06-28 00:24:40,Consular,NEW DELHI,14 Jul 2026,3
2026-06-28 00:24:56,Consular,NEW DELHI,14 Jul 2026,3
2026-06-28 00:25:02,Consular,NEW DELHI,14 Jul 2026,3
2026-06-28 00:25:13,Consular,NEW DELHI,14 Jul 2026,3
2026-06-28 00:25:24,Consular,NEW DELHI,14 Jul 2026,3
2026-06-28 00:25:39,Consular,NEW DELHI,14 Jul 2026,3
2026-06-28 00:25:46,Consular,NEW DELHI,14 Jul 2026,3
2026-06-28 00:26:01,Consular,NEW DELHI,14 Jul 2026,3
2026-06-28 00:26:12,Consular,NEW DELHI,14 Jul 2026,3
2026-06-28 00:26:24,Consular,NEW DELHI,14 Jul 2026,3
2026-06-28 00:26:32,Consular,NEW DELHI,14 Jul 2026,3
2026-06-28 00:26:42,Consular,NEW DELHI,14 Jul 2026,3
2026-06-28 00:26:50,Consular,NEW DELHI,14 Jul 2026,3
2026-06-28 00:27:03,Consular,NEW DELHI,14 Jul 2026,3
2026-06-28 00:27:11,Consular,NEW DELHI,14 Jul 2026,3
2026-06-28 00:27:23,Consular,NEW DELHI,14 Jul 2026,3
2026-06-28 00:27:38,Consular,NEW DELHI,14 Jul 2026,3
2026-06-28 00:27:50,Consular,NEW DELHI,14 Jul 2026,3
2026-06-28 00:28:05,Consular,NEW DELHI,14 Jul 2026,3
2026-06-28 00:28:15,Consular,NEW DELHI,14 Jul 2026,3
2026-06-30 02:00:22,OFC,HYDERABAD VAC,05 Jul 2026,1
2026-06-30 02:00:39,OFC,HYDERABAD VAC,05 Jul 2026,1
2026-06-30 02:00:39,OFC,MUMBAI VAC,05 Jul 2026,1
2026-06-30 02:00:49,OFC,HYDERABAD VAC,05 Jul 2026,1
2026-06-30 02:00:49,OFC,MUMBAI VAC,05 Jul 2026,1
2026-06-30 02:00:55,OFC,HYDERABAD VAC,05 Jul 2026,1
2026-06-30 02:00:55,OFC,MUMBAI VAC,05 Jul 2026,1
2026-06-30 02:01:05,OFC,HYDERABAD VAC,05 Jul 2026,1
2026-06-30 02:01:05,OFC,MUMBAI VAC,05 Jul 2026,1
2026-07-04 01:56:20,OFC,NEW DELHI VAC,05 Jan 2027,4
2026-07-04 01:56:30,OFC,NEW DELHI VAC,05 Jan 2027,4
2026-07-04 01:56:38,OFC,NEW DELHI VAC,05 Jan 2027,4
2026-07-04 01:56:48,OFC,NEW DELHI VAC,05 Jan 2027,4
2026-07-04 01:56:56,OFC,NEW DELHI VAC,01 Mar 2027,3
2026-07-04 01:57:12,OFC,NEW DELHI VAC,01 Mar 2027,3
2026-07-04 01:57:18,OFC,NEW DELHI VAC,01 Mar 2027,3
2026-07-04 01:57:30,OFC,NEW DELHI VAC,01 Mar 2027,3
2026-07-04 01:57:42,OFC,NEW DELHI VAC,02 Mar 2027,2
2026-07-04 01:57:57,OFC,NEW DELHI VAC,02 Mar 2027,2
2026-07-04 01:58:11,OFC,NEW DELHI VAC,02 Mar 2027,2
2026-07-04 01:58:25,OFC,NEW DELHI VAC,04 Mar 2027,1
2026-07-05 03:00:32,OFC,NEW DELHI VAC,04 Mar 2027,1
2026-07-05 03:00:47,OFC,NEW DELHI VAC,04 Mar 2027,1
2026-07-05 03:00:53,OFC,NEW DELHI VAC,04 Mar 2027,1
2026-07-05 03:01:01,OFC,NEW DELHI VAC,04 Mar 2027,1
2026-07-05 03:01:11,OFC,NEW DELHI VAC,04 Mar 2027,1
2026-07-05 03:01:18,OFC,NEW DELHI VAC,02 Mar 2027,2
2026-07-05 03:01:49,OFC,NEW DELHI VAC,04 Mar 2027,1
2026-07-05 03:01:56,OFC,NEW DELHI VAC,02 Mar 2027,2
2026-07-05 03:02:04,OFC,NEW DELHI VAC,04 Mar 2027,1
2026-07-05 03:02:19,OFC,NEW DELHI VAC,04 Mar 2027,1
2026-07-05 03:02:29,OFC,NEW DELHI VAC,04 Mar 2027,1
2026-07-05 03:02:45,OFC,NEW DELHI VAC,04 Mar 2027,1
2026-07-05 16:26:07,OFC,HYDERABAD VAC,04 Nov 2026,1
2026-07-05 16:26:15,OFC,KOLKATA VAC,05 Nov 2026,1
2026-07-05 16:58:14,OFC,NEW DELHI VAC,04 Mar 2027,1
2026-07-05 16:58:27,OFC,NEW DELHI VAC,04 Mar 2027,1
2026-07-05 16:58:38,OFC,NEW DELHI VAC,04 Mar 2027,1
2026-07-05 16:58:47,OFC,NEW DELHI VAC,04 Mar 2027,1
2026-07-05 17:02:07,Consular,HYDERABAD,15 Jul 2026,2
2026-07-05 17:02:18,Consular,HYDERABAD,15 Jul 2026,2
2026-07-05 17:38:04,Consular,HYDERABAD,15 Jul 2026,1
2026-07-05 17:38:10,Consular,HYDERABAD,15 Jul 2026,1
2026-07-05 17:38:26,Consular,HYDERABAD,15 Jul 2026,1
2026-07-05 17:38:38,Consular,HYDERABAD,15 Jul 2026,1
2026-07-05 17:38:52,Consular,HYDERABAD,15 Jul 2026,1
2026-07-05 17:39:01,Consular,HYDERABAD,15 Jul 2026,1
2026-07-05 17:39:11,Consular,HYDERABAD,15 Jul 2026,1
2026-07-05 17:39:18,Consular,HYDERABAD,15 Jul 2026,1
2026-07-05 17:39:30,Consular,HYDERABAD,15 Jul 2026,1
2026-07-05 17:39:36,Consular,HYDERABAD,15 Jul 2026,1
2026-07-05 17:39:45,Consular,HYDERABAD,15 Jul 2026,1
2026-07-05 17:39:53,Consular,HYDERABAD,15 Jul 2026,1
2026-07-05 17:39:53,OFC,MUMBAI VAC,08 Jul 2026,17
2026-07-05 17:40:16,Consular,HYDERABAD,15 Jul 2026,1
2026-07-05 17:40:22,Consular,HYDERABAD,15 Jul 2026,1
2026-07-05 17:40:32,Consular,HYDERABAD,15 Jul 2026,1
2026-07-05 17:40:47,Consular,HYDERABAD,15 Jul 2026,1
2026-07-05 17:41:03,Consular,HYDERABAD,15 Jul 2026,1
2026-07-05 17:41:16,Consular,HYDERABAD,15 Jul 2026,1
2026-07-05 17:41:29,Consular,HYDERABAD,15 Jul 2026,1
2026-07-05 17:41:41,Consular,HYDERABAD,15 Jul 2026,1
2026-07-05 17:41:51,Consular,HYDERABAD,15 Jul 2026,1
2026-07-05 17:42:05,Consular,HYDERABAD,15 Jul 2026,1
2026-07-05 17:42:58,Consular,HYDERABAD,15 Jul 2026,1
2026-07-05 17:43:06,Consular,HYDERABAD,15 Jul 2026,1
2026-07-05 17:43:15,Consular,HYDERABAD,15 Jul 2026,1
2026-07-05 20:46:21,OFC,CHENNAI VAC,13 Aug 2026,1
2026-07-05 20:46:41,OFC,CHENNAI VAC,13 Aug 2026,1
2026-07-05 20:46:53,OFC,CHENNAI VAC,13 Aug 2026,1
2026-07-05 20:47:07,OFC,CHENNAI VAC,13 Aug 2026,1
2026-07-05 20:50:35,OFC,CHENNAI VAC,29 Dec 2026,2
2026-07-05 20:50:46,OFC,CHENNAI VAC,29 Dec 2026,2
2026-07-05 21:57:41,OFC,NEW DELHI VAC,01 Mar 2027,3
2026-07-05 21:57:49,OFC,NEW DELHI VAC,01 Mar 2027,3
2026-07-05 21:57:58,OFC,NEW DELHI VAC,02 Mar 2027,2
2026-07-05 21:58:09,OFC,NEW DELHI VAC,02 Mar 2027,2
2026-07-05 21:58:25,OFC,NEW DELHI VAC,02 Mar 2027,2
2026-07-05 21:58:31,OFC,NEW DELHI VAC,04 Mar 2027,1
2026-07-05 21:58:42,OFC,NEW DELHI VAC,04 Mar 2027,1
2026-07-05 22:01:06,OFC,CHENNAI VAC,30 Nov 2026,2
2026-07-05 22:01:06,Consular,HYDERABAD,17 Jul 2026,1
2026-07-05 22:01:06,OFC,HYDERABAD VAC,09 Nov 2026,15
2026-07-05 22:01:06,OFC,MUMBAI VAC,12 Jul 2026,2
2026-07-05 22:01:06,OFC,NEW DELHI VAC,03 Dec 2026,2
2026-07-05 22:01:30,OFC,CHENNAI VAC,30 Nov 2026,2
2026-07-05 22:01:30,OFC,HYDERABAD VAC,07 Jul 2026,17
2026-07-05 22:01:30,OFC,KOLKATA VAC,13 Nov 2026,10
2026-07-05 22:01:53,OFC,HYDERABAD VAC,09 Nov 2026,15
2026-07-05 22:01:53,OFC,KOLKATA VAC,13 Nov 2026,10
2026-07-05 22:01:53,OFC,MUMBAI VAC,25 Nov 2026,1
2026-07-05 22:03:15,OFC,CHENNAI VAC,16 Nov 2026,4
2026-07-06 19:21:49,Consular,CHENNAI,22 Jul 2026,1
2026-07-06 19:21:49,Consular,NEW DELHI,14 Jul 2026,2
2026-07-06 19:22:01,Consular,CHENNAI,22 Jul 2026,1
2026-07-06 19:22:01,Consular,NEW DELHI,14 Jul 2026,2
2026-07-06 19:22:16,Consular,CHENNAI,22 Jul 2026,1
2026-07-06 19:22:16,Consular,NEW DELHI,14 Jul 2026,2
2026-07-06 19:22:28,Consular,CHENNAI,22 Jul 2026,1
2026-07-06 19:22:28,Consular,NEW DELHI,14 Jul 2026,2
2026-07-06 19:22:40,Consular,CHENNAI,22 Jul 2026,1
2026-07-06 19:22:40,Consular,NEW DELHI,14 Jul 2026,2
2026-07-06 19:22:52,Consular,CHENNAI,22 Jul 2026,1
2026-07-06 19:22:52,Consular,NEW DELHI,14 Jul 2026,2
2026-07-06 19:23:08,Consular,CHENNAI,22 Jul 2026,1
2026-07-06 19:23:08,Consular,NEW DELHI,14 Jul 2026,2
2026-07-06 19:23:22,Consular,CHENNAI,22 Jul 2026,1
2026-07-06 19:23:22,Consular,NEW DELHI,14 Jul 2026,2
2026-07-06 19:23:36,Consular,CHENNAI,22 Jul 2026,1
2026-07-06 19:23:36,Consular,NEW DELHI,14 Jul 2026,2
2026-07-06 19:23:50,Consular,CHENNAI,22 Jul 2026,1
2026-07-06 19:23:50,Consular,NEW DELHI,14 Jul 2026,2
2026-07-06 19:24:02,Consular,CHENNAI,22 Jul 2026,1
2026-07-06 19:24:02,Consular,NEW DELHI,14 Jul 2026,2
2026-07-06 19:24:18,Consular,CHENNAI,22 Jul 2026,1
2026-07-06 19:24:18,Consular,NEW DELHI,14 Jul 2026,2
2026-07-06 19:24:30,Consular,CHENNAI,22 Jul 2026,1
2026-07-06 19:24:30,Consular,NEW DELHI,14 Jul 2026,2
2026-07-06 19:24:46,Consular,CHENNAI,22 Jul 2026,1
2026-07-06 19:24:46,Consular,NEW DELHI,14 Jul 2026,2
2026-07-06 19:24:57,Consular,CHENNAI,22 Jul 2026,1
2026-07-06 19:24:57,Consular,NEW DELHI,14 Jul 2026,2
2026-07-06 19:25:11,Consular,CHENNAI,22 Jul 2026,1
2026-07-06 19:25:11,Consular,NEW DELHI,14 Jul 2026,2
2026-07-06 19:25:24,Consular,CHENNAI,22 Jul 2026,1
2026-07-06 19:25:24,Consular,NEW DELHI,14 Jul 2026,2
2026-07-06 19:25:39,Consular,CHENNAI,22 Jul 2026,1
2026-07-06 19:25:39,Consular,NEW DELHI,14 Jul 2026,2
2026-07-06 19:25:50,Consular,CHENNAI,22 Jul 2026,1
2026-07-06 19:25:50,OFC,MUMBAI VAC,04 Jan 2027,10
2026-07-06 19:25:50,Consular,NEW DELHI,14 Jul 2026,2
2026-07-06 19:25:50,OFC,NEW DELHI VAC,13 Jan 2027,1
2026-07-06 19:26:03,Consular,CHENNAI,22 Jul 2026,1
2026-07-06 19:26:03,OFC,HYDERABAD VAC,04 Nov 2026,1
2026-07-06 19:26:03,OFC,MUMBAI VAC,04 Jan 2027,10
2026-07-06 19:26:03,Consular,NEW DELHI,14 Jul 2026,2
2026-07-06 19:26:03,OFC,NEW DELHI VAC,13 Jan 2027,8
2026-07-06 19:26:17,Consular,CHENNAI,22 Jul 2026,1
2026-07-06 19:26:17,OFC,HYDERABAD VAC,04 Nov 2026,1
2026-07-06 19:26:17,OFC,MUMBAI VAC,04 Jan 2027,10
2026-07-06 19:26:17,Consular,NEW DELHI,14 Jul 2026,2
2026-07-06 19:26:17,OFC,NEW DELHI VAC,13 Jan 2027,15
2026-07-06 19:26:31,Consular,CHENNAI,22 Jul 2026,1
2026-07-06 19:26:31,OFC,MUMBAI VAC,06 Jan 2027,8
2026-07-06 19:26:31,Consular,NEW DELHI,14 Jul 2026,2
2026-07-06 19:26:31,OFC,NEW DELHI VAC,14 Jan 2027,13
2026-07-06 19:26:42,Consular,CHENNAI,22 Jul 2026,1
2026-07-06 19:26:42,Consular,NEW DELHI,14 Jul 2026,2
2026-07-06 19:26:42,OFC,NEW DELHI VAC,14 Jan 2027,13
2026-07-06 19:26:57,Consular,NEW DELHI,14 Jul 2026,2
2026-07-06 19:27:50,Consular,NEW DELHI,14 Jul 2026,2
2026-07-06 19:27:50,OFC,NEW DELHI VAC,01 Mar 2027,10
2026-07-06 19:28:03,Consular,NEW DELHI,14 Jul 2026,2
2026-07-06 19:28:03,OFC,NEW DELHI VAC,12 Mar 2027,9
2026-07-06 19:28:16,Consular,NEW DELHI,14 Jul 2026,2
2026-07-06 19:28:16,OFC,NEW DELHI VAC,12 Mar 2027,9
2026-07-06 19:28:30,Consular,NEW DELHI,14 Jul 2026,2
2026-07-06 19:28:30,OFC,NEW DELHI VAC,15 Mar 2027,1
2026-07-06 19:28:57,Consular,NEW DELHI,14 Jul 2026,2
2026-07-06 19:28:57,OFC,NEW DELHI VAC,15 Mar 2027,1
2026-07-06 19:29:12,Consular,NEW DELHI,14 Jul 2026,2
2026-07-06 19:29:12,OFC,NEW DELHI VAC,15 Mar 2027,1
2026-07-06 19:29:27,Consular,NEW DELHI,14 Jul 2026,2
2026-07-06 19:29:39,Consular,NEW DELHI,14 Jul 2026,2
2026-07-06 19:29:39,OFC,NEW DELHI VAC,15 Mar 2027,1
2026-07-06 19:30:04,Consular,NEW DELHI,14 Jul 2026,2
2026-07-06 19:30:04,OFC,NEW DELHI VAC,15 Mar 2027,1
2026-07-06 19:30:18,Consular,NEW DELHI,14 Jul 2026,2
2026-07-06 19:30:18,OFC,NEW DELHI VAC,09 Feb 2027,3
2026-07-06 19:31:27,OFC,CHENNAI VAC,29 Dec 2026,2
2026-07-06 19:31:27,OFC,NEW DELHI VAC,11 Dec 2026,4
2026-07-06 19:32:32,OFC,NEW DELHI VAC,26 Feb 2027,2
2026-07-06 19:33:08,OFC,NEW DELHI VAC,09 Feb 2027,3
2026-07-07 23:09:17,Consular,HYDERABAD,23 Jul 2026,2
2026-07-07 23:09:34,Consular,HYDERABAD,23 Jul 2026,2
2026-07-07 23:09:34,OFC,NEW DELHI VAC,12 Jul 2026,1
2026-07-07 23:09:59,Consular,NEW DELHI,14 Jul 2026,8
2026-07-07 23:10:13,Consular,HYDERABAD,23 Jul 2026,1
2026-07-07 23:10:13,Consular,NEW DELHI,14 Jul 2026,8
2026-07-07 23:10:27,Consular,HYDERABAD,23 Jul 2026,1
2026-07-07 23:10:27,Consular,NEW DELHI,15 Jul 2026,4
2026-07-07 23:10:42,Consular,NEW DELHI,15 Jul 2026,4
2026-07-07 23:10:55,Consular,NEW DELHI,15 Jul 2026,4
2026-07-07 23:11:08,Consular,NEW DELHI,15 Jul 2026,4
2026-07-07 23:11:22,Consular,NEW DELHI,15 Jul 2026,4
2026-07-07 23:11:51,Consular,HYDERABAD,23 Jul 2026,1
2026-07-07 23:12:07,Consular,HYDERABAD,23 Jul 2026,2
2026-07-07 23:12:07,Consular,NEW DELHI,14 Jul 2026,7
2026-07-07 23:12:24,Consular,NEW DELHI,14 Jul 2026,7
2026-07-07 23:12:39,Consular,HYDERABAD,23 Jul 2026,2
2026-07-07 23:12:39,Consular,NEW DELHI,14 Jul 2026,7
2026-07-07 23:12:51,Consular,NEW DELHI,14 Jul 2026,7
2026-07-07 23:12:51,OFC,NEW DELHI VAC,12 Jul 2026,1
2026-07-07 23:13:08,Consular,NEW DELHI,14 Jul 2026,7
2026-07-07 23:13:23,Consular,NEW DELHI,14 Jul 2026,7
2026-07-07 23:13:38,Consular,NEW DELHI,14 Jul 2026,7
2026-07-07 23:13:50,Consular,NEW DELHI,14 Jul 2026,7
2026-07-07 23:14:02,Consular,NEW DELHI,14 Jul 2026,7
2026-07-07 23:14:14,Consular,NEW DELHI,14 Jul 2026,7
2026-07-07 23:14:28,Consular,NEW DELHI,14 Jul 2026,7
2026-07-07 23:14:46,Consular,NEW DELHI,14 Jul 2026,7
2026-07-07 23:16:05,Consular,HYDERABAD,23 Jul 2026,2
2026-07-07 23:16:05,Consular,NEW DELHI,15 Jul 2026,4
2026-07-07 23:16:05,OFC,NEW DELHI VAC,09 Jul 2026,1
2026-07-07 23:16:19,Consular,HYDERABAD,23 Jul 2026,2
2026-07-07 23:16:19,Consular,NEW DELHI,15 Jul 2026,4
2026-07-07 23:16:19,OFC,NEW DELHI VAC,09 Jul 2026,1
2026-07-07 23:16:38,Consular,HYDERABAD,23 Jul 2026,2
2026-07-07 23:16:38,Consular,NEW DELHI,15 Jul 2026,4
2026-07-07 23:16:38,OFC,NEW DELHI VAC,09 Jul 2026,1
2026-07-07 23:16:52,Consular,HYDERABAD,23 Jul 2026,2
2026-07-07 23:16:52,Consular,NEW DELHI,15 Jul 2026,4
2026-07-07 23:17:04,Consular,HYDERABAD,23 Jul 2026,2
2026-07-07 23:17:04,Consular,NEW DELHI,15 Jul 2026,4
2026-07-07 23:17:16,Consular,HYDERABAD,23 Jul 2026,2
2026-07-07 23:17:16,Consular,NEW DELHI,15 Jul 2026,4
2026-07-07 23:17:30,Consular,HYDERABAD,23 Jul 2026,2
2026-07-07 23:17:30,Consular,NEW DELHI,14 Jul 2026,7
2026-07-07 23:17:45,Consular,HYDERABAD,23 Jul 2026,2
2026-07-07 23:17:45,Consular,NEW DELHI,14 Jul 2026,7
2026-07-07 23:17:59,Consular,HYDERABAD,23 Jul 2026,2
2026-07-07 23:17:59,Consular,NEW DELHI,14 Jul 2026,7
2026-07-07 23:18:13,Consular,HYDERABAD,23 Jul 2026,2
2026-07-07 23:18:13,Consular,NEW DELHI,14 Jul 2026,7
2026-07-07 23:18:25,Consular,HYDERABAD,23 Jul 2026,2
2026-07-07 23:18:25,Consular,NEW DELHI,14 Jul 2026,7
2026-07-07 23:18:25,OFC,NEW DELHI VAC,09 Jul 2026,1
2026-07-07 23:18:38,Consular,HYDERABAD,23 Jul 2026,2
2026-07-07 23:18:38,Consular,NEW DELHI,14 Jul 2026,7
2026-07-07 23:18:52,Consular,HYDERABAD,23 Jul 2026,2
2026-07-07 23:18:52,Consular,NEW DELHI,14 Jul 2026,7
2026-07-07 23:18:52,OFC,NEW DELHI VAC,12 Jul 2026,1
2026-07-07 23:19:08,Consular,HYDERABAD,23 Jul 2026,2
2026-07-07 23:19:08,Consular,NEW DELHI,14 Jul 2026,7
2026-07-07 23:19:19,Consular,HYDERABAD,23 Jul 2026,2
2026-07-07 23:19:19,Consular,NEW DELHI,14 Jul 2026,7
2026-07-07 23:19:33,Consular,HYDERABAD,23 Jul 2026,2
2026-07-07 23:19:33,Consular,NEW DELHI,17 Jul 2026,7
2026-07-07 23:19:48,Consular,HYDERABAD,23 Jul 2026,2
2026-07-07 23:19:48,Consular,NEW DELHI,17 Jul 2026,7
2026-07-07 23:20:03,Consular,HYDERABAD,23 Jul 2026,2
2026-07-07 23:20:03,Consular,NEW DELHI,17 Jul 2026,7
2026-07-07 23:20:14,Consular,HYDERABAD,23 Jul 2026,2
2026-07-07 23:20:14,Consular,NEW DELHI,17 Jul 2026,7
2026-07-07 23:20:27,Consular,HYDERABAD,23 Jul 2026,2
2026-07-07 23:20:27,Consular,NEW DELHI,14 Jul 2026,7
2026-07-07 23:20:41,Consular,HYDERABAD,23 Jul 2026,2
2026-07-07 23:20:41,Consular,NEW DELHI,14 Jul 2026,7
2026-07-07 23:20:55,Consular,HYDERABAD,23 Jul 2026,2
2026-07-07 23:20:55,Consular,NEW DELHI,14 Jul 2026,7
2026-07-07 23:21:10,Consular,HYDERABAD,23 Jul 2026,2
2026-07-07 23:21:10,Consular,NEW DELHI,14 Jul 2026,7
2026-07-07 23:21:21,Consular,NEW DELHI,14 Jul 2026,7
2026-07-07 23:21:21,OFC,NEW DELHI VAC,12 Jul 2026,1
2026-07-07 23:21:37,Consular,NEW DELHI,14 Jul 2026,7
2026-07-07 23:21:52,Consular,NEW DELHI,14 Jul 2026,7
2026-07-07 23:22:04,Consular,NEW DELHI,14 Jul 2026,7
2026-07-07 23:22:18,Consular,NEW DELHI,15 Jul 2026,4
2026-07-07 23:22:48,Consular,NEW DELHI,15 Jul 2026,4
2026-07-07 23:23:14,Consular,NEW DELHI,15 Jul 2026,4
2026-07-07 23:23:14,OFC,NEW DELHI VAC,09 Jul 2026,1
2026-07-07 23:23:25,Consular,NEW DELHI,15 Jul 2026,4
2026-07-07 23:25:12,Consular,NEW DELHI,15 Jul 2026,4
2026-07-07 23:25:26,Consular,NEW DELHI,15 Jul 2026,4
2026-07-07 23:25:41,Consular,NEW DELHI,15 Jul 2026,4
2026-07-07 23:25:53,OFC,MUMBAI VAC,11 Jan 2027,8
2026-07-07 23:25:53,Consular,NEW DELHI,15 Jul 2026,4
2026-07-07 23:26:07,OFC,HYDERABAD VAC,15 Dec 2026,2
2026-07-07 23:26:07,OFC,MUMBAI VAC,11 Jan 2027,8
2026-07-07 23:26:07,OFC,NEW DELHI VAC,09 Dec 2026,2
2026-07-07 23:26:19,OFC,CHENNAI VAC,13 Aug 2026,4
2026-07-07 23:26:19,OFC,HYDERABAD VAC,05 Nov 2026,4
2026-07-07 23:26:19,Consular,NEW DELHI,15 Jul 2026,4
2026-07-07 23:26:19,OFC,NEW DELHI VAC,09 Jul 2026,1
2026-07-07 23:26:31,OFC,CHENNAI VAC,29 Dec 2026,3
2026-07-07 23:26:31,OFC,HYDERABAD VAC,06 Nov 2026,3
2026-07-07 23:26:31,Consular,NEW DELHI,15 Jul 2026,4
2026-07-07 23:26:31,OFC,NEW DELHI VAC,03 Nov 2026,7
2026-07-07 23:26:45,OFC,CHENNAI VAC,29 Dec 2026,3
2026-07-07 23:26:45,OFC,HYDERABAD VAC,06 Nov 2026,3
2026-07-07 23:26:45,Consular,NEW DELHI,05 Jan 2027,1
2026-07-07 23:26:45,OFC,NEW DELHI VAC,13 Jan 2027,6
2026-07-07 23:26:58,OFC,CHENNAI VAC,29 Dec 2026,3
2026-07-07 23:26:58,OFC,HYDERABAD VAC,06 Nov 2026,3
2026-07-07 23:26:58,OFC,MUMBAI VAC,11 Dec 2026,10
2026-07-07 23:26:58,Consular,NEW DELHI,05 Jan 2027,1
2026-07-07 23:27:12,OFC,CHENNAI VAC,29 Dec 2026,3
2026-07-07 23:27:12,OFC,HYDERABAD VAC,06 Nov 2026,3
2026-07-07 23:27:12,OFC,MUMBAI VAC,11 Jan 2027,8
2026-07-07 23:27:26,OFC,CHENNAI VAC,29 Dec 2026,2
2026-07-07 23:27:26,OFC,HYDERABAD VAC,15 Dec 2026,2
2026-07-07 23:27:26,Consular,NEW DELHI,05 Jan 2027,1
2026-07-07 23:27:26,OFC,NEW DELHI VAC,09 Jul 2026,1
2026-07-07 23:27:41,OFC,CHENNAI VAC,29 Dec 2026,2
2026-07-07 23:27:41,OFC,HYDERABAD VAC,15 Dec 2026,2
2026-07-07 23:27:41,Consular,NEW DELHI,05 Jan 2027,1
2026-07-07 23:27:41,OFC,NEW DELHI VAC,20 Jan 2027,4
2026-07-07 23:27:54,OFC,CHENNAI VAC,29 Dec 2026,2
2026-07-07 23:27:54,OFC,HYDERABAD VAC,15 Dec 2026,2
2026-07-07 23:27:54,OFC,MUMBAI VAC,11 Jan 2027,8
2026-07-07 23:27:54,Consular,NEW DELHI,05 Jan 2027,1
2026-07-07 23:27:54,OFC,NEW DELHI VAC,09 Jul 2026,1
2026-07-07 23:28:09,OFC,CHENNAI VAC,29 Dec 2026,2
2026-07-07 23:28:09,OFC,HYDERABAD VAC,15 Dec 2026,2
2026-07-07 23:28:09,Consular,NEW DELHI,05 Jan 2027,1
2026-07-07 23:28:09,OFC,NEW DELHI VAC,12 Jul 2026,3
2026-07-07 23:28:27,Consular,NEW DELHI,14 Jul 2026,5
2026-07-07 23:28:43,OFC,CHENNAI VAC,29 Dec 2026,2
2026-07-07 23:28:43,OFC,HYDERABAD VAC,21 Dec 2026,1
2026-07-07 23:28:43,OFC,NEW DELHI VAC,01 Mar 2027,2
2026-07-07 23:28:55,Consular,NEW DELHI,05 Jan 2027,1
2026-07-07 23:28:55,OFC,NEW DELHI VAC,01 Mar 2027,2
2026-07-07 23:29:09,OFC,NEW DELHI VAC,09 Jul 2026,1
2026-07-07 23:33:29,Consular,NEW DELHI,14 Jul 2026,7
2026-07-07 23:39:34,OFC,NEW DELHI VAC,10 Jul 2026,1
2026-07-07 23:40:21,Consular,NEW DELHI,15 Jul 2026,8
2026-07-07 23:40:32,Consular,NEW DELHI,15 Jul 2026,8
2026-07-07 23:40:44,Consular,NEW DELHI,15 Jul 2026,8
2026-07-07 23:40:57,Consular,NEW DELHI,15 Jul 2026,8
2026-07-07 23:41:08,Consular,NEW DELHI,15 Jul 2026,8
2026-07-07 23:41:33,OFC,NEW DELHI VAC,10 Jul 2026,1
2026-07-07 23:41:51,OFC,NEW DELHI VAC,10 Jul 2026,1
2026-07-07 23:44:36,Consular,NEW DELHI,14 Jul 2026,4
2026-07-07 23:44:52,Consular,HYDERABAD,23 Jul 2026,1
2026-07-07 23:44:52,Consular,NEW DELHI,14 Jul 2026,4
2026-07-07 23:45:05,Consular,NEW DELHI,14 Jul 2026,4
2026-07-07 23:45:17,Consular,NEW DELHI,14 Jul 2026,4
2026-07-07 23:45:29,Consular,NEW DELHI,14 Jul 2026,4
2026-07-07 23:45:44,Consular,HYDERABAD,23 Jul 2026,1
2026-07-07 23:45:44,Consular,NEW DELHI,15 Jul 2026,4
2026-07-07 23:45:58,Consular,HYDERABAD,23 Jul 2026,1
2026-07-07 23:45:58,Consular,NEW DELHI,14 Jul 2026,8
2026-07-07 23:46:13,Consular,HYDERABAD,23 Jul 2026,1
2026-07-07 23:46:13,Consular,NEW DELHI,14 Jul 2026,8
2026-07-07 23:46:30,Consular,HYDERABAD,23 Jul 2026,1
2026-07-07 23:46:30,Consular,NEW DELHI,15 Jul 2026,4
2026-07-07 23:46:48,Consular,HYDERABAD,23 Jul 2026,1
2026-07-07 23:46:48,Consular,NEW DELHI,15 Jul 2026,4
2026-07-07 23:46:59,Consular,HYDERABAD,23 Jul 2026,1
2026-07-07 23:46:59,Consular,NEW DELHI,15 Jul 2026,4
2026-07-07 23:47:14,Consular,HYDERABAD,23 Jul 2026,1
2026-07-07 23:47:14,Consular,NEW DELHI,15 Jul 2026,4
2026-07-07 23:47:25,Consular,HYDERABAD,23 Jul 2026,1
2026-07-07 23:47:25,Consular,NEW DELHI,15 Jul 2026,4
2026-07-07 23:47:36,Consular,HYDERABAD,23 Jul 2026,1
2026-07-07 23:47:36,Consular,NEW DELHI,15 Jul 2026,4
2026-07-07 23:47:51,Consular,HYDERABAD,23 Jul 2026,1
2026-07-07 23:47:51,Consular,NEW DELHI,15 Jul 2026,4
2026-07-07 23:48:05,Consular,HYDERABAD,23 Jul 2026,1
2026-07-07 23:48:05,Consular,NEW DELHI,15 Jul 2026,4
2026-07-07 23:48:19,Consular,HYDERABAD,23 Jul 2026,1
2026-07-07 23:48:19,Consular,NEW DELHI,15 Jul 2026,4
2026-07-07 23:48:34,Consular,HYDERABAD,23 Jul 2026,1
2026-07-07 23:48:34,OFC,NEW DELHI VAC,10 Jul 2026,1
2026-07-08 00:13:48,Consular,NEW DELHI,15 Jul 2026,2
2026-07-08 00:13:48,OFC,NEW DELHI VAC,10 Jul 2026,1
2026-07-08 00:14:04,Consular,NEW DELHI,15 Jul 2026,2
2026-07-08 00:14:04,OFC,NEW DELHI VAC,10 Jul 2026,1
2026-07-08 00:14:19,Consular,NEW DELHI,15 Jul 2026,2
2026-07-08 00:14:19,OFC,NEW DELHI VAC,10 Jul 2026,1
2026-07-08 00:14:32,OFC,NEW DELHI VAC,10 Jul 2026,1
2026-07-08 00:14:47,OFC,NEW DELHI VAC,10 Jul 2026,1
2026-07-08 00:15:00,OFC,NEW DELHI VAC,10 Jul 2026,1
2026-07-08 00:15:15,OFC,NEW DELHI VAC,10 Jul 2026,1
2026-07-08 00:15:26,OFC,NEW DELHI VAC,10 Jul 2026,1
2026-07-08 00:15:41,Consular,NEW DELHI,14 Jul 2026,3
2026-07-08 00:15:41,OFC,NEW DELHI VAC,10 Jul 2026,1
2026-07-08 00:15:53,Consular,NEW DELHI,14 Jul 2026,3
2026-07-08 00:15:53,OFC,NEW DELHI VAC,10 Jul 2026,1
2026-07-08 00:16:05,Consular,NEW DELHI,14 Jul 2026,3
2026-07-08 00:16:05,OFC,NEW DELHI VAC,10 Jul 2026,1
2026-07-08 00:16:16,Consular,NEW DELHI,14 Jul 2026,3
2026-07-08 00:16:16,OFC,NEW DELHI VAC,10 Jul 2026,1
2026-07-08 00:16:29,Consular,NEW DELHI,14 Jul 2026,3
2026-07-08 00:16:29,OFC,NEW DELHI VAC,10 Jul 2026,1
2026-07-08 00:16:40,OFC,NEW DELHI VAC,10 Jul 2026,1
2026-07-08 00:16:55,Consular,NEW DELHI,14 Jul 2026,3
2026-07-08 00:16:55,OFC,NEW DELHI VAC,10 Jul 2026,1
2026-07-08 00:17:07,Consular,NEW DELHI,15 Jul 2026,2
2026-07-08 00:17:07,OFC,NEW DELHI VAC,10 Jul 2026,1
2026-07-08 00:17:20,Consular,NEW DELHI,15 Jul 2026,2
2026-07-08 00:17:20,OFC,NEW DELHI VAC,10 Jul 2026,1
2026-07-08 00:17:34,Consular,NEW DELHI,15 Jul 2026,2
2026-07-08 00:17:47,Consular,NEW DELHI,14 Jul 2026,3
2026-07-08 00:17:47,OFC,NEW DELHI VAC,10 Jul 2026,1
2026-07-08 00:17:59,Consular,NEW DELHI,14 Jul 2026,3
2026-07-08 00:23:22,Consular,NEW DELHI,14 Jul 2026,3
2026-07-08 00:25:24,Consular,NEW DELHI,14 Jul 2026,3
2026-07-08 00:32:10,OFC,CHENNAI VAC,04 Mar 2027,4
2026-07-08 00:32:10,Consular,NEW DELHI,15 Jul 2026,2
2026-07-08 00:34:43,Consular,MUMBAI,13 Aug 2026,1
2026-07-08 00:34:43,Consular,NEW DELHI,14 Jul 2026,3
2026-07-08 00:34:57,Consular,MUMBAI,13 Aug 2026,1
2026-07-08 00:34:57,Consular,NEW DELHI,14 Jul 2026,3
2026-07-08 00:35:12,Consular,MUMBAI,13 Aug 2026,1
2026-07-08 00:35:12,Consular,NEW DELHI,14 Jul 2026,3
2026-07-08 00:35:27,Consular,MUMBAI,13 Aug 2026,1
2026-07-08 00:35:27,Consular,NEW DELHI,15 Jul 2026,2
2026-07-08 00:35:40,Consular,MUMBAI,13 Aug 2026,1
2026-07-08 00:35:40,Consular,NEW DELHI,15 Jul 2026,2
2026-07-08 00:35:55,Consular,MUMBAI,13 Aug 2026,1
2026-07-08 00:35:55,Consular,NEW DELHI,15 Jul 2026,2
2026-07-08 00:36:09,Consular,MUMBAI,13 Aug 2026,1
2026-07-08 00:36:09,Consular,NEW DELHI,15 Jul 2026,2
2026-07-08 00:36:22,Consular,MUMBAI,13 Aug 2026,1
2026-07-08 00:36:22,Consular,NEW DELHI,15 Jul 2026,2
2026-07-08 00:36:34,Consular,MUMBAI,13 Aug 2026,1
2026-07-08 00:36:34,Consular,NEW DELHI,15 Jul 2026,2
2026-07-08 00:36:49,Consular,NEW DELHI,15 Jul 2026,2
2026-07-08 00:37:00,Consular,NEW DELHI,15 Jul 2026,2
2026-07-08 00:37:13,Consular,NEW DELHI,15 Jul 2026,2
2026-07-08 00:37:26,Consular,NEW DELHI,15 Jul 2026,2
2026-07-08 00:37:38,Consular,NEW DELHI,15 Jul 2026,2
2026-07-08 00:37:52,Consular,NEW DELHI,15 Jul 2026,2
2026-07-08 00:38:04,Consular,NEW DELHI,15 Jul 2026,2
2026-07-08 00:38:16,Consular,NEW DELHI,15 Jul 2026,2
2026-07-08 00:38:28,Consular,NEW DELHI,15 Jul 2026,2
2026-07-08 00:38:42,Consular,NEW DELHI,15 Jul 2026,2
2026-07-08 00:38:56,Consular,NEW DELHI,14 Jul 2026,2
2026-07-08 00:39:11,Consular,NEW DELHI,14 Jul 2026,2
2026-07-08 00:39:25,Consular,NEW DELHI,14 Jul 2026,2
2026-07-08 00:39:40,Consular,NEW DELHI,14 Jul 2026,2
2026-07-08 00:43:09,Consular,NEW DELHI,15 Jul 2026,2
2026-07-08 00:43:21,Consular,NEW DELHI,15 Jul 2026,2
2026-07-08 00:43:35,Consular,NEW DELHI,15 Jul 2026,2
2026-07-08 00:43:47,Consular,NEW DELHI,15 Jul 2026,2
2026-07-08 00:44:02,Consular,NEW DELHI,15 Jul 2026,2
2026-07-08 00:44:18,Consular,NEW DELHI,15 Jul 2026,2
2026-07-08 00:44:32,Consular,NEW DELHI,15 Jul 2026,2
2026-07-08 00:44:45,Consular,NEW DELHI,14 Jul 2026,3
2026-07-08 00:44:56,Consular,NEW DELHI,14 Jul 2026,3
2026-07-08 00:45:10,Consular,NEW DELHI,14 Jul 2026,3
2026-07-08 00:45:23,Consular,NEW DELHI,14 Jul 2026,3
2026-07-08 00:45:38,Consular,NEW DELHI,14 Jul 2026,3
2026-07-08 00:45:52,Consular,NEW DELHI,14 Jul 2026,3
2026-07-08 00:46:04,Consular,NEW DELHI,14 Jul 2026,3
2026-07-08 00:46:19,Consular,NEW DELHI,14 Jul 2026,3
2026-07-08 00:46:32,Consular,NEW DELHI,14 Jul 2026,3
2026-07-08 00:46:44,Consular,NEW DELHI,14 Jul 2026,3
2026-07-08 00:46:56,Consular,NEW DELHI,14 Jul 2026,3
2026-07-08 00:47:09,Consular,NEW DELHI,14 Jul 2026,3
2026-07-08 00:47:23,Consular,NEW DELHI,14 Jul 2026,3
2026-07-08 00:47:34,Consular,NEW DELHI,14 Jul 2026,3
2026-07-08 00:47:50,Consular,NEW DELHI,14 Jul 2026,3
2026-07-08 00:48:04,Consular,NEW DELHI,14 Jul 2026,3
2026-07-08 00:48:16,Consular,NEW DELHI,14 Jul 2026,3
2026-07-08 00:59:07,OFC,CHENNAI VAC,02 Mar 2027,1
2026-07-08 00:59:07,Consular,NEW DELHI,14 Sep 2026,1
2026-07-08 00:59:19,OFC,CHENNAI VAC,02 Mar 2027,1
2026-07-08 00:59:19,Consular,NEW DELHI,14 Sep 2026,1
2026-07-08 00:59:33,OFC,CHENNAI VAC,02 Mar 2027,1
2026-07-08 00:59:33,Consular,NEW DELHI,14 Sep 2026,1
2026-07-08 00:59:47,Consular,NEW DELHI,14 Sep 2026,1
2026-07-08 01:00:02,OFC,CHENNAI VAC,02 Mar 2027,1
2026-07-08 01:00:02,Consular,NEW DELHI,14 Sep 2026,1
2026-07-08 01:00:16,Consular,NEW DELHI,14 Sep 2026,1
2026-07-08 01:00:31,Consular,NEW DELHI,14 Sep 2026,1
2026-07-08 01:00:43,Consular,NEW DELHI,14 Sep 2026,1
2026-07-08 01:00:59,Consular,NEW DELHI,14 Sep 2026,1
2026-07-08 01:01:13,Consular,NEW DELHI,14 Sep 2026,1
2026-07-08 01:01:25,Consular,NEW DELHI,14 Sep 2026,1
2026-07-08 01:01:39,Consular,NEW DELHI,14 Sep 2026,1
2026-07-08 01:01:54,Consular,NEW DELHI,14 Sep 2026,1
2026-07-08 01:01:54,OFC,NEW DELHI VAC,10 Jul 2026,5
2026-07-08 01:02:18,Consular,NEW DELHI,14 Sep 2026,1
2026-07-08 01:02:30,Consular,NEW DELHI,14 Sep 2026,1
2026-07-08 01:02:42,Consular,NEW DELHI,14 Sep 2026,1
2026-07-08 01:02:57,Consular,NEW DELHI,14 Sep 2026,1
2026-07-08 01:03:12,Consular,NEW DELHI,14 Sep 2026,1
2026-07-08 01:03:27,Consular,NEW DELHI,14 Sep 2026,1
2026-07-08 01:03:49,Consular,NEW DELHI,14 Sep 2026,1
2026-07-08 01:03:49,OFC,NEW DELHI VAC,10 Jul 2026,5
2026-07-08 01:04:17,Consular,NEW DELHI,14 Sep 2026,1
2026-07-08 01:04:33,Consular,NEW DELHI,14 Sep 2026,1
2026-07-08 01:04:48,Consular,NEW DELHI,14 Sep 2026,1
2026-07-08 01:05:01,Consular,NEW DELHI,14 Sep 2026,1
2026-07-08 01:05:01,OFC,NEW DELHI VAC,10 Jul 2026,5
2026-07-08 01:05:40,Consular,NEW DELHI,14 Sep 2026,1
2026-07-08 01:05:55,Consular,NEW DELHI,14 Sep 2026,1
2026-07-08 01:06:10,Consular,NEW DELHI,14 Sep 2026,1
2026-07-08 01:06:10,OFC,NEW DELHI VAC,10 Jul 2026,5
2026-07-08 01:06:38,Consular,NEW DELHI,14 Sep 2026,1
2026-07-09 14:08:51,Consular,NEW DELHI,15 Jul 2026,2
2026-07-09 14:09:04,Consular,NEW DELHI,15 Jul 2026,2
2026-07-09 14:09:15,Consular,NEW DELHI,15 Jul 2026,2
2026-07-09 14:21:28,Consular,NEW DELHI,15 Jul 2026,2
2026-07-09 14:22:22,Consular,NEW DELHI,15 Jul 2026,2
2026-07-09 14:23:35,Consular,NEW DELHI,15 Jul 2026,2
2026-07-09 14:43:38,Consular,HYDERABAD,16 Jul 2026,6
2026-07-09 14:43:38,Consular,KOLKATA,15 Jul 2026,1
2026-07-09 14:43:38,Consular,NEW DELHI,15 Jul 2026,2
2026-07-09 14:44:08,Consular,HYDERABAD,16 Jul 2026,6
2026-07-09 14:44:08,Consular,KOLKATA,15 Jul 2026,1
2026-07-09 14:44:08,Consular,NEW DELHI,15 Jul 2026,2
2026-07-09 14:44:26,Consular,HYDERABAD,16 Jul 2026,6
2026-07-09 14:44:26,Consular,KOLKATA,15 Jul 2026,1
2026-07-09 14:44:26,Consular,NEW DELHI,15 Jul 2026,2
2026-07-09 14:44:43,Consular,KOLKATA,15 Jul 2026,1
2026-07-09 14:44:43,Consular,NEW DELHI,15 Jul 2026,2
2026-07-09 14:45:03,Consular,KOLKATA,15 Jul 2026,1
2026-07-09 14:45:03,Consular,NEW DELHI,15 Jul 2026,2
2026-07-09 14:45:16,Consular,KOLKATA,15 Jul 2026,1
2026-07-09 14:45:16,Consular,NEW DELHI,15 Jul 2026,2
2026-07-09 14:45:33,Consular,KOLKATA,15 Jul 2026,1
2026-07-09 14:45:33,Consular,NEW DELHI,15 Jul 2026,2
2026-07-09 14:45:45,Consular,KOLKATA,15 Jul 2026,1
2026-07-09 14:45:45,Consular,NEW DELHI,15 Jul 2026,2
2026-07-09 14:45:58,Consular,KOLKATA,15 Jul 2026,1
2026-07-09 14:45:58,Consular,NEW DELHI,15 Jul 2026,2
2026-07-09 14:46:12,Consular,KOLKATA,15 Jul 2026,1
2026-07-09 14:46:12,Consular,NEW DELHI,15 Jul 2026,2
2026-07-09 14:46:25,Consular,KOLKATA,15 Jul 2026,1
2026-07-09 14:46:25,Consular,NEW DELHI,15 Jul 2026,2
2026-07-09 14:46:40,Consular,KOLKATA,15 Jul 2026,1
2026-07-09 14:46:40,Consular,NEW DELHI,15 Jul 2026,2
2026-07-09 14:46:55,Consular,KOLKATA,15 Jul 2026,1
2026-07-09 14:46:55,Consular,NEW DELHI,15 Jul 2026,2
2026-07-09 14:47:09,Consular,KOLKATA,15 Jul 2026,1
2026-07-09 14:47:09,Consular,NEW DELHI,15 Jul 2026,2
2026-07-09 14:47:22,Consular,KOLKATA,15 Jul 2026,1
2026-07-09 14:47:22,Consular,NEW DELHI,15 Jul 2026,2
2026-07-09 14:47:38,Consular,KOLKATA,15 Jul 2026,1
2026-07-09 14:48:34,Consular,NEW DELHI,15 Jul 2026,2
2026-07-09 14:48:46,Consular,HYDERABAD,16 Jul 2026,6
2026-07-09 14:48:46,Consular,NEW DELHI,15 Jul 2026,2
2026-07-09 14:49:02,Consular,HYDERABAD,16 Jul 2026,6
2026-07-09 14:49:02,Consular,NEW DELHI,15 Jul 2026,2
2026-07-09 14:49:30,Consular,HYDERABAD,16 Jul 2026,6
2026-07-09 14:49:30,Consular,NEW DELHI,15 Jul 2026,2
2026-07-09 14:49:44,Consular,HYDERABAD,16 Jul 2026,6
2026-07-09 14:49:44,Consular,NEW DELHI,15 Jul 2026,2
2026-07-09 14:50:13,Consular,HYDERABAD,16 Jul 2026,6
2026-07-09 14:50:13,Consular,NEW DELHI,15 Jul 2026,2
2026-07-09 14:51:05,Consular,NEW DELHI,15 Jul 2026,2
2026-07-09 14:51:19,Consular,NEW DELHI,15 Jul 2026,2
2026-07-09 14:52:08,Consular,NEW DELHI,15 Jul 2026,2
2026-07-09 14:58:28,Consular,NEW DELHI,15 Jul 2026,2
2026-07-09 14:59:48,Consular,NEW DELHI,15 Jul 2026,2
2026-07-09 15:00:17,OFC,CHENNAI VAC,01 Mar 2027,11
2026-07-09 15:00:17,OFC,NEW DELHI VAC,01 Mar 2027,15
2026-07-09 15:00:29,OFC,CHENNAI VAC,01 Mar 2027,11
2026-07-09 15:00:29,Consular,NEW DELHI,15 Jul 2026,3
2026-07-09 15:00:29,OFC,NEW DELHI VAC,01 Mar 2027,15
2026-07-09 15:01:00,OFC,CHENNAI VAC,01 Mar 2027,11
2026-07-09 15:01:00,Consular,NEW DELHI,15 Jul 2026,3
2026-07-09 15:01:00,OFC,NEW DELHI VAC,02 Mar 2027,14
2026-07-09 15:01:15,OFC,CHENNAI VAC,01 Mar 2027,11
2026-07-09 15:01:15,OFC,NEW DELHI VAC,02 Mar 2027,14
2026-07-09 15:01:28,OFC,CHENNAI VAC,01 Mar 2027,11
2026-07-09 15:01:28,Consular,NEW DELHI,15 Jul 2026,2
2026-07-09 15:01:28,OFC,NEW DELHI VAC,02 Mar 2027,14
2026-07-09 15:01:40,Consular,NEW DELHI,15 Jul 2026,2
2026-07-09 15:01:40,OFC,NEW DELHI VAC,02 Mar 2027,14
2026-07-09 15:01:53,Consular,NEW DELHI,15 Jul 2026,2
2026-07-09 15:02:06,OFC,CHENNAI VAC,01 Mar 2027,11
2026-07-09 15:02:20,OFC,CHENNAI VAC,01 Mar 2027,11
2026-07-09 15:02:20,OFC,NEW DELHI VAC,02 Mar 2027,14
2026-07-09 15:08:36,Consular,NEW DELHI,15 Jul 2026,2
2026-07-09 15:08:57,Consular,NEW DELHI,15 Jul 2026,2
2026-07-09 15:09:23,Consular,NEW DELHI,15 Jul 2026,2
2026-07-09 15:09:42,Consular,NEW DELHI,15 Jul 2026,2
2026-07-09 15:10:02,Consular,NEW DELHI,15 Jul 2026,2
2026-07-09 15:10:21,Consular,NEW DELHI,15 Jul 2026,2
2026-07-09 15:10:39,Consular,NEW DELHI,15 Jul 2026,2
2026-07-09 15:11:06,Consular,NEW DELHI,15 Jul 2026,2
2026-07-09 15:13:14,Consular,NEW DELHI,15 Jul 2026,2
2026-07-09 15:13:42,Consular,NEW DELHI,15 Jul 2026,2
2026-07-09 15:13:58,Consular,NEW DELHI,15 Jul 2026,2
2026-07-09 15:14:13,Consular,NEW DELHI,15 Jul 2026,2
2026-07-09 15:14:27,Consular,NEW DELHI,15 Jul 2026,2
2026-07-09 15:14:40,Consular,NEW DELHI,15 Jul 2026,2
2026-07-09 15:14:58,Consular,NEW DELHI,15 Jul 2026,2
2026-07-09 15:15:14,Consular,NEW DELHI,15 Jul 2026,2
2026-07-09 15:15:41,Consular,NEW DELHI,15 Jul 2026,2
2026-07-09 15:16:00,Consular,NEW DELHI,15 Jul 2026,2
2026-07-09 15:17:14,Consular,NEW DELHI,15 Jul 2026,2
2026-07-09 15:17:32,Consular,NEW DELHI,15 Jul 2026,2
2026-07-09 15:17:46,Consular,NEW DELHI,15 Jul 2026,2
2026-07-09 15:18:04,Consular,NEW DELHI,15 Jul 2026,2
2026-07-09 15:18:22,Consular,NEW DELHI,15 Jul 2026,2
2026-07-09 15:18:39,Consular,NEW DELHI,15 Jul 2026,2
2026-07-09 15:20:14,Consular,NEW DELHI,15 Jul 2026,2
2026-07-09 15:20:29,Consular,NEW DELHI,15 Jul 2026,2
2026-07-09 15:20:41,Consular,NEW DELHI,15 Jul 2026,2
2026-07-09 15:20:53,Consular,NEW DELHI,15 Jul 2026,2
2026-07-09 15:21:05,Consular,NEW DELHI,15 Jul 2026,2
2026-07-09 15:21:22,Consular,NEW DELHI,15 Jul 2026,2
2026-07-09 15:21:36,Consular,NEW DELHI,15 Jul 2026,2
2026-07-09 15:21:51,Consular,NEW DELHI,15 Jul 2026,2
2026-07-09 15:22:07,Consular,NEW DELHI,15 Jul 2026,2
2026-07-09 15:22:18,Consular,NEW DELHI,15 Jul 2026,2
2026-07-09 15:22:32,Consular,NEW DELHI,15 Jul 2026,2
2026-07-09 15:22:46,Consular,NEW DELHI,15 Jul 2026,2
2026-07-09 15:22:59,Consular,NEW DELHI,15 Jul 2026,2
2026-07-09 15:23:14,Consular,NEW DELHI,15 Jul 2026,3
2026-07-09 15:23:27,Consular,NEW DELHI,15 Jul 2026,3
2026-07-09 15:23:39,Consular,NEW DELHI,15 Jul 2026,3
2026-07-09 15:23:52,Consular,NEW DELHI,15 Jul 2026,3
2026-07-09 15:24:08,Consular,NEW DELHI,15 Jul 2026,3
2026-07-09 15:24:21,Consular,NEW DELHI,15 Jul 2026,3
2026-07-09 15:24:34,Consular,NEW DELHI,15 Jul 2026,3
2026-07-09 15:24:49,Consular,NEW DELHI,15 Jul 2026,3
2026-07-09 15:25:02,Consular,NEW DELHI,15 Jul 2026,3
2026-07-09 15:25:15,Consular,NEW DELHI,15 Jul 2026,3
2026-07-11 03:09:21,Consular,KOLKATA,25 Nov 2026,1
2026-07-11 03:09:21,OFC,MUMBAI VAC,12 Feb 2027,9
2026-07-11 03:09:21,OFC,NEW DELHI VAC,03 Mar 2027,6
2026-07-11 03:09:36,Consular,KOLKATA,25 Nov 2026,1
2026-07-11 03:09:36,OFC,MUMBAI VAC,12 Feb 2027,9
2026-07-11 03:09:36,OFC,NEW DELHI VAC,03 Mar 2027,6
2026-07-11 03:09:49,Consular,KOLKATA,25 Nov 2026,1
2026-07-11 03:09:49,OFC,MUMBAI VAC,12 Feb 2027,9
2026-07-11 03:09:49,OFC,NEW DELHI VAC,03 Mar 2027,6
2026-07-11 03:10:01,Consular,KOLKATA,25 Nov 2026,1
2026-07-11 03:10:01,OFC,MUMBAI VAC,19 Feb 2027,8
2026-07-11 03:10:01,OFC,NEW DELHI VAC,03 Mar 2027,6
2026-07-11 03:10:16,Consular,KOLKATA,25 Nov 2026,1
2026-07-11 03:10:16,OFC,MUMBAI VAC,19 Feb 2027,8
2026-07-11 03:10:16,OFC,NEW DELHI VAC,03 Mar 2027,6
2026-07-11 03:10:27,Consular,KOLKATA,25 Nov 2026,1
2026-07-11 03:10:27,OFC,MUMBAI VAC,19 Feb 2027,8
2026-07-11 03:10:27,OFC,NEW DELHI VAC,03 Mar 2027,6
2026-07-11 03:10:38,Consular,KOLKATA,25 Nov 2026,1
2026-07-11 03:10:38,OFC,MUMBAI VAC,19 Feb 2027,8
2026-07-11 03:10:38,OFC,NEW DELHI VAC,03 Mar 2027,6
2026-07-11 03:10:55,Consular,KOLKATA,25 Nov 2026,1
2026-07-11 03:10:55,OFC,MUMBAI VAC,19 Feb 2027,8
2026-07-11 03:10:55,OFC,NEW DELHI VAC,01 Mar 2027,11
2026-07-11 03:11:10,Consular,KOLKATA,25 Nov 2026,1
2026-07-11 03:11:10,OFC,MUMBAI VAC,19 Feb 2027,8
2026-07-11 03:11:10,OFC,NEW DELHI VAC,01 Mar 2027,11
2026-07-11 03:11:25,OFC,HYDERABAD VAC,06 Nov 2026,10
2026-07-11 03:11:25,Consular,KOLKATA,25 Nov 2026,1
2026-07-11 03:11:25,OFC,MUMBAI VAC,19 Feb 2027,8
2026-07-11 03:11:25,OFC,NEW DELHI VAC,01 Mar 2027,11
2026-07-11 03:11:37,OFC,HYDERABAD VAC,06 Nov 2026,10
2026-07-11 03:11:37,Consular,KOLKATA,25 Nov 2026,1
2026-07-11 03:11:37,OFC,MUMBAI VAC,19 Feb 2027,8
2026-07-11 03:11:37,OFC,NEW DELHI VAC,01 Mar 2027,11
2026-07-11 03:11:52,OFC,HYDERABAD VAC,06 Nov 2026,10
2026-07-11 03:11:52,Consular,KOLKATA,25 Nov 2026,1
2026-07-11 03:11:52,OFC,MUMBAI VAC,19 Feb 2027,8
2026-07-11 03:11:52,OFC,NEW DELHI VAC,01 Mar 2027,11
2026-07-11 03:12:03,OFC,HYDERABAD VAC,06 Nov 2026,10
2026-07-11 03:12:03,Consular,KOLKATA,25 Nov 2026,1
2026-07-11 03:12:03,OFC,MUMBAI VAC,19 Feb 2027,8
2026-07-11 03:12:03,OFC,NEW DELHI VAC,01 Mar 2027,11
2026-07-11 03:12:15,OFC,HYDERABAD VAC,06 Nov 2026,10
2026-07-11 03:12:15,Consular,KOLKATA,25 Nov 2026,1
2026-07-11 03:12:15,OFC,MUMBAI VAC,19 Feb 2027,8
2026-07-11 03:12:15,OFC,NEW DELHI VAC,01 Mar 2027,11
2026-07-11 03:12:29,OFC,HYDERABAD VAC,06 Nov 2026,10
2026-07-11 03:12:29,Consular,KOLKATA,25 Nov 2026,1
2026-07-11 03:12:29,OFC,MUMBAI VAC,19 Feb 2027,8
2026-07-11 03:12:29,OFC,NEW DELHI VAC,01 Mar 2027,11
2026-07-11 03:12:41,OFC,HYDERABAD VAC,06 Nov 2026,10
2026-07-11 03:12:41,Consular,KOLKATA,25 Nov 2026,1
2026-07-11 03:12:41,OFC,MUMBAI VAC,19 Feb 2027,8
2026-07-11 03:12:41,OFC,NEW DELHI VAC,01 Mar 2027,11
2026-07-11 03:12:56,OFC,HYDERABAD VAC,06 Nov 2026,10
2026-07-11 03:12:56,Consular,KOLKATA,25 Nov 2026,1
2026-07-11 03:12:56,OFC,MUMBAI VAC,19 Feb 2027,8
2026-07-11 03:12:56,OFC,NEW DELHI VAC,01 Mar 2027,11
2026-07-11 03:13:08,OFC,HYDERABAD VAC,06 Nov 2026,10
2026-07-11 03:13:08,Consular,KOLKATA,25 Nov 2026,1
2026-07-11 03:13:08,OFC,MUMBAI VAC,19 Feb 2027,8
2026-07-11 03:13:08,OFC,NEW DELHI VAC,01 Mar 2027,11
2026-07-11 03:13:22,OFC,HYDERABAD VAC,06 Nov 2026,10
2026-07-11 03:13:22,Consular,KOLKATA,25 Nov 2026,1
2026-07-11 03:13:34,Consular,KOLKATA,25 Nov 2026,1
2026-07-11 03:13:34,OFC,MUMBAI VAC,22 Feb 2027,7
2026-07-11 03:13:47,Consular,KOLKATA,25 Nov 2026,1
2026-07-11 03:13:47,OFC,MUMBAI VAC,22 Feb 2027,7
2026-07-11 03:13:59,Consular,KOLKATA,25 Nov 2026,1
2026-07-11 03:13:59,OFC,MUMBAI VAC,22 Feb 2027,7
2026-07-11 03:14:15,Consular,KOLKATA,25 Nov 2026,1
2026-07-11 03:14:15,OFC,MUMBAI VAC,22 Feb 2027,7
2026-07-11 03:38:12,OFC,CHENNAI VAC,18 Mar 2027,1
2026-07-11 03:38:12,OFC,MUMBAI VAC,08 Feb 2027,17
2026-07-11 03:38:12,OFC,NEW DELHI VAC,08 Feb 2027,18
2026-07-11 03:49:23,OFC,NEW DELHI VAC,03 Mar 2027,14
2026-07-11 04:27:22,OFC,CHENNAI VAC,08 Dec 2026,2
2026-07-11 04:27:22,OFC,MUMBAI VAC,04 Feb 2027,16
2026-07-11 04:27:22,OFC,NEW DELHI VAC,25 Jan 2027,1
2026-07-11 04:29:25,OFC,CHENNAI VAC,18 Mar 2027,1
2026-07-11 04:29:25,OFC,MUMBAI VAC,04 Feb 2027,16
2026-07-11 04:29:25,OFC,NEW DELHI VAC,25 Jan 2027,1
2026-07-11 04:30:05,OFC,MUMBAI VAC,11 Feb 2027,2
2026-07-11 04:30:05,OFC,NEW DELHI VAC,25 Jan 2027,1
2026-07-11 04:30:18,OFC,MUMBAI VAC,11 Feb 2027,2
2026-07-11 04:30:18,OFC,NEW DELHI VAC,25 Jan 2027,1
2026-07-11 04:30:31,OFC,MUMBAI VAC,11 Feb 2027,2
2026-07-11 04:30:31,OFC,NEW DELHI VAC,25 Jan 2027,1
2026-07-11 04:31:27,Consular,CHENNAI,03 Sep 2026,1
2026-07-11 04:31:27,OFC,MUMBAI VAC,01 Feb 2027,17
2026-07-11 04:31:27,OFC,NEW DELHI VAC,25 Jan 2027,1
2026-07-11 04:33:00,OFC,CHENNAI VAC,11 Aug 2026,6
2026-07-11 04:33:00,OFC,MUMBAI VAC,01 Feb 2027,17
2026-07-11 04:33:00,OFC,NEW DELHI VAC,14 Jan 2027,20
2026-07-11 04:33:35,OFC,CHENNAI VAC,11 Aug 2026,6
2026-07-11 04:33:35,OFC,MUMBAI VAC,01 Feb 2027,17
2026-07-11 04:33:35,OFC,NEW DELHI VAC,14 Jan 2027,20
2026-07-11 04:34:06,OFC,HYDERABAD VAC,07 Aug 2026,2
2026-07-11 04:34:06,OFC,MUMBAI VAC,01 Feb 2027,17
2026-07-11 04:34:06,OFC,NEW DELHI VAC,14 Jan 2027,20
2026-07-11 04:34:36,OFC,CHENNAI VAC,11 Aug 2026,6
2026-07-11 04:34:36,OFC,MUMBAI VAC,01 Feb 2027,17
2026-07-11 04:34:52,OFC,CHENNAI VAC,11 Aug 2026,6
2026-07-11 04:34:52,OFC,MUMBAI VAC,01 Feb 2027,17
2026-07-11 04:35:09,OFC,MUMBAI VAC,01 Feb 2027,17
2026-07-11 04:35:21,OFC,MUMBAI VAC,01 Feb 2027,17
2026-07-11 04:35:34,OFC,MUMBAI VAC,01 Feb 2027,17
2026-07-11 04:35:47,OFC,MUMBAI VAC,12 Feb 2027,1
2026-07-11 04:36:01,OFC,MUMBAI VAC,12 Feb 2027,1
2026-07-11 04:36:15,OFC,MUMBAI VAC,12 Feb 2027,1
2026-07-11 04:36:27,OFC,MUMBAI VAC,12 Feb 2027,1
2026-07-11 04:36:39,OFC,MUMBAI VAC,11 Feb 2027,15
2026-07-11 04:36:51,OFC,MUMBAI VAC,11 Feb 2027,15
2026-07-11 04:37:02,OFC,MUMBAI VAC,11 Feb 2027,15
2026-07-11 04:37:16,OFC,MUMBAI VAC,11 Feb 2027,15
2026-07-11 04:37:47,OFC,MUMBAI VAC,12 Feb 2027,14
2026-07-11 04:38:25,OFC,MUMBAI VAC,12 Feb 2027,14
2026-07-11 04:38:25,OFC,NEW DELHI VAC,11 Feb 2027,17
2026-07-11 05:03:22,OFC,MUMBAI VAC,11 Feb 2027,15
2026-07-11 05:03:22,OFC,NEW DELHI VAC,30 Sep 2026,22
2026-07-11 05:04:04,OFC,MUMBAI VAC,11 Feb 2027,15
2026-07-11 05:04:04,OFC,NEW DELHI VAC,08 Jan 2027,21
2026-07-11 05:04:16,OFC,MUMBAI VAC,11 Feb 2027,15
2026-07-11 05:04:16,OFC,NEW DELHI VAC,08 Jan 2027,21
2026-07-11 05:05:26,OFC,MUMBAI VAC,11 Feb 2027,15
2026-07-11 05:05:26,OFC,NEW DELHI VAC,08 Jan 2027,21
2026-07-11 05:06:09,OFC,MUMBAI VAC,11 Feb 2027,15
2026-07-11 05:06:09,OFC,NEW DELHI VAC,08 Jan 2027,21
2026-07-11 05:06:24,OFC,NEW DELHI VAC,08 Jan 2027,21
2026-07-11 05:06:52,OFC,NEW DELHI VAC,08 Jan 2027,21
2026-07-11 05:07:04,OFC,NEW DELHI VAC,08 Jan 2027,21
2026-07-11 05:07:18,OFC,NEW DELHI VAC,08 Jan 2027,21
2026-07-11 05:07:31,OFC,NEW DELHI VAC,08 Jan 2027,21
2026-07-11 05:08:26,Consular,CHENNAI,08 Oct 2026,1
2026-07-11 05:08:26,OFC,MUMBAI VAC,11 Feb 2027,15
2026-07-11 05:09:56,Consular,KOLKATA,31 Dec 2026,1
2026-07-11 05:09:56,Consular,NEW DELHI,22 Oct 2026,4
2026-07-11 05:10:09,Consular,HYDERABAD,08 Oct 2026,1
2026-07-11 05:10:09,Consular,KOLKATA,31 Dec 2026,1
2026-07-11 05:10:09,Consular,MUMBAI,30 Oct 2026,1
2026-07-11 05:10:09,Consular,NEW DELHI,22 Oct 2026,4
2026-07-11 05:19:22,OFC,NEW DELHI VAC,03 Mar 2027,15
2026-07-11 05:20:30,OFC,MUMBAI VAC,12 Feb 2027,14
2026-07-11 05:21:08,OFC,MUMBAI VAC,12 Feb 2027,14
2026-07-11 05:21:08,OFC,NEW DELHI VAC,03 Mar 2027,15
2026-07-11 07:06:50,OFC,MUMBAI VAC,22 Feb 2027,3
2026-07-11 07:06:50,OFC,NEW DELHI VAC,25 Feb 2027,18
2026-07-11 07:07:01,OFC,MUMBAI VAC,22 Feb 2027,3
2026-07-11 07:07:01,OFC,NEW DELHI VAC,25 Feb 2027,18
2026-07-11 07:07:14,OFC,MUMBAI VAC,22 Feb 2027,3
2026-07-11 07:07:14,OFC,NEW DELHI VAC,25 Feb 2027,18
2026-07-11 07:08:20,OFC,MUMBAI VAC,22 Feb 2027,3
2026-07-11 07:08:20,OFC,NEW DELHI VAC,26 Feb 2027,17
2026-07-11 07:09:30,OFC,MUMBAI VAC,15 Mar 2027,10
2026-07-11 07:09:30,OFC,NEW DELHI VAC,26 Feb 2027,17
2026-07-11 07:10:26,OFC,MUMBAI VAC,15 Mar 2027,10
2026-07-11 21:47:44,Consular,MUMBAI,17 Jul 2026,5
2026-07-11 21:48:00,Consular,MUMBAI,17 Jul 2026,5
2026-07-11 21:48:12,Consular,MUMBAI,17 Jul 2026,5
2026-07-11 21:48:23,Consular,MUMBAI,17 Jul 2026,5
2026-07-11 21:48:36,Consular,MUMBAI,17 Jul 2026,5
2026-07-11 21:48:52,Consular,MUMBAI,17 Jul 2026,5
2026-07-11 21:49:04,Consular,MUMBAI,17 Jul 2026,5
2026-07-11 21:49:18,Consular,MUMBAI,17 Jul 2026,5
2026-07-11 21:49:32,Consular,MUMBAI,17 Jul 2026,5
2026-07-11 21:49:44,Consular,MUMBAI,17 Jul 2026,5
2026-07-11 21:49:59,Consular,MUMBAI,17 Jul 2026,5
2026-07-11 21:50:11,Consular,MUMBAI,17 Jul 2026,5
2026-07-11 21:50:25,Consular,MUMBAI,17 Jul 2026,5
2026-07-11 21:50:38,Consular,MUMBAI,17 Jul 2026,5
2026-07-11 21:50:51,Consular,MUMBAI,17 Jul 2026,5
2026-07-11 21:51:05,Consular,MUMBAI,17 Jul 2026,5
2026-07-11 21:51:22,OFC,KOLKATA VAC,13 Jul 2026,35
2026-07-11 21:51:22,Consular,MUMBAI,17 Jul 2026,5
2026-07-11 21:51:22,OFC,MUMBAI VAC,13 Jul 2026,32
2026-07-11 21:51:40,Consular,MUMBAI,17 Jul 2026,5
2026-07-11 21:51:53,Consular,MUMBAI,17 Jul 2026,5
2026-07-11 21:52:06,Consular,MUMBAI,17 Jul 2026,5
2026-07-11 21:52:20,Consular,MUMBAI,17 Jul 2026,5
2026-07-11 21:52:32,Consular,MUMBAI,17 Jul 2026,5
2026-07-11 21:52:45,Consular,MUMBAI,17 Jul 2026,5
2026-07-11 21:52:59,Consular,MUMBAI,17 Jul 2026,5
2026-07-11 21:53:26,Consular,MUMBAI,17 Jul 2026,5
2026-07-11 21:55:11,Consular,MUMBAI,17 Jul 2026,5
2026-07-11 21:55:38,Consular,MUMBAI,17 Jul 2026,5
2026-07-11 21:56:05,Consular,MUMBAI,17 Jul 2026,5
2026-07-11 21:56:05,OFC,MUMBAI VAC,11 Feb 2027,6
2026-07-11 21:56:05,OFC,NEW DELHI VAC,12 Feb 2027,4
2026-07-11 21:56:20,OFC,HYDERABAD VAC,07 Aug 2026,1
2026-07-11 21:56:20,OFC,KOLKATA VAC,05 Nov 2026,1
2026-07-11 21:56:20,Consular,MUMBAI,17 Jul 2026,5
2026-07-11 21:58:03,OFC,MUMBAI VAC,11 Feb 2027,6
2026-07-11 21:58:03,OFC,NEW DELHI VAC,05 Feb 2027,7
2026-07-11 21:58:19,OFC,MUMBAI VAC,11 Feb 2027,6
2026-07-11 21:58:19,OFC,NEW DELHI VAC,05 Feb 2027,7
2026-07-11 21:58:33,OFC,MUMBAI VAC,11 Feb 2027,6
2026-07-11 21:58:33,OFC,NEW DELHI VAC,09 Feb 2027,1
2026-07-11 21:58:49,OFC,NEW DELHI VAC,05 Feb 2027,2
2026-07-11 21:59:02,OFC,NEW DELHI VAC,05 Feb 2027,2
2026-07-11 21:59:14,OFC,MUMBAI VAC,13 Jul 2026,32
2026-07-11 21:59:14,OFC,NEW DELHI VAC,05 Feb 2027,2
2026-07-11 22:00:17,OFC,MUMBAI VAC,15 Jul 2026,1
2026-07-11 22:00:17,OFC,NEW DELHI VAC,31 Jul 2026,3
2026-07-11 22:00:38,OFC,MUMBAI VAC,13 Jul 2026,32
2026-07-11 22:00:38,OFC,NEW DELHI VAC,08 Dec 2026,2
2026-07-11 22:00:51,OFC,NEW DELHI VAC,14 Jan 2027,1
2026-07-11 22:01:05,OFC,NEW DELHI VAC,14 Jan 2027,1
2026-07-11 23:13:17,Consular,KOLKATA,31 Jul 2026,2
2026-07-11 23:13:17,Consular,MUMBAI,30 Jul 2026,4
2026-07-11 23:13:28,Consular,CHENNAI,30 Jul 2026,3
2026-07-11 23:13:28,Consular,KOLKATA,31 Jul 2026,2
2026-07-11 23:13:28,Consular,MUMBAI,30 Jul 2026,4
2026-07-11 23:13:40,Consular,CHENNAI,30 Jul 2026,3
2026-07-11 23:13:40,Consular,KOLKATA,31 Jul 2026,2
2026-07-11 23:13:40,Consular,MUMBAI,30 Jul 2026,4
2026-07-11 23:13:51,Consular,CHENNAI,30 Jul 2026,3
2026-07-11 23:13:51,Consular,KOLKATA,31 Jul 2026,2
2026-07-11 23:13:51,Consular,MUMBAI,30 Jul 2026,4
2026-07-11 23:14:03,Consular,CHENNAI,30 Jul 2026,3
2026-07-11 23:14:03,Consular,KOLKATA,31 Jul 2026,2
2026-07-11 23:14:03,Consular,MUMBAI,30 Jul 2026,4
2026-07-11 23:14:15,Consular,CHENNAI,30 Jul 2026,3
2026-07-11 23:14:15,Consular,KOLKATA,31 Jul 2026,2
2026-07-11 23:14:15,Consular,MUMBAI,30 Jul 2026,4
2026-07-11 23:14:28,Consular,CHENNAI,30 Jul 2026,3
2026-07-11 23:14:28,Consular,KOLKATA,31 Jul 2026,2
2026-07-11 23:14:28,Consular,MUMBAI,30 Jul 2026,4
2026-07-11 23:14:40,Consular,CHENNAI,30 Jul 2026,3
2026-07-11 23:14:40,Consular,KOLKATA,31 Jul 2026,2
2026-07-11 23:14:40,Consular,MUMBAI,30 Jul 2026,4
2026-07-11 23:14:53,Consular,CHENNAI,30 Jul 2026,3
2026-07-11 23:14:53,Consular,KOLKATA,31 Jul 2026,2
2026-07-11 23:14:53,Consular,MUMBAI,30 Jul 2026,4
2026-07-11 23:15:06,Consular,CHENNAI,30 Jul 2026,3
2026-07-11 23:15:06,Consular,KOLKATA,31 Jul 2026,2
2026-07-11 23:15:06,Consular,MUMBAI,30 Jul 2026,4
2026-07-11 23:15:20,Consular,CHENNAI,30 Jul 2026,3
2026-07-11 23:15:20,Consular,KOLKATA,31 Jul 2026,2
2026-07-11 23:15:20,Consular,MUMBAI,30 Jul 2026,4
2026-07-11 23:15:35,Consular,CHENNAI,30 Jul 2026,3
2026-07-11 23:15:35,Consular,KOLKATA,31 Jul 2026,2
2026-07-11 23:15:35,Consular,MUMBAI,30 Jul 2026,4
2026-07-11 23:15:46,Consular,CHENNAI,30 Jul 2026,3
2026-07-11 23:15:46,Consular,KOLKATA,31 Jul 2026,2
2026-07-11 23:15:46,Consular,MUMBAI,30 Jul 2026,4
2026-07-11 23:16:01,Consular,CHENNAI,30 Jul 2026,3
2026-07-11 23:16:01,Consular,KOLKATA,31 Jul 2026,2
2026-07-11 23:16:01,Consular,MUMBAI,30 Jul 2026,4
2026-07-11 23:16:13,Consular,CHENNAI,30 Jul 2026,3
2026-07-11 23:16:13,Consular,KOLKATA,31 Jul 2026,2
2026-07-11 23:16:13,Consular,MUMBAI,30 Jul 2026,4
2026-07-11 23:16:27,Consular,CHENNAI,30 Jul 2026,3
2026-07-11 23:16:27,Consular,KOLKATA,31 Jul 2026,2
2026-07-11 23:16:27,Consular,MUMBAI,30 Jul 2026,4
2026-07-11 23:19:10,Consular,CHENNAI,30 Jul 2026,3
2026-07-11 23:19:10,Consular,KOLKATA,31 Jul 2026,2
2026-07-11 23:19:10,Consular,MUMBAI,30 Jul 2026,4
2026-07-11 23:19:23,Consular,CHENNAI,30 Jul 2026,3
2026-07-11 23:19:23,Consular,KOLKATA,31 Jul 2026,2
2026-07-11 23:19:23,Consular,MUMBAI,30 Jul 2026,4
2026-07-11 23:19:37,Consular,CHENNAI,30 Jul 2026,3
2026-07-11 23:19:37,Consular,KOLKATA,31 Jul 2026,2
2026-07-11 23:19:37,Consular,MUMBAI,30 Jul 2026,4
2026-07-11 23:19:50,Consular,CHENNAI,30 Jul 2026,3
2026-07-11 23:19:50,Consular,KOLKATA,31 Jul 2026,2
2026-07-11 23:19:50,Consular,MUMBAI,30 Jul 2026,4
2026-07-11 23:20:04,Consular,CHENNAI,30 Jul 2026,3
2026-07-11 23:20:04,Consular,KOLKATA,31 Jul 2026,2
2026-07-11 23:20:04,Consular,MUMBAI,30 Jul 2026,4
2026-07-11 23:20:20,Consular,CHENNAI,30 Jul 2026,3
2026-07-11 23:20:20,Consular,KOLKATA,31 Jul 2026,2
2026-07-11 23:20:20,Consular,MUMBAI,30 Jul 2026,4
2026-07-11 23:20:32,Consular,CHENNAI,30 Jul 2026,3
2026-07-11 23:20:32,Consular,KOLKATA,31 Jul 2026,2
2026-07-11 23:20:32,Consular,MUMBAI,30 Jul 2026,4
2026-07-11 23:20:44,Consular,CHENNAI,30 Jul 2026,3
2026-07-11 23:20:44,Consular,HYDERABAD,30 Jul 2026,4
2026-07-11 23:20:44,Consular,KOLKATA,31 Jul 2026,2
2026-07-11 23:20:44,Consular,MUMBAI,30 Jul 2026,4
2026-07-11 23:20:56,Consular,CHENNAI,30 Jul 2026,3
2026-07-11 23:20:56,Consular,HYDERABAD,30 Jul 2026,4
2026-07-11 23:20:56,Consular,KOLKATA,31 Jul 2026,2
2026-07-11 23:20:56,Consular,MUMBAI,30 Jul 2026,4
2026-07-11 23:21:10,Consular,CHENNAI,30 Jul 2026,3
2026-07-11 23:21:10,Consular,HYDERABAD,30 Jul 2026,4
2026-07-11 23:21:10,Consular,KOLKATA,31 Jul 2026,2
2026-07-11 23:21:10,Consular,MUMBAI,30 Jul 2026,4
2026-07-11 23:21:31,Consular,CHENNAI,30 Jul 2026,3
2026-07-11 23:21:31,Consular,HYDERABAD,30 Jul 2026,4
2026-07-11 23:21:31,Consular,KOLKATA,31 Jul 2026,2
2026-07-11 23:21:31,Consular,MUMBAI,30 Jul 2026,4
2026-07-11 23:21:46,Consular,CHENNAI,30 Jul 2026,3
2026-07-11 23:21:46,Consular,HYDERABAD,30 Jul 2026,4
2026-07-11 23:21:46,Consular,KOLKATA,31 Jul 2026,2
2026-07-11 23:21:46,Consular,MUMBAI,30 Jul 2026,4
2026-07-11 23:21:59,Consular,CHENNAI,30 Jul 2026,3
2026-07-11 23:21:59,Consular,HYDERABAD,30 Jul 2026,4
2026-07-11 23:21:59,Consular,KOLKATA,31 Jul 2026,2
2026-07-11 23:21:59,Consular,MUMBAI,30 Jul 2026,4
2026-07-11 23:22:11,Consular,CHENNAI,30 Jul 2026,3
2026-07-11 23:22:11,Consular,HYDERABAD,30 Jul 2026,4
2026-07-11 23:22:11,Consular,KOLKATA,31 Jul 2026,2
2026-07-11 23:22:11,Consular,MUMBAI,30 Jul 2026,4
2026-07-11 23:22:25,Consular,CHENNAI,30 Jul 2026,3
2026-07-11 23:22:25,Consular,HYDERABAD,30 Jul 2026,4
2026-07-11 23:22:25,Consular,KOLKATA,31 Jul 2026,2
2026-07-11 23:22:25,Consular,MUMBAI,30 Jul 2026,4
2026-07-11 23:22:38,Consular,CHENNAI,30 Jul 2026,3
2026-07-11 23:22:38,Consular,HYDERABAD,30 Jul 2026,4
2026-07-11 23:22:38,Consular,KOLKATA,31 Jul 2026,2
2026-07-11 23:22:38,Consular,MUMBAI,30 Jul 2026,4
2026-07-11 23:22:53,Consular,CHENNAI,30 Jul 2026,3
2026-07-11 23:22:53,Consular,HYDERABAD,30 Jul 2026,4
2026-07-11 23:22:53,Consular,KOLKATA,31 Jul 2026,2
2026-07-11 23:22:53,Consular,MUMBAI,30 Jul 2026,4
2026-07-11 23:23:06,Consular,CHENNAI,30 Jul 2026,3
2026-07-11 23:23:06,Consular,HYDERABAD,30 Jul 2026,4
2026-07-11 23:23:06,Consular,KOLKATA,31 Jul 2026,2
2026-07-11 23:23:06,Consular,MUMBAI,30 Jul 2026,4
2026-07-11 23:23:16,Consular,CHENNAI,30 Jul 2026,3
2026-07-11 23:23:16,Consular,HYDERABAD,30 Jul 2026,4
2026-07-11 23:23:16,Consular,KOLKATA,31 Jul 2026,2
2026-07-11 23:23:16,Consular,MUMBAI,30 Jul 2026,4
2026-07-11 23:23:31,Consular,CHENNAI,30 Jul 2026,3
2026-07-11 23:23:31,Consular,HYDERABAD,30 Jul 2026,4
2026-07-11 23:23:31,Consular,KOLKATA,31 Jul 2026,2
2026-07-11 23:23:31,Consular,MUMBAI,30 Jul 2026,4
2026-07-11 23:23:43,Consular,CHENNAI,30 Jul 2026,3
2026-07-11 23:23:43,Consular,HYDERABAD,30 Jul 2026,4
2026-07-11 23:23:43,Consular,KOLKATA,31 Jul 2026,2
2026-07-11 23:23:43,Consular,MUMBAI,30 Jul 2026,4
2026-07-11 23:23:56,Consular,CHENNAI,30 Jul 2026,3
2026-07-11 23:23:56,Consular,HYDERABAD,30 Jul 2026,4
2026-07-11 23:23:56,Consular,KOLKATA,31 Jul 2026,2
2026-07-11 23:23:56,Consular,MUMBAI,30 Jul 2026,4
2026-07-11 23:24:20,Consular,CHENNAI,30 Jul 2026,3
2026-07-11 23:24:20,Consular,HYDERABAD,30 Jul 2026,4
2026-07-11 23:24:20,Consular,KOLKATA,31 Jul 2026,2
2026-07-11 23:24:20,Consular,MUMBAI,30 Jul 2026,4
2026-07-12 00:26:08,OFC,CHENNAI VAC,05 Mar 2027,3
2026-07-12 00:26:19,OFC,CHENNAI VAC,08 Dec 2026,5
2026-07-12 00:26:19,OFC,MUMBAI VAC,23 Feb 2027,10
2026-07-12 00:26:19,OFC,NEW DELHI VAC,25 Feb 2027,15
2026-07-12 00:26:29,OFC,CHENNAI VAC,08 Dec 2026,5
2026-07-12 00:26:29,OFC,MUMBAI VAC,11 Feb 2027,12
2026-07-12 00:26:29,OFC,NEW DELHI VAC,14 Jan 2027,21
2026-07-12 00:26:45,OFC,CHENNAI VAC,16 Feb 2027,4
2026-07-12 00:26:45,OFC,MUMBAI VAC,11 Feb 2027,12
2026-07-12 00:26:45,OFC,NEW DELHI VAC,10 Feb 2027,1
2026-07-12 00:27:10,OFC,CHENNAI VAC,05 Mar 2027,3
2026-07-12 00:27:10,OFC,NEW DELHI VAC,14 Jan 2027,21
2026-07-12 00:31:18,OFC,MUMBAI VAC,15 Mar 2027,8
2026-07-12 00:32:28,OFC,MUMBAI VAC,15 Mar 2027,8
2026-07-12 00:32:28,OFC,NEW DELHI VAC,01 Mar 2027,14
2026-07-12 00:32:42,OFC,MUMBAI VAC,15 Mar 2027,8
2026-07-12 00:32:42,OFC,NEW DELHI VAC,01 Mar 2027,14
2026-07-12 00:32:54,OFC,MUMBAI VAC,15 Mar 2027,8
2026-07-12 00:32:54,OFC,NEW DELHI VAC,01 Mar 2027,14
2026-07-12 00:33:05,OFC,MUMBAI VAC,15 Mar 2027,8
2026-07-12 00:33:05,OFC,NEW DELHI VAC,01 Mar 2027,14
2026-07-12 00:56:48,OFC,HYDERABAD VAC,06 Nov 2026,12
2026-07-12 00:56:48,OFC,MUMBAI VAC,10 Feb 2027,7
2026-07-12 00:56:48,OFC,NEW DELHI VAC,19 Jan 2027,12
2026-07-12 00:56:59,OFC,KOLKATA VAC,05 Nov 2026,1
2026-07-12 00:56:59,OFC,MUMBAI VAC,10 Feb 2027,7
2026-07-12 00:56:59,OFC,NEW DELHI VAC,09 Feb 2027,1
2026-07-12 01:00:48,OFC,NEW DELHI VAC,03 Feb 2027,1
2026-07-12 18:27:32,OFC,NEW DELHI VAC,10 Feb 2027,1
2026-07-12 18:27:44,OFC,NEW DELHI VAC,10 Feb 2027,1
2026-07-12 18:28:01,OFC,NEW DELHI VAC,10 Feb 2027,1
2026-07-12 18:28:25,OFC,NEW DELHI VAC,10 Feb 2027,1
2026-07-12 18:58:27,OFC,MUMBAI VAC,05 Apr 2027,1
2026-07-12 18:59:05,OFC,MUMBAI VAC,05 Apr 2027,1
2026-07-12 18:59:20,OFC,MUMBAI VAC,05 Apr 2027,1
2026-07-12 18:59:33,OFC,MUMBAI VAC,05 Apr 2027,1
2026-07-12 19:00:14,OFC,NEW DELHI VAC,09 Feb 2027,1
2026-07-12 19:00:41,OFC,MUMBAI VAC,08 Feb 2027,1
2026-07-12 19:00:41,OFC,NEW DELHI VAC,09 Feb 2027,1
2026-07-12 19:00:57,OFC,NEW DELHI VAC,09 Feb 2027,1
2026-07-12 19:01:10,OFC,MUMBAI VAC,08 Feb 2027,1
2026-07-12 19:01:22,OFC,MUMBAI VAC,08 Feb 2027,1
2026-07-12 19:19:27,Consular,HYDERABAD,17 Jul 2026,4
2026-07-12 19:23:35,Consular,HYDERABAD,17 Jul 2026,4
2026-07-12 19:25:16,Consular,HYDERABAD,17 Jul 2026,4
2026-07-12 19:25:28,Consular,HYDERABAD,17 Jul 2026,4
2026-07-12 19:25:41,Consular,HYDERABAD,17 Jul 2026,4
2026-07-12 19:25:55,Consular,HYDERABAD,17 Jul 2026,4
2026-07-12 19:26:09,OFC,CHENNAI VAC,16 Feb 2027,1
2026-07-12 19:26:09,Consular,HYDERABAD,17 Jul 2026,4
2026-07-12 19:26:09,OFC,MUMBAI VAC,11 Feb 2027,6
2026-07-12 19:26:09,OFC,NEW DELHI VAC,12 Feb 2027,1
2026-07-12 19:26:37,Consular,HYDERABAD,17 Jul 2026,4
2026-07-12 19:26:37,OFC,NEW DELHI VAC,04 Feb 2027,3
2026-07-12 19:27:49,Consular,HYDERABAD,17 Jul 2026,4
2026-07-12 19:27:49,OFC,NEW DELHI VAC,09 Feb 2027,1
2026-07-12 19:28:05,Consular,HYDERABAD,17 Jul 2026,4
2026-07-12 19:28:05,OFC,MUMBAI VAC,12 Feb 2027,6
2026-07-12 19:28:05,OFC,NEW DELHI VAC,09 Feb 2027,2
2026-07-12 19:28:19,Consular,HYDERABAD,17 Jul 2026,4
2026-07-12 19:28:19,OFC,NEW DELHI VAC,09 Feb 2027,2
2026-07-12 19:28:31,Consular,HYDERABAD,17 Jul 2026,4
2026-07-12 19:28:31,OFC,NEW DELHI VAC,10 Feb 2027,1
2026-07-12 19:28:45,Consular,HYDERABAD,17 Jul 2026,4
2026-07-12 19:28:45,OFC,NEW DELHI VAC,10 Feb 2027,1
2026-07-12 19:29:01,Consular,HYDERABAD,17 Jul 2026,4
2026-07-12 19:29:01,OFC,NEW DELHI VAC,10 Feb 2027,1
2026-07-12 19:29:13,Consular,HYDERABAD,17 Jul 2026,4
2026-07-12 19:29:24,Consular,HYDERABAD,17 Jul 2026,4
2026-07-12 19:32:27,Consular,HYDERABAD,17 Jul 2026,4
2026-07-17 20:31:57,Consular,NEW DELHI,01 Dec 2026,1
2026-07-17 20:31:57,OFC,NEW DELHI VAC,12 Mar 2027,13
2026-07-17 20:32:18,OFC,CHENNAI VAC,13 Apr 2027,7
2026-07-17 20:32:18,Consular,NEW DELHI,01 Dec 2026,1
2026-07-17 20:32:18,OFC,NEW DELHI VAC,18 Mar 2027,12
2026-07-17 20:32:36,OFC,CHENNAI VAC,13 Apr 2027,7
2026-07-17 20:33:03,OFC,CHENNAI VAC,13 Apr 2027,7
2026-07-17 20:33:03,OFC,NEW DELHI VAC,07 Apr 2027,10
2026-07-17 20:33:25,OFC,CHENNAI VAC,13 Apr 2027,7
2026-07-17 20:33:25,OFC,NEW DELHI VAC,08 Apr 2027,9
2026-07-17 20:33:47,OFC,CHENNAI VAC,13 Apr 2027,7
2026-07-17 20:34:12,OFC,CHENNAI VAC,13 Apr 2027,7
2026-07-17 20:34:27,OFC,CHENNAI VAC,13 Apr 2027,7
2026-07-17 20:34:43,OFC,CHENNAI VAC,13 Apr 2027,7
2026-07-17 20:34:43,OFC,NEW DELHI VAC,08 Apr 2027,9
2026-07-17 20:34:58,OFC,CHENNAI VAC,13 Apr 2027,7
2026-07-17 20:34:58,OFC,NEW DELHI VAC,08 Apr 2027,9
2026-07-17 20:35:13,OFC,CHENNAI VAC,13 Apr 2027,7
2026-07-17 20:35:24,OFC,CHENNAI VAC,13 Apr 2027,7
2026-07-17 20:35:24,OFC,NEW DELHI VAC,08 Apr 2027,9
2026-07-17 20:35:36,OFC,NEW DELHI VAC,08 Apr 2027,9
2026-08-16 18:51:00,Consular,CHENNAI,23 Sep 2026,2
2026-08-16 18:51:00,Consular,HYDERABAD,25 Aug 2026,2
2026-08-16 18:51:25,Consular,CHENNAI,23 Sep 2026,2
2026-08-16 18:51:25,Consular,HYDERABAD,25 Aug 2026,2
2026-08-16 18:51:47,Consular,CHENNAI,23 Sep 2026,2
2026-08-16 18:51:47,Consular,HYDERABAD,25 Aug 2026,2
2026-08-16 18:57:16,Consular,CHENNAI,23 Sep 2026,2
2026-08-16 18:57:36,Consular,CHENNAI,23 Sep 2026,2
2026-08-16 18:58:00,Consular,CHENNAI,23 Sep 2026,2
2026-08-16 18:58:24,Consular,CHENNAI,23 Sep 2026,2
2026-08-16 18:58:49,Consular,CHENNAI,23 Sep 2026,2
2026-08-16 18:59:12,Consular,CHENNAI,23 Sep 2026,2
2026-08-16 18:59:34,Consular,CHENNAI,23 Sep 2026,2
2026-08-16 18:59:56,Consular,CHENNAI,23 Sep 2026,2
2026-08-16 19:00:20,Consular,CHENNAI,23 Sep 2026,2
2026-08-16 19:00:44,Consular,CHENNAI,23 Sep 2026,2
2026-08-16 19:01:07,Consular,CHENNAI,23 Sep 2026,2
2026-08-17 00:04:22,Consular,HYDERABAD,04 Sep 2026,3
2026-08-17 00:04:43,Consular,HYDERABAD,04 Sep 2026,3
2026-08-17 00:05:05,Consular,HYDERABAD,04 Sep 2026,3
2026-08-17 00:05:29,Consular,HYDERABAD,04 Sep 2026,3
2026-08-17 00:08:12,Consular,CHENNAI,22 Sep 2026,3
2026-08-17 00:08:12,Consular,HYDERABAD,10 Sep 2026,2
2026-08-17 00:08:33,Consular,CHENNAI,22 Sep 2026,3
2026-08-17 00:08:33,Consular,HYDERABAD,10 Sep 2026,2
2026-08-17 00:08:33,Consular,MUMBAI,26 Aug 2026,5
2026-08-17 00:08:58,Consular,CHENNAI,22 Sep 2026,3
2026-08-17 00:08:58,Consular,HYDERABAD,10 Sep 2026,2
2026-08-17 00:08:58,Consular,MUMBAI,26 Aug 2026,5
2026-08-17 00:09:20,Consular,CHENNAI,22 Sep 2026,3
2026-08-17 00:09:20,Consular,HYDERABAD,10 Sep 2026,2
2026-08-17 00:09:20,Consular,MUMBAI,26 Aug 2026,5
2026-08-17 00:09:41,Consular,MUMBAI,26 Aug 2026,5
2026-08-17 00:10:03,Consular,MUMBAI,26 Aug 2026,5
2026-08-17 00:10:27,Consular,MUMBAI,26 Aug 2026,5
2026-08-17 00:10:51,Consular,MUMBAI,26 Aug 2026,5
2026-08-17 00:11:14,Consular,MUMBAI,26 Aug 2026,5
2026-08-17 00:11:38,Consular,MUMBAI,26 Aug 2026,5
2026-08-17 00:11:38,Consular,NEW DELHI,19 May 2027,6
2026-08-17 00:11:59,Consular,MUMBAI,26 Aug 2026,5
2026-08-17 00:11:59,Consular,NEW DELHI,19 May 2027,6
2026-08-17 00:12:24,Consular,MUMBAI,26 Aug 2026,5
2026-08-17 00:12:24,Consular,NEW DELHI,19 May 2027,6
2026-08-17 00:12:50,Consular,MUMBAI,26 Aug 2026,5
2026-08-17 00:12:50,Consular,NEW DELHI,19 May 2027,6
2026-08-17 00:55:05,Consular,CHENNAI,22 Sep 2026,1
2026-08-17 00:55:05,Consular,KOLKATA,03 Sep 2026,1
2026-08-17 00:55:05,Consular,MUMBAI,28 Aug 2026,4
2026-08-17 00:55:05,Consular,NEW DELHI,31 Aug 2026,8
2026-08-17 01:00:25,Consular,MUMBAI,28 Aug 2026,4
2026-08-17 01:00:25,Consular,NEW DELHI,31 Aug 2026,8
2026-08-17 01:01:27,Consular,CHENNAI,22 Sep 2026,2
2026-08-17 01:01:27,Consular,MUMBAI,28 Aug 2026,4
2026-08-17 01:02:48,Consular,CHENNAI,22 Sep 2026,2
2026-08-17 01:04:15,Consular,CHENNAI,22 Sep 2026,2
2026-08-17 01:05:17,Consular,CHENNAI,22 Sep 2026,2
2026-08-17 01:05:17,Consular,MUMBAI,28 Aug 2026,4
2026-08-17 01:05:17,Consular,NEW DELHI,31 Aug 2026,8
2026-08-17 01:06:32,Consular,CHENNAI,22 Sep 2026,2
2026-08-17 01:06:32,Consular,MUMBAI,28 Aug 2026,4
2026-08-17 01:06:32,Consular,NEW DELHI,31 Aug 2026,8
2026-08-17 01:07:39,Consular,CHENNAI,22 Sep 2026,2
2026-08-17 01:07:39,Consular,MUMBAI,28 Aug 2026,4
2026-08-17 01:07:39,Consular,NEW DELHI,31 Aug 2026,8
2026-08-17 01:08:54,Consular,CHENNAI,22 Sep 2026,2
2026-08-17 01:08:54,Consular,MUMBAI,28 Aug 2026,4
2026-08-17 01:08:54,Consular,NEW DELHI,31 Aug 2026,8
2026-08-17 01:10:01,Consular,CHENNAI,23 Sep 2026,1
2026-08-17 01:10:01,Consular,HYDERABAD,10 Sep 2026,2
2026-08-17 01:10:01,Consular,MUMBAI,28 Aug 2026,4
2026-08-17 01:10:01,Consular,NEW DELHI,31 Aug 2026,8
2026-08-17 01:11:24,Consular,HYDERABAD,10 Sep 2026,2
2026-08-17 01:11:24,Consular,MUMBAI,28 Aug 2026,4
2026-08-17 01:11:24,Consular,NEW DELHI,31 Aug 2026,8
2026-08-17 01:12:45,Consular,HYDERABAD,10 Sep 2026,2
2026-08-17 01:12:45,Consular,MUMBAI,28 Aug 2026,4
2026-08-17 01:12:45,Consular,NEW DELHI,31 Aug 2026,8
2026-08-17 01:13:49,Consular,CHENNAI,23 Sep 2026,1
2026-08-17 01:13:49,Consular,HYDERABAD,10 Sep 2026,2
2026-08-17 01:13:49,Consular,MUMBAI,28 Aug 2026,4
2026-08-17 01:13:49,Consular,NEW DELHI,31 Aug 2026,8
2026-08-17 01:15:12,Consular,CHENNAI,23 Sep 2026,1
2026-08-17 01:15:12,Consular,HYDERABAD,10 Sep 2026,2
2026-08-17 01:15:12,Consular,MUMBAI,28 Aug 2026,4
2026-08-17 01:15:12,Consular,NEW DELHI,31 Aug 2026,8
2026-08-17 01:16:29,Consular,CHENNAI,23 Sep 2026,1
2026-08-17 01:16:29,Consular,HYDERABAD,10 Sep 2026,2
2026-08-17 01:16:29,Consular,MUMBAI,08 Sep 2026,3
2026-08-17 01:16:29,Consular,NEW DELHI,31 Aug 2026,8
2026-08-17 01:17:46,Consular,CHENNAI,23 Sep 2026,1
2026-08-17 01:17:46,Consular,HYDERABAD,10 Sep 2026,2
2026-08-17 01:17:46,Consular,MUMBAI,08 Sep 2026,3
2026-08-17 01:17:46,Consular,NEW DELHI,31 Aug 2026,8
2026-08-17 01:18:57,Consular,CHENNAI,23 Sep 2026,1
2026-08-17 01:18:57,Consular,HYDERABAD,10 Sep 2026,2
2026-08-17 01:18:57,Consular,MUMBAI,08 Sep 2026,3
2026-08-17 01:18:57,Consular,NEW DELHI,31 Aug 2026,8
2026-08-17 01:20:03,Consular,CHENNAI,23 Sep 2026,1
2026-08-17 01:20:03,Consular,HYDERABAD,10 Sep 2026,2
2026-08-17 01:20:03,Consular,MUMBAI,08 Sep 2026,3
2026-08-17 01:20:03,Consular,NEW DELHI,31 Aug 2026,8
2026-08-17 01:21:10,Consular,HYDERABAD,10 Sep 2026,2
2026-08-17 01:21:10,Consular,KOLKATA,03 Sep 2026,1
2026-08-17 01:26:00,Consular,HYDERABAD,10 Sep 2026,2
2026-08-17 01:26:00,Consular,KOLKATA,03 Sep 2026,1
2026-08-17 01:27:18,Consular,KOLKATA,03 Sep 2026,1
2026-08-17 01:28:44,Consular,CHENNAI,23 Sep 2026,1
2026-08-17 01:28:44,Consular,HYDERABAD,11 Sep 2026,1
2026-08-17 01:28:44,Consular,KOLKATA,03 Sep 2026,1
2026-08-17 01:30:18,Consular,CHENNAI,23 Sep 2026,1
2026-08-17 01:30:18,Consular,HYDERABAD,11 Sep 2026,1
2026-08-17 01:30:18,Consular,KOLKATA,03 Sep 2026,1
2026-08-17 01:31:23,Consular,CHENNAI,23 Sep 2026,1
2026-08-17 01:31:23,Consular,HYDERABAD,11 Sep 2026,1
2026-08-17 01:31:23,Consular,KOLKATA,03 Sep 2026,1
2026-08-17 01:32:33,Consular,CHENNAI,23 Sep 2026,1
2026-08-17 01:32:33,Consular,HYDERABAD,11 Sep 2026,1
2026-08-17 01:32:33,Consular,KOLKATA,03 Sep 2026,1
2026-08-17 01:33:57,Consular,KOLKATA,03 Sep 2026,1
2026-08-17 02:00:17,Consular,HYDERABAD,11 Sep 2026,1
2026-08-17 02:00:17,Consular,MUMBAI,08 Sep 2026,3
2026-08-17 02:00:17,Consular,NEW DELHI,31 Aug 2026,8
2026-08-17 02:01:30,Consular,HYDERABAD,11 Sep 2026,1
2026-08-17 02:01:30,Consular,MUMBAI,08 Sep 2026,3
2026-08-17 02:01:30,Consular,NEW DELHI,31 Aug 2026,8
2026-08-17 02:02:47,Consular,HYDERABAD,11 Sep 2026,1
2026-08-17 02:02:47,Consular,MUMBAI,08 Sep 2026,3
2026-08-17 02:02:47,Consular,NEW DELHI,31 Aug 2026,8
2026-08-17 02:04:04,Consular,HYDERABAD,11 Sep 2026,1
2026-08-17 02:04:04,Consular,MUMBAI,08 Sep 2026,3
2026-08-17 02:04:04,Consular,NEW DELHI,31 Aug 2026,8
2026-08-17 02:26:00,Consular,CHENNAI,23 Sep 2026,1
2026-08-17 02:26:00,Consular,HYDERABAD,28 Aug 2026,2
2026-08-17 02:26:00,Consular,KOLKATA,03 Sep 2026,1
2026-08-17 02:26:00,Consular,MUMBAI,08 Sep 2026,3
2026-08-17 02:26:00,Consular,NEW DELHI,31 Aug 2026,10
2026-08-17 02:27:17,Consular,CHENNAI,23 Sep 2026,1
2026-08-17 02:27:17,Consular,HYDERABAD,28 Aug 2026,2
2026-08-17 02:27:17,Consular,KOLKATA,03 Sep 2026,1
2026-08-17 02:27:17,Consular,MUMBAI,08 Sep 2026,3
2026-08-17 02:27:17,Consular,NEW DELHI,31 Aug 2026,10
2026-08-17 02:28:43,Consular,CHENNAI,23 Sep 2026,1
2026-08-17 02:28:43,Consular,HYDERABAD,28 Aug 2026,2
2026-08-17 02:28:43,Consular,KOLKATA,03 Sep 2026,1
2026-08-17 02:28:43,Consular,MUMBAI,08 Sep 2026,3
2026-08-17 02:28:43,Consular,NEW DELHI,31 Aug 2026,10
2026-08-17 02:29:46,Consular,CHENNAI,23 Sep 2026,1
2026-08-17 02:29:46,Consular,HYDERABAD,28 Aug 2026,2
2026-08-17 02:29:46,Consular,KOLKATA,03 Sep 2026,1
2026-08-17 02:29:46,Consular,MUMBAI,08 Sep 2026,3
2026-08-17 02:29:46,Consular,NEW DELHI,31 Aug 2026,10
2026-08-17 02:31:05,Consular,CHENNAI,23 Sep 2026,1
2026-08-17 02:31:05,Consular,HYDERABAD,28 Aug 2026,2
2026-08-17 02:31:05,Consular,KOLKATA,03 Sep 2026,1
2026-08-17 02:31:05,Consular,MUMBAI,08 Sep 2026,3
2026-08-17 02:31:05,Consular,NEW DELHI,31 Aug 2026,10
2026-08-17 02:32:22,Consular,CHENNAI,23 Sep 2026,1
2026-08-17 02:32:22,Consular,HYDERABAD,28 Aug 2026,2
2026-08-17 02:32:22,Consular,KOLKATA,03 Sep 2026,1
2026-08-17 02:32:22,Consular,MUMBAI,08 Sep 2026,3
2026-08-17 02:32:22,Consular,NEW DELHI,31 Aug 2026,10
2026-08-17 02:33:42,Consular,CHENNAI,23 Sep 2026,1
2026-08-17 02:33:42,Consular,HYDERABAD,28 Aug 2026,2
2026-08-17 02:33:42,Consular,KOLKATA,03 Sep 2026,1
2026-08-17 02:33:42,Consular,MUMBAI,08 Sep 2026,3
2026-08-17 02:33:42,Consular,NEW DELHI,31 Aug 2026,10
2026-08-17 02:34:56,Consular,CHENNAI,23 Sep 2026,1
2026-08-17 02:34:56,Consular,HYDERABAD,28 Aug 2026,2
2026-08-17 02:34:56,Consular,KOLKATA,03 Sep 2026,1
2026-08-17 02:34:56,Consular,MUMBAI,08 Sep 2026,3
2026-08-17 02:34:56,Consular,NEW DELHI,31 Aug 2026,10
2026-08-17 02:56:00,Consular,CHENNAI,23 Sep 2026,1
2026-08-17 02:56:00,Consular,HYDERABAD,28 Aug 2026,2
2026-08-17 02:56:00,Consular,KOLKATA,03 Sep 2026,1
2026-08-17 02:56:00,Consular,MUMBAI,08 Sep 2026,3
2026-08-17 02:56:00,Consular,NEW DELHI,31 Aug 2026,8
2026-08-17 02:57:22,Consular,CHENNAI,23 Sep 2026,1
2026-08-17 02:57:22,Consular,HYDERABAD,28 Aug 2026,2
2026-08-17 02:57:22,Consular,KOLKATA,03 Sep 2026,1
2026-08-17 02:57:22,Consular,MUMBAI,08 Sep 2026,3
2026-08-17 02:57:22,Consular,NEW DELHI,31 Aug 2026,8
2026-08-17 02:58:23,Consular,CHENNAI,23 Sep 2026,1
2026-08-17 02:58:23,Consular,HYDERABAD,28 Aug 2026,2
2026-08-17 02:58:23,Consular,KOLKATA,03 Sep 2026,1
2026-08-17 02:58:23,Consular,MUMBAI,08 Sep 2026,3
2026-08-17 02:58:23,Consular,NEW DELHI,31 Aug 2026,8
2026-08-17 02:59:42,Consular,CHENNAI,23 Sep 2026,1
2026-08-17 02:59:42,Consular,HYDERABAD,28 Aug 2026,2
2026-08-17 02:59:42,Consular,KOLKATA,03 Sep 2026,1
2026-08-17 02:59:42,Consular,MUMBAI,08 Sep 2026,3
2026-08-17 02:59:42,Consular,NEW DELHI,31 Aug 2026,8
2026-08-17 03:00:43,Consular,CHENNAI,23 Sep 2026,1
2026-08-17 03:00:43,Consular,HYDERABAD,28 Aug 2026,2
2026-08-17 03:00:43,Consular,KOLKATA,03 Sep 2026,1
2026-08-17 03:00:43,Consular,MUMBAI,08 Sep 2026,3
2026-08-17 03:00:43,Consular,NEW DELHI,31 Aug 2026,8
2026-08-17 03:02:11,Consular,CHENNAI,23 Sep 2026,1
2026-08-17 03:02:11,Consular,HYDERABAD,28 Aug 2026,2
2026-08-17 03:02:11,Consular,KOLKATA,03 Sep 2026,1
2026-08-17 03:02:11,Consular,MUMBAI,08 Sep 2026,3
2026-08-17 03:02:11,Consular,NEW DELHI,31 Aug 2026,8
2026-08-17 03:03:14,Consular,CHENNAI,23 Sep 2026,1
2026-08-17 03:03:14,Consular,HYDERABAD,28 Aug 2026,2
2026-08-17 03:03:14,Consular,KOLKATA,03 Sep 2026,1
2026-08-17 03:03:14,Consular,MUMBAI,08 Sep 2026,3
2026-08-17 03:03:14,Consular,NEW DELHI,31 Aug 2026,8
2026-08-17 03:04:28,Consular,CHENNAI,23 Sep 2026,1
2026-08-17 03:04:28,Consular,HYDERABAD,28 Aug 2026,2
2026-08-17 03:04:28,Consular,KOLKATA,03 Sep 2026,1
2026-08-17 03:04:28,Consular,MUMBAI,08 Sep 2026,3
2026-08-17 03:04:28,Consular,NEW DELHI,31 Aug 2026,8
2026-08-17 03:26:00,Consular,CHENNAI,23 Sep 2026,1
2026-08-17 03:26:00,Consular,HYDERABAD,11 Sep 2026,1
2026-08-17 03:26:00,Consular,KOLKATA,03 Sep 2026,1
2026-08-17 03:26:00,Consular,MUMBAI,08 Sep 2026,3
2026-08-17 03:26:00,Consular,NEW DELHI,31 Aug 2026,8
2026-08-17 03:27:10,Consular,CHENNAI,23 Sep 2026,1
2026-08-17 03:27:10,Consular,HYDERABAD,11 Sep 2026,1
2026-08-17 03:27:10,Consular,KOLKATA,03 Sep 2026,1
2026-08-17 03:27:10,Consular,MUMBAI,08 Sep 2026,3
2026-08-17 03:27:10,Consular,NEW DELHI,31 Aug 2026,8
2026-08-17 03:28:31,Consular,CHENNAI,23 Sep 2026,1
2026-08-17 03:28:31,Consular,HYDERABAD,11 Sep 2026,1
2026-08-17 03:28:31,Consular,KOLKATA,03 Sep 2026,1
2026-08-17 03:28:31,Consular,MUMBAI,08 Sep 2026,3
2026-08-17 03:28:31,Consular,NEW DELHI,31 Aug 2026,8
2026-08-17 03:29:35,Consular,CHENNAI,23 Sep 2026,1
2026-08-17 03:29:35,Consular,HYDERABAD,11 Sep 2026,1
2026-08-17 03:29:35,Consular,KOLKATA,03 Sep 2026,1
2026-08-17 03:29:35,Consular,MUMBAI,08 Sep 2026,3
2026-08-17 03:29:35,Consular,NEW DELHI,31 Aug 2026,8
2026-08-17 03:30:53,Consular,CHENNAI,23 Sep 2026,1
2026-08-17 03:30:53,Consular,HYDERABAD,11 Sep 2026,1
2026-08-17 03:30:53,Consular,KOLKATA,03 Sep 2026,1
2026-08-17 03:30:53,Consular,MUMBAI,08 Sep 2026,3
2026-08-17 03:30:53,Consular,NEW DELHI,31 Aug 2026,8
2026-08-17 03:32:13,Consular,CHENNAI,23 Sep 2026,1
2026-08-17 03:32:13,Consular,HYDERABAD,11 Sep 2026,1
2026-08-17 03:32:13,Consular,KOLKATA,03 Sep 2026,1
2026-08-17 03:32:13,Consular,MUMBAI,08 Sep 2026,3
2026-08-17 03:32:13,Consular,NEW DELHI,31 Aug 2026,8
2026-08-17 03:33:27,Consular,CHENNAI,23 Sep 2026,1
2026-08-17 03:33:27,Consular,HYDERABAD,11 Sep 2026,1
2026-08-17 03:33:27,Consular,KOLKATA,03 Sep 2026,1
2026-08-17 03:33:27,Consular,MUMBAI,08 Sep 2026,3
2026-08-17 03:33:27,Consular,NEW DELHI,31 Aug 2026,8
2026-08-17 03:34:54,Consular,CHENNAI,23 Sep 2026,1
2026-08-17 03:34:54,Consular,HYDERABAD,11 Sep 2026,1
2026-08-17 03:34:54,Consular,KOLKATA,03 Sep 2026,1
2026-08-17 03:34:54,Consular,MUMBAI,08 Sep 2026,3
2026-08-17 03:34:54,Consular,NEW DELHI,31 Aug 2026,8
2026-08-17 03:56:00,Consular,CHENNAI,23 Sep 2026,1
2026-08-17 03:56:00,Consular,HYDERABAD,11 Sep 2026,1
2026-08-17 03:56:00,OFC,HYDERABAD VAC,03 Nov 2026,1
2026-08-17 03:56:00,Consular,KOLKATA,03 Sep 2026,1
2026-08-17 03:56:00,Consular,MUMBAI,08 Sep 2026,3
2026-08-17 03:56:00,Consular,NEW DELHI,31 Aug 2026,8
2026-08-17 03:57:25,Consular,HYDERABAD,11 Sep 2026,1
2026-08-17 03:58:27,Consular,HYDERABAD,11 Sep 2026,1
2026-08-17 03:58:27,Consular,KOLKATA,03 Sep 2026,1
2026-08-17 03:58:27,Consular,NEW DELHI,31 Aug 2026,8
2026-08-17 03:59:50,Consular,HYDERABAD,11 Sep 2026,1
2026-08-17 03:59:50,Consular,KOLKATA,03 Sep 2026,1
2026-08-17 03:59:50,Consular,NEW DELHI,31 Aug 2026,8
2026-08-17 04:01:17,Consular,HYDERABAD,11 Sep 2026,1
2026-08-17 04:01:17,Consular,KOLKATA,03 Sep 2026,1
2026-08-17 04:01:17,Consular,NEW DELHI,31 Aug 2026,8
2026-08-17 04:26:00,Consular,KOLKATA,03 Sep 2026,1
2026-08-17 04:26:00,Consular,MUMBAI,09 Sep 2026,2
2026-08-17 04:26:00,Consular,NEW DELHI,31 Aug 2026,8
2026-08-17 04:27:15,Consular,KOLKATA,03 Sep 2026,1
2026-08-17 04:28:24,Consular,HYDERABAD,11 Sep 2026,1
2026-08-17 04:28:24,Consular,KOLKATA,03 Sep 2026,1
2026-08-17 04:28:24,Consular,MUMBAI,09 Sep 2026,2
2026-08-17 04:29:28,Consular,HYDERABAD,11 Sep 2026,1
2026-08-17 04:29:28,Consular,KOLKATA,03 Sep 2026,1
2026-08-17 04:29:28,Consular,MUMBAI,09 Sep 2026,2
2026-08-17 04:30:38,Consular,HYDERABAD,11 Sep 2026,1
2026-08-17 04:30:38,Consular,KOLKATA,03 Sep 2026,1
2026-08-17 04:30:38,Consular,MUMBAI,09 Sep 2026,2
2026-08-17 04:32:06,Consular,HYDERABAD,11 Sep 2026,1
2026-08-17 04:32:06,OFC,HYDERABAD VAC,14 Oct 2026,1
2026-08-17 04:32:06,Consular,KOLKATA,03 Sep 2026,1
2026-08-17 04:32:06,Consular,MUMBAI,09 Sep 2026,2
2026-08-17 04:33:20,Consular,KOLKATA,03 Sep 2026,1
2026-08-17 04:34:48,Consular,HYDERABAD,22 Oct 2026,1
2026-08-17 04:34:48,Consular,KOLKATA,03 Sep 2026,1
2026-08-17 04:56:00,Consular,MUMBAI,10 Sep 2026,1
2026-08-17 04:56:00,Consular,NEW DELHI,31 Aug 2026,6
2026-08-17 04:57:00,Consular,MUMBAI,10 Sep 2026,1
2026-08-17 04:57:00,Consular,NEW DELHI,31 Aug 2026,6
2026-08-17 04:58:01,Consular,MUMBAI,10 Sep 2026,1
2026-08-17 04:58:01,Consular,NEW DELHI,31 Aug 2026,6
2026-08-17 04:59:29,Consular,HYDERABAD,11 Sep 2026,1
2026-08-17 04:59:29,Consular,KOLKATA,03 Sep 2026,1
2026-08-17 04:59:29,Consular,MUMBAI,09 Sep 2026,2
2026-08-17 04:59:29,Consular,NEW DELHI,31 Aug 2026,6
2026-08-17 05:00:50,Consular,HYDERABAD,11 Sep 2026,1
2026-08-17 05:00:50,Consular,KOLKATA,03 Sep 2026,1
2026-08-17 05:00:50,Consular,MUMBAI,09 Sep 2026,2
2026-08-17 05:00:50,Consular,NEW DELHI,31 Aug 2026,6
2026-08-17 05:01:56,Consular,HYDERABAD,11 Sep 2026,1
2026-08-17 05:01:56,Consular,KOLKATA,03 Sep 2026,1
2026-08-17 05:01:56,Consular,MUMBAI,09 Sep 2026,2
2026-08-17 05:01:56,Consular,NEW DELHI,31 Aug 2026,6
2026-08-17 05:03:02,Consular,HYDERABAD,11 Sep 2026,1
2026-08-17 05:03:02,Consular,KOLKATA,03 Sep 2026,1
2026-08-17 05:03:02,Consular,MUMBAI,09 Sep 2026,2
2026-08-17 05:03:02,Consular,NEW DELHI,31 Aug 2026,6
2026-08-17 05:04:10,Consular,HYDERABAD,11 Sep 2026,1
2026-08-17 05:04:10,Consular,KOLKATA,03 Sep 2026,1
2026-08-17 05:04:10,Consular,MUMBAI,09 Sep 2026,2
2026-08-17 05:04:10,Consular,NEW DELHI,31 Aug 2026,6
2026-08-17 05:26:00,Consular,NEW DELHI,31 Aug 2026,5
2026-08-17 05:28:56,Consular,NEW DELHI,31 Aug 2026,5
2026-08-17 05:28:56,OFC,NEW DELHI VAC,23 Aug 2026,1
2026-08-17 05:30:19,Consular,NEW DELHI,31 Aug 2026,5
2026-08-17 05:31:31,OFC,KOLKATA VAC,18 Aug 2026,1
2026-08-17 05:31:31,Consular,NEW DELHI,31 Aug 2026,5
2026-08-17 05:32:41,Consular,HYDERABAD,11 Sep 2026,2
2026-08-17 05:32:41,Consular,NEW DELHI,31 Aug 2026,7
2026-08-17 05:33:50,Consular,HYDERABAD,11 Sep 2026,2
2026-08-17 05:33:50,Consular,NEW DELHI,31 Aug 2026,7
2026-08-17 05:56:00,OFC,HYDERABAD VAC,03 Nov 2026,1
2026-08-17 05:56:00,Consular,NEW DELHI,31 Aug 2026,5
2026-08-17 05:57:04,Consular,NEW DELHI,31 Aug 2026,5
2026-08-17 05:58:18,Consular,NEW DELHI,31 Aug 2026,5
2026-08-17 05:59:25,Consular,NEW DELHI,31 Aug 2026,5
2026-08-17 06:00:54,Consular,NEW DELHI,31 Aug 2026,5
2026-08-17 06:02:16,Consular,HYDERABAD,07 Oct 2026,1
2026-08-17 06:02:16,OFC,HYDERABAD VAC,14 Oct 2026,1
2026-08-17 06:02:16,Consular,NEW DELHI,27 Aug 2026,8
2026-08-17 06:03:19,Consular,HYDERABAD,07 Oct 2026,1
2026-08-17 06:03:19,Consular,NEW DELHI,27 Aug 2026,8
2026-08-17 06:04:40,Consular,HYDERABAD,07 Oct 2026,1
2026-08-17 06:04:40,Consular,NEW DELHI,27 Aug 2026,6
2026-08-17 06:26:00,Consular,NEW DELHI,27 Aug 2026,6
2026-08-17 06:27:15,Consular,NEW DELHI,27 Aug 2026,6
2026-08-17 06:28:16,Consular,NEW DELHI,27 Aug 2026,6
2026-08-17 06:29:34,Consular,NEW DELHI,27 Aug 2026,6
2026-08-17 06:30:39,Consular,NEW DELHI,27 Aug 2026,6
2026-08-17 06:32:05,Consular,NEW DELHI,27 Aug 2026,6
2026-08-17 06:33:07,Consular,NEW DELHI,27 Aug 2026,6
2026-08-17 06:34:34,Consular,NEW DELHI,27 Aug 2026,6
2026-08-17 06:56:00,OFC,HYDERABAD VAC,14 Oct 2026,4
2026-08-17 06:56:00,OFC,KOLKATA VAC,07 Jan 2027,15
2026-08-17 06:56:00,Consular,NEW DELHI,31 Aug 2026,5
2026-08-17 06:56:00,OFC,NEW DELHI VAC,26 Feb 2027,8
2026-08-17 06:57:28,Consular,HYDERABAD,08 Apr 2027,1
2026-08-17 06:57:28,OFC,KOLKATA VAC,09 Mar 2027,1
2026-08-17 06:58:48,Consular,HYDERABAD,6 May 2027,1
2026-08-17 07:01:09,OFC,NEW DELHI VAC,20 Apr 2027,1
2026-08-17 07:26:00,Consular,MUMBAI,31 Aug 2026,1
2026-08-17 07:34:26,Consular,HYDERABAD,04 Sep 2026,1
2026-08-17 07:34:26,Consular,NEW DELHI,31 Aug 2026,5
2026-08-19 05:31:57,OFC,NEW DELHI VAC,19 Oct 2026,2
2026-08-19 05:33:13,OFC,NEW DELHI VAC,19 Oct 2026,2
2026-08-19 05:34:38,OFC,NEW DELHI VAC,19 Oct 2026,2
2026-08-19 05:35:58,OFC,NEW DELHI VAC,19 Oct 2026,2
2026-08-19 06:00:11,OFC,NEW DELHI VAC,19 Oct 2026,2
